transaction_id,customer_id,product_id,site_id,occurred_at,quantity,amount,channel
TXN-000000001,CUST-00738,PROD-0061,SITE-013,2025-12-24T16:22:58Z,31,6556.81,field-sales
TXN-000000002,CUST-00044,PROD-0095,SITE-014,2024-09-03T23:34:18Z,14,1206.94,retail
TXN-000000003,CUST-00127,PROD-0084,SITE-005,2025-08-26T23:53:28Z,10,2673.1,online
TXN-000000004,CUST-00742,PROD-0019,SITE-005,2026-05-18T16:30:23Z,9,433.62,field-sales
TXN-000000005,CUST-00108,PROD-0019,SITE-015,2024-10-09T07:28:44Z,2,763.62,distributor
TXN-000000006,CUST-00312,PROD-0097,SITE-014,2025-04-13T17:40:45Z,20,6415.4,field-sales
TXN-000000007,CUST-00084,PROD-0010,SITE-008,2025-09-08T20:43:53Z,3,850.23,distributor
TXN-000000008,CUST-00251,PROD-0070,SITE-012,2025-12-20T02:30:15Z,3,324.33,field-sales
TXN-000000009,CUST-00146,PROD-0103,SITE-002,2024-04-09T18:55:48Z,30,3894.3,retail
TXN-000000010,CUST-00265,PROD-0053,SITE-010,2026-08-13T23:26:07Z,9,355.23,field-sales
TXN-000000011,CUST-00783,PROD-0003,SITE-008,2026-04-27T08:33:59Z,40,6659.6,retail
TXN-000000012,CUST-00321,PROD-0109,SITE-006,2026-08-20T04:12:34Z,33,9836.31,distributor
TXN-000000013,CUST-00028,PROD-0109,SITE-005,2025-05-05T08:03:06Z,8,1451.76,online
TXN-000000014,CUST-00091,PROD-0087,SITE-001,2026-03-02T13:22:10Z,25,8849,online
TXN-000000015,CUST-00670,PROD-0107,SITE-011,2025-08-31T00:32:12Z,7,632.31,distributor
TXN-000000016,CUST-00684,PROD-0003,SITE-003,2024-07-01T20:46:30Z,23,4910.5,field-sales
TXN-000000017,CUST-00069,PROD-0081,SITE-013,2024-11-15T04:59:31Z,30,8892.3,field-sales
TXN-000000018,CUST-00132,PROD-0095,SITE-007,2026-04-21T22:31:24Z,6,514.02,online
TXN-000000019,CUST-00423,PROD-0031,SITE-005,2026-04-28T08:43:55Z,13,3757.52,retail
TXN-000000020,CUST-00149,PROD-0115,SITE-006,2024-09-15T11:36:58Z,20,5302.8,retail
TXN-000000021,CUST-00134,PROD-0075,SITE-003,2024-04-28T17:59:55Z,34,6986.66,field-sales
TXN-000000022,CUST-00042,PROD-0034,SITE-007,2025-07-18T08:16:05Z,35,8636.6,retail
TXN-000000023,CUST-00535,PROD-0087,SITE-005,2025-10-03T15:14:41Z,16,3703.2,field-sales
TXN-000000024,CUST-00669,PROD-0070,SITE-014,2025-12-14T11:08:42Z,39,10430.94,retail
TXN-000000025,CUST-00434,PROD-0052,SITE-004,2025-11-12T10:39:56Z,8,638.24,online
TXN-000000026,CUST-00247,PROD-0058,SITE-012,2026-04-02T05:09:00Z,26,6048.64,distributor
TXN-000000027,CUST-00076,PROD-0077,SITE-005,2026-03-21T04:20:13Z,27,3037.77,field-sales
TXN-000000028,CUST-00362,PROD-0010,SITE-002,2025-03-10T06:20:35Z,37,7873.97,online
TXN-000000029,CUST-00047,PROD-0113,SITE-006,2025-09-14T08:54:35Z,14,4499.18,online
TXN-000000030,CUST-00158,PROD-0084,SITE-013,2024-06-10T18:24:29Z,35,4264.05,field-sales
TXN-000000031,CUST-00164,PROD-0025,SITE-005,2025-12-26T19:01:33Z,13,3704.48,online
TXN-000000032,CUST-00497,PROD-0113,SITE-013,2024-11-04T10:19:39Z,21,3179.61,online
TXN-000000033,CUST-00742,PROD-0063,SITE-009,2025-08-25T14:06:49Z,32,10747.84,online
TXN-000000034,CUST-00551,PROD-0065,SITE-004,2026-07-28T19:43:25Z,32,3708.16,retail
TXN-000000035,CUST-00406,PROD-0018,SITE-013,2025-10-05T18:12:47Z,25,1814.25,online
TXN-000000036,CUST-00239,PROD-0080,SITE-005,2025-11-04T02:02:43Z,32,10107.52,online
TXN-000000037,CUST-00156,PROD-0110,SITE-005,2025-12-19T18:24:47Z,1,57.65,field-sales
TXN-000000038,CUST-00630,PROD-0001,SITE-008,2024-10-31T14:29:05Z,23,4280.07,distributor
TXN-000000039,CUST-00751,PROD-0092,SITE-014,2025-04-25T16:17:36Z,20,7587.2,distributor
TXN-000000040,CUST-00234,PROD-0114,SITE-014,2026-07-28T18:08:07Z,7,1224.37,retail
TXN-000000041,CUST-00536,PROD-0076,SITE-013,2024-09-19T17:05:12Z,8,1899.84,distributor
TXN-000000042,CUST-00181,PROD-0096,SITE-014,2025-11-20T12:02:15Z,34,4738.24,field-sales
TXN-000000043,CUST-00498,PROD-0102,SITE-003,2026-08-11T03:13:50Z,11,2565.86,online
TXN-000000044,CUST-00456,PROD-0115,SITE-015,2026-03-21T20:11:58Z,21,2990.4,online
TXN-000000045,CUST-00542,PROD-0043,SITE-009,2026-07-19T17:06:04Z,34,10188.78,retail
TXN-000000046,CUST-00562,PROD-0115,SITE-011,2025-02-17T08:45:47Z,24,1806.48,online
TXN-000000047,CUST-00466,PROD-0056,SITE-011,2026-07-24T14:04:44Z,24,4027.44,online
TXN-000000048,CUST-00676,PROD-0113,SITE-004,2025-04-16T19:03:48Z,8,1072.64,distributor
TXN-000000049,CUST-00420,PROD-0119,SITE-010,2026-02-12T05:08:46Z,7,1297.73,online
TXN-000000050,CUST-00721,PROD-0098,SITE-005,2025-08-01T22:42:45Z,9,3508.02,retail
TXN-000000051,CUST-00398,PROD-0097,SITE-009,2025-11-03T09:05:42Z,26,2945.02,distributor
TXN-000000052,CUST-00684,PROD-0047,SITE-002,2025-03-21T23:28:59Z,18,3088.26,retail
TXN-000000053,CUST-00004,PROD-0016,SITE-015,2025-04-08T08:13:15Z,9,306.45,distributor
TXN-000000054,CUST-00116,PROD-0081,SITE-003,2025-01-26T09:58:08Z,15,1337.7,field-sales
TXN-000000055,CUST-00744,PROD-0096,SITE-012,2026-07-10T17:02:26Z,35,1053.85,distributor
TXN-000000056,CUST-00583,PROD-0087,SITE-015,2026-06-26T13:54:57Z,3,866.1,field-sales
TXN-000000057,CUST-00562,PROD-0052,SITE-015,2025-01-26T16:55:27Z,10,2850.4,distributor
TXN-000000058,CUST-00331,PROD-0115,SITE-006,2026-07-27T18:25:09Z,19,6545.12,distributor
TXN-000000059,CUST-00716,PROD-0099,SITE-009,2025-09-06T05:29:28Z,1,95.9,distributor
TXN-000000060,CUST-00794,PROD-0017,SITE-005,2025-07-04T10:20:20Z,23,1187.95,field-sales
TXN-000000061,CUST-00436,PROD-0056,SITE-012,2025-10-25T00:14:05Z,38,1273,online
TXN-000000062,CUST-00347,PROD-0021,SITE-003,2026-08-21T13:49:53Z,9,1178.73,online
TXN-000000063,CUST-00095,PROD-0082,SITE-001,2025-09-29T21:31:09Z,19,5118.79,distributor
TXN-000000064,CUST-00014,PROD-0061,SITE-001,2026-05-04T01:37:39Z,2,761.12,field-sales
TXN-000000065,CUST-00428,PROD-0062,SITE-003,2026-06-28T13:59:44Z,27,4327.83,field-sales
TXN-000000066,CUST-00101,PROD-0020,SITE-015,2025-01-19T09:08:56Z,19,4276.71,retail
TXN-000000067,CUST-00506,PROD-0006,SITE-010,2025-10-17T23:02:16Z,40,3876,distributor
TXN-000000068,CUST-00704,PROD-0088,SITE-009,2026-01-10T22:51:20Z,30,1920.9,online
TXN-000000069,CUST-00107,PROD-0102,SITE-010,2025-12-24T18:06:17Z,4,1149.92,distributor
TXN-000000070,CUST-00420,PROD-0080,SITE-015,2025-08-23T23:32:46Z,36,13022.28,distributor
TXN-000000071,CUST-00708,PROD-0082,SITE-012,2025-10-05T10:11:29Z,19,1398.21,retail
TXN-000000072,CUST-00296,PROD-0051,SITE-004,2025-12-02T21:58:51Z,15,385.95,retail
TXN-000000073,CUST-00265,PROD-0079,SITE-003,2025-11-11T04:22:04Z,27,1237.41,retail
TXN-000000074,CUST-00550,PROD-0111,SITE-002,2025-01-01T20:10:55Z,25,4805,online
TXN-000000075,CUST-00231,PROD-0049,SITE-008,2024-04-24T09:22:59Z,16,4495.04,online
TXN-000000076,CUST-00362,PROD-0062,SITE-003,2026-08-07T17:40:20Z,23,4702.81,retail
TXN-000000077,CUST-00136,PROD-0068,SITE-002,2025-05-15T13:48:46Z,27,4264.65,distributor
TXN-000000078,CUST-00170,PROD-0013,SITE-002,2026-03-14T23:52:34Z,30,4399.2,online
TXN-000000079,CUST-00455,PROD-0093,SITE-009,2025-12-03T06:35:14Z,23,7771.01,online
TXN-000000080,CUST-00542,PROD-0087,SITE-005,2024-12-18T02:41:36Z,28,8825.6,online
TXN-000000081,CUST-00539,PROD-0014,SITE-008,2024-04-03T08:56:31Z,22,7974.56,field-sales
TXN-000000082,CUST-00777,PROD-0009,SITE-001,2026-08-10T02:52:14Z,16,3575.68,online
TXN-000000083,CUST-00515,PROD-0094,SITE-008,2025-09-28T20:46:59Z,3,1095.99,online
TXN-000000084,CUST-00078,PROD-0088,SITE-002,2025-01-22T05:57:48Z,2,628.28,online
TXN-000000085,CUST-00061,PROD-0021,SITE-010,2025-04-24T18:08:09Z,7,1796.27,retail
TXN-000000086,CUST-00401,PROD-0065,SITE-004,2025-03-13T10:04:27Z,33,13192.08,online
TXN-000000087,CUST-00644,PROD-0022,SITE-011,2024-11-21T04:58:42Z,25,6546.75,retail
TXN-000000088,CUST-00106,PROD-0102,SITE-012,2026-03-21T15:26:43Z,6,453.72,field-sales
TXN-000000089,CUST-00502,PROD-0090,SITE-015,2025-03-02T05:58:30Z,37,10527.24,online
TXN-000000090,CUST-00659,PROD-0033,SITE-011,2026-06-05T23:56:25Z,2,778.18,retail
TXN-000000091,CUST-00407,PROD-0110,SITE-006,2026-04-03T21:51:39Z,13,3766.75,retail
TXN-000000092,CUST-00132,PROD-0046,SITE-005,2025-11-29T16:13:07Z,39,1248.78,retail
TXN-000000093,CUST-00188,PROD-0084,SITE-006,2026-04-02T04:39:15Z,36,2981.52,distributor
TXN-000000094,CUST-00796,PROD-0105,SITE-001,2024-06-02T12:15:19Z,27,1486.62,online
TXN-000000095,CUST-00075,PROD-0043,SITE-015,2025-01-05T19:35:13Z,21,4428.06,retail
TXN-000000096,CUST-00063,PROD-0049,SITE-009,2025-05-23T16:06:35Z,18,320.94,retail
TXN-000000097,CUST-00343,PROD-0043,SITE-010,2025-07-27T01:33:35Z,40,2590,retail
TXN-000000098,CUST-00105,PROD-0063,SITE-006,2026-08-17T23:57:54Z,4,905.36,retail
TXN-000000099,CUST-00374,PROD-0021,SITE-015,2026-02-24T22:50:56Z,15,2104.5,distributor
TXN-000000100,CUST-00577,PROD-0103,SITE-003,2024-07-13T09:57:36Z,15,4231.65,field-sales
TXN-000000101,CUST-00143,PROD-0088,SITE-005,2025-10-16T16:45:33Z,27,8322.21,field-sales
TXN-000000102,CUST-00457,PROD-0030,SITE-009,2026-01-18T08:29:16Z,1,310.5,retail
TXN-000000103,CUST-00183,PROD-0103,SITE-004,2026-06-03T23:25:15Z,25,1546.75,retail
TXN-000000104,CUST-00342,PROD-0084,SITE-010,2024-06-15T17:27:49Z,28,8529.92,online
TXN-000000105,CUST-00602,PROD-0031,SITE-014,2025-11-02T16:34:44Z,39,14665.56,retail
TXN-000000106,CUST-00195,PROD-0062,SITE-005,2024-12-16T15:49:24Z,20,6323.2,online
TXN-000000107,CUST-00054,PROD-0074,SITE-001,2026-06-14T22:31:12Z,23,6288.43,online
TXN-000000108,CUST-00090,PROD-0119,SITE-011,2026-08-08T18:29:27Z,38,14319.92,field-sales
TXN-000000109,CUST-00002,PROD-0116,SITE-010,2025-02-13T20:31:45Z,12,2295.36,online
TXN-000000110,CUST-00657,PROD-0042,SITE-002,2025-12-29T11:11:08Z,28,5012,retail
TXN-000000111,CUST-00307,PROD-0068,SITE-007,2024-12-30T07:02:44Z,14,647.22,retail
TXN-000000112,CUST-00572,PROD-0007,SITE-003,2025-01-22T10:54:07Z,9,3291.66,online
TXN-000000113,CUST-00138,PROD-0012,SITE-005,2026-08-03T00:22:04Z,29,6003.87,online
TXN-000000114,CUST-00655,PROD-0108,SITE-009,2026-08-09T12:23:27Z,18,6182.1,distributor
TXN-000000115,CUST-00001,PROD-0063,SITE-006,2025-07-03T23:11:47Z,21,3148.53,online
TXN-000000116,CUST-00274,PROD-0070,SITE-007,2026-01-17T14:09:58Z,33,6105.33,retail
TXN-000000117,CUST-00260,PROD-0111,SITE-011,2024-07-01T14:04:16Z,8,813.44,field-sales
TXN-000000118,CUST-00640,PROD-0036,SITE-001,2026-08-18T15:27:26Z,4,698.12,online
TXN-000000119,CUST-00665,PROD-0081,SITE-010,2026-02-15T18:11:11Z,14,766.64,online
TXN-000000120,CUST-00706,PROD-0071,SITE-013,2026-08-29T17:32:42Z,19,3965.68,online
TXN-000000121,CUST-00354,PROD-0084,SITE-004,2026-05-09T18:23:39Z,31,2717.77,field-sales
TXN-000000122,CUST-00733,PROD-0073,SITE-007,2026-04-27T11:03:32Z,1,17.16,field-sales
TXN-000000123,CUST-00537,PROD-0004,SITE-003,2026-01-02T20:26:25Z,24,3497.52,retail
TXN-000000124,CUST-00481,PROD-0096,SITE-003,2026-03-27T18:28:27Z,39,2631.72,retail
TXN-000000125,CUST-00573,PROD-0031,SITE-005,2026-08-29T19:54:44Z,33,1604.13,distributor
TXN-000000126,CUST-00705,PROD-0038,SITE-013,2024-09-13T02:18:43Z,21,1964.97,distributor
TXN-000000127,CUST-00384,PROD-0039,SITE-015,2025-08-20T07:51:48Z,18,2284.2,retail
TXN-000000128,CUST-00458,PROD-0013,SITE-003,2024-12-25T21:04:00Z,39,7135.44,retail
TXN-000000129,CUST-00580,PROD-0108,SITE-009,2026-01-22T11:17:10Z,13,2816.58,distributor
TXN-000000130,CUST-00592,PROD-0099,SITE-001,2026-05-28T16:32:16Z,33,878.79,retail
TXN-000000131,CUST-00714,PROD-0067,SITE-011,2026-04-06T12:58:34Z,19,433.77,online
TXN-000000132,CUST-00332,PROD-0100,SITE-002,2025-02-13T05:45:06Z,11,2397.45,online
TXN-000000133,CUST-00620,PROD-0034,SITE-005,2026-07-24T01:48:55Z,36,5575.32,field-sales
TXN-000000134,CUST-00011,PROD-0054,SITE-013,2024-09-28T18:11:08Z,32,5328,distributor
TXN-000000135,CUST-00064,PROD-0108,SITE-002,2025-11-11T13:46:15Z,10,2947.6,retail
TXN-000000136,CUST-00052,PROD-0118,SITE-012,2026-06-02T05:53:47Z,32,4014.08,field-sales
TXN-000000137,CUST-00580,PROD-0074,SITE-007,2026-05-29T13:18:33Z,37,11491.83,field-sales
TXN-000000138,CUST-00447,PROD-0117,SITE-007,2026-02-22T12:53:58Z,16,3423.68,retail
TXN-000000139,CUST-00666,PROD-0085,SITE-006,2026-05-27T03:15:57Z,12,191.76,retail
TXN-000000140,CUST-00046,PROD-0089,SITE-002,2025-02-08T22:30:16Z,2,219.1,retail
TXN-000000141,CUST-00623,PROD-0090,SITE-001,2026-02-22T09:39:32Z,39,9382.62,field-sales
TXN-000000142,CUST-00411,PROD-0005,SITE-007,2025-10-18T17:04:56Z,13,5003.96,distributor
TXN-000000143,CUST-00005,PROD-0024,SITE-009,2024-08-16T01:56:15Z,14,4106.2,distributor
TXN-000000144,CUST-00080,PROD-0107,SITE-010,2025-06-28T22:06:58Z,16,2949.6,distributor
TXN-000000145,CUST-00161,PROD-0048,SITE-005,2024-09-24T00:39:22Z,8,409.36,field-sales
TXN-000000146,CUST-00800,PROD-0040,SITE-010,2025-08-20T22:49:42Z,3,1014.93,field-sales
TXN-000000147,CUST-00493,PROD-0080,SITE-009,2025-10-04T14:26:21Z,18,1045.44,retail
TXN-000000148,CUST-00131,PROD-0001,SITE-012,2026-07-17T09:44:10Z,8,581.36,online
TXN-000000149,CUST-00271,PROD-0107,SITE-014,2025-02-28T08:08:59Z,33,11199.54,online
TXN-000000150,CUST-00595,PROD-0111,SITE-007,2026-02-08T04:47:44Z,5,1861.65,distributor
TXN-000000151,CUST-00319,PROD-0025,SITE-006,2024-05-10T04:43:17Z,38,14615.56,field-sales
TXN-000000152,CUST-00299,PROD-0097,SITE-006,2024-06-21T08:38:48Z,7,2080.89,distributor
TXN-000000153,CUST-00573,PROD-0100,SITE-003,2025-11-06T12:31:56Z,1,317.35,retail
TXN-000000154,CUST-00073,PROD-0074,SITE-002,2026-07-03T12:14:30Z,37,8718.68,online
TXN-000000155,CUST-00465,PROD-0031,SITE-015,2025-03-21T09:09:18Z,39,6316.44,online
TXN-000000156,CUST-00780,PROD-0012,SITE-009,2024-09-08T14:49:56Z,5,1161.45,distributor
TXN-000000157,CUST-00469,PROD-0087,SITE-015,2024-11-21T08:46:58Z,23,4777.33,distributor
TXN-000000158,CUST-00046,PROD-0053,SITE-001,2026-08-16T09:11:29Z,24,8941.68,distributor
TXN-000000159,CUST-00480,PROD-0017,SITE-005,2026-05-21T07:20:50Z,28,8826.44,online
TXN-000000160,CUST-00684,PROD-0041,SITE-008,2026-02-19T03:06:15Z,25,6392.25,field-sales
TXN-000000161,CUST-00502,PROD-0096,SITE-004,2024-07-04T16:45:32Z,25,2128.5,online
TXN-000000162,CUST-00693,PROD-0094,SITE-010,2025-08-09T22:14:29Z,37,4895.47,retail
TXN-000000163,CUST-00251,PROD-0053,SITE-011,2025-02-27T15:39:30Z,38,1759.78,distributor
TXN-000000164,CUST-00066,PROD-0007,SITE-004,2024-12-11T16:10:56Z,13,268.06,online
TXN-000000165,CUST-00565,PROD-0105,SITE-014,2026-05-26T04:34:21Z,15,2924.4,online
TXN-000000166,CUST-00119,PROD-0011,SITE-013,2025-08-01T08:17:35Z,34,12920,distributor
TXN-000000167,CUST-00497,PROD-0052,SITE-009,2026-04-04T12:22:44Z,7,2114,retail
TXN-000000168,CUST-00590,PROD-0114,SITE-008,2026-08-01T06:45:51Z,39,13111.41,online
TXN-000000169,CUST-00465,PROD-0064,SITE-005,2026-03-13T01:30:19Z,30,3486.3,online
TXN-000000170,CUST-00663,PROD-0036,SITE-011,2024-09-09T20:52:32Z,11,766.48,distributor
TXN-000000171,CUST-00357,PROD-0029,SITE-013,2025-02-17T20:23:24Z,23,7370.81,online
TXN-000000172,CUST-00393,PROD-0101,SITE-006,2024-07-03T20:43:44Z,40,5251.2,retail
TXN-000000173,CUST-00482,PROD-0002,SITE-003,2025-05-23T16:39:02Z,24,8383.2,distributor
TXN-000000174,CUST-00793,PROD-0018,SITE-004,2026-04-23T13:20:16Z,39,1542.06,online
TXN-000000175,CUST-00111,PROD-0080,SITE-011,2025-04-17T23:50:03Z,28,3353.56,distributor
TXN-000000176,CUST-00225,PROD-0004,SITE-006,2025-09-25T03:10:24Z,28,5336.52,field-sales
TXN-000000177,CUST-00578,PROD-0020,SITE-011,2025-05-12T17:38:19Z,8,1288.08,field-sales
TXN-000000178,CUST-00681,PROD-0063,SITE-013,2025-03-31T04:56:06Z,7,555.24,online
TXN-000000179,CUST-00475,PROD-0017,SITE-006,2025-08-25T01:36:03Z,8,2910.24,online
TXN-000000180,CUST-00354,PROD-0034,SITE-010,2026-05-15T20:35:48Z,37,1050.43,retail
TXN-000000181,CUST-00316,PROD-0108,SITE-005,2026-05-29T06:01:58Z,36,1517.76,distributor
TXN-000000182,CUST-00148,PROD-0093,SITE-013,2026-01-22T14:17:16Z,17,4850.95,retail
TXN-000000183,CUST-00535,PROD-0041,SITE-009,2025-12-02T13:59:23Z,18,6053.76,field-sales
TXN-000000184,CUST-00570,PROD-0029,SITE-002,2024-07-30T04:47:59Z,39,5285.28,retail
TXN-000000185,CUST-00487,PROD-0022,SITE-007,2026-01-15T02:52:31Z,19,710.03,online
TXN-000000186,CUST-00281,PROD-0004,SITE-005,2025-08-26T20:52:41Z,26,374.14,retail
TXN-000000187,CUST-00300,PROD-0120,SITE-011,2025-03-13T21:07:57Z,31,9114.31,retail
TXN-000000188,CUST-00196,PROD-0014,SITE-011,2025-06-09T23:04:31Z,18,4834.8,field-sales
TXN-000000189,CUST-00540,PROD-0013,SITE-005,2025-07-07T11:45:31Z,39,971.88,online
TXN-000000190,CUST-00727,PROD-0011,SITE-001,2026-07-02T02:48:38Z,20,5152.8,online
TXN-000000191,CUST-00724,PROD-0119,SITE-006,2026-03-23T04:54:29Z,9,100.8,retail
TXN-000000192,CUST-00495,PROD-0028,SITE-014,2026-06-02T05:26:26Z,6,1050.66,distributor
TXN-000000193,CUST-00289,PROD-0057,SITE-015,2024-09-18T20:40:51Z,33,5481.3,field-sales
TXN-000000194,CUST-00745,PROD-0055,SITE-005,2024-09-28T15:14:27Z,34,12271.28,retail
TXN-000000195,CUST-00389,PROD-0001,SITE-005,2024-12-28T00:49:13Z,33,2820.18,field-sales
TXN-000000196,CUST-00578,PROD-0042,SITE-014,2024-11-16T22:05:28Z,10,2686.8,retail
TXN-000000197,CUST-00613,PROD-0067,SITE-009,2025-12-06T22:37:27Z,3,272.94,online
TXN-000000198,CUST-00598,PROD-0096,SITE-003,2024-09-05T03:50:19Z,16,2205.92,distributor
TXN-000000199,CUST-00029,PROD-0016,SITE-006,2026-07-06T01:37:37Z,40,5432.8,retail
TXN-000000200,CUST-00256,PROD-0002,SITE-014,2025-04-30T04:53:18Z,12,1177.08,distributor
TXN-000000201,CUST-00034,PROD-0113,SITE-004,2024-08-05T12:55:27Z,35,7692.3,distributor
TXN-000000202,CUST-00075,PROD-0012,SITE-005,2026-03-12T20:55:29Z,3,467.31,online
TXN-000000203,CUST-00616,PROD-0115,SITE-014,2025-08-31T17:33:59Z,14,4590.04,field-sales
TXN-000000204,CUST-00640,PROD-0080,SITE-001,2025-03-02T12:36:06Z,30,5823.3,online
TXN-000000205,CUST-00574,PROD-0019,SITE-009,2026-02-21T15:37:16Z,6,334.26,distributor
TXN-000000206,CUST-00240,PROD-0029,SITE-001,2024-11-06T01:19:15Z,5,1144.3,retail
TXN-000000207,CUST-00740,PROD-0014,SITE-015,2025-09-20T16:18:30Z,8,1751.84,online
TXN-000000208,CUST-00479,PROD-0046,SITE-012,2025-06-20T23:52:50Z,32,371.2,distributor
TXN-000000209,CUST-00212,PROD-0120,SITE-004,2026-01-14T00:32:31Z,25,8751.25,retail
TXN-000000210,CUST-00009,PROD-0053,SITE-011,2024-06-05T19:45:33Z,27,9347.4,retail
TXN-000000211,CUST-00540,PROD-0092,SITE-009,2024-08-05T02:49:53Z,6,2176.5,retail
TXN-000000212,CUST-00572,PROD-0031,SITE-011,2025-06-29T00:12:09Z,25,5471.75,distributor
TXN-000000213,CUST-00069,PROD-0094,SITE-003,2025-05-14T09:47:58Z,24,1804.32,retail
TXN-000000214,CUST-00569,PROD-0039,SITE-008,2025-05-17T02:16:34Z,35,8855,online
TXN-000000215,CUST-00255,PROD-0107,SITE-004,2025-02-02T14:25:04Z,35,752.85,distributor
TXN-000000216,CUST-00324,PROD-0074,SITE-002,2025-12-14T13:21:29Z,35,10487.75,online
TXN-000000217,CUST-00572,PROD-0068,SITE-010,2024-11-07T03:15:27Z,24,309.36,distributor
TXN-000000218,CUST-00668,PROD-0098,SITE-004,2025-07-20T01:56:43Z,9,2527.11,retail
TXN-000000219,CUST-00058,PROD-0015,SITE-011,2025-10-13T17:23:45Z,36,7944.48,distributor
TXN-000000220,CUST-00161,PROD-0057,SITE-011,2024-09-04T12:00:05Z,36,10720.8,retail
TXN-000000221,CUST-00069,PROD-0074,SITE-011,2026-04-04T07:47:20Z,21,3946.53,field-sales
TXN-000000222,CUST-00715,PROD-0035,SITE-014,2024-07-14T00:23:43Z,2,445.3,field-sales
TXN-000000223,CUST-00323,PROD-0112,SITE-009,2025-09-28T01:18:37Z,18,3568.86,field-sales
TXN-000000224,CUST-00740,PROD-0080,SITE-007,2026-05-24T22:10:13Z,24,2914.32,online
TXN-000000225,CUST-00540,PROD-0085,SITE-013,2025-01-19T17:36:38Z,23,6130.19,distributor
TXN-000000226,CUST-00676,PROD-0110,SITE-007,2024-11-04T10:49:45Z,30,473.7,field-sales
TXN-000000227,CUST-00156,PROD-0097,SITE-010,2025-04-06T00:52:34Z,33,2401.41,distributor
TXN-000000228,CUST-00666,PROD-0022,SITE-009,2026-07-24T07:49:54Z,13,186.81,online
TXN-000000229,CUST-00344,PROD-0002,SITE-005,2026-07-10T21:45:46Z,33,12278.31,online
TXN-000000230,CUST-00729,PROD-0007,SITE-010,2025-02-22T23:53:39Z,1,395.18,retail
TXN-000000231,CUST-00730,PROD-0091,SITE-004,2025-09-04T20:29:33Z,32,10962.88,retail
TXN-000000232,CUST-00612,PROD-0032,SITE-010,2026-08-28T07:27:11Z,39,13663.65,online
TXN-000000233,CUST-00474,PROD-0110,SITE-001,2026-03-23T04:58:23Z,1,36.9,distributor
TXN-000000234,CUST-00282,PROD-0030,SITE-010,2026-05-27T07:55:38Z,3,131.79,field-sales
TXN-000000235,CUST-00424,PROD-0060,SITE-006,2025-11-20T05:20:21Z,31,8716.58,distributor
TXN-000000236,CUST-00110,PROD-0064,SITE-009,2026-07-18T00:07:36Z,33,3384.81,field-sales
TXN-000000237,CUST-00177,PROD-0026,SITE-015,2026-03-20T08:00:15Z,16,3843.52,distributor
TXN-000000238,CUST-00475,PROD-0057,SITE-010,2026-06-09T21:44:16Z,6,1465.92,distributor
TXN-000000239,CUST-00201,PROD-0025,SITE-001,2025-06-07T22:16:39Z,3,979.23,retail
TXN-000000240,CUST-00530,PROD-0015,SITE-013,2025-08-15T13:48:53Z,17,3967.46,online
TXN-000000241,CUST-00017,PROD-0115,SITE-001,2024-09-11T07:57:42Z,9,3526.83,distributor
TXN-000000242,CUST-00271,PROD-0049,SITE-005,2026-06-15T02:58:03Z,27,2334.15,retail
TXN-000000243,CUST-00433,PROD-0071,SITE-012,2026-03-06T11:45:48Z,34,12858.46,online
TXN-000000244,CUST-00626,PROD-0112,SITE-002,2025-06-09T12:44:39Z,2,614.34,field-sales
TXN-000000245,CUST-00729,PROD-0018,SITE-007,2026-06-15T01:42:48Z,7,1291.5,field-sales
TXN-000000246,CUST-00381,PROD-0066,SITE-007,2024-12-05T15:01:39Z,21,6712.23,field-sales
TXN-000000247,CUST-00415,PROD-0025,SITE-005,2025-07-20T19:25:48Z,20,7833.4,retail
TXN-000000248,CUST-00359,PROD-0056,SITE-002,2026-08-17T02:03:01Z,21,7332.78,field-sales
TXN-000000249,CUST-00382,PROD-0007,SITE-009,2026-06-20T23:32:41Z,10,3140.1,online
TXN-000000250,CUST-00197,PROD-0044,SITE-001,2024-11-05T13:15:29Z,2,679.06,retail
TXN-000000251,CUST-00499,PROD-0063,SITE-015,2024-10-18T17:16:28Z,14,4079.6,field-sales
TXN-000000252,CUST-00095,PROD-0107,SITE-005,2025-12-12T03:52:52Z,21,6940.08,online
TXN-000000253,CUST-00670,PROD-0064,SITE-002,2025-06-16T19:53:15Z,30,6276.6,field-sales
TXN-000000254,CUST-00540,PROD-0096,SITE-013,2024-08-20T12:49:51Z,23,2781.16,retail
TXN-000000255,CUST-00573,PROD-0097,SITE-014,2025-11-19T05:33:07Z,5,1888.8,distributor
TXN-000000256,CUST-00437,PROD-0056,SITE-013,2026-05-14T15:53:09Z,18,1829.16,retail
TXN-000000257,CUST-00447,PROD-0048,SITE-014,2024-11-20T10:07:22Z,32,8887.36,online
TXN-000000258,CUST-00431,PROD-0100,SITE-002,2026-01-11T09:31:41Z,28,4457.04,retail
TXN-000000259,CUST-00559,PROD-0023,SITE-001,2025-05-28T16:42:18Z,31,8330.01,retail
TXN-000000260,CUST-00782,PROD-0057,SITE-011,2025-01-18T13:55:23Z,21,3340.89,field-sales
TXN-000000261,CUST-00074,PROD-0012,SITE-008,2026-02-18T02:56:10Z,4,829.72,retail
TXN-000000262,CUST-00395,PROD-0065,SITE-001,2026-02-20T13:23:43Z,31,6540.07,online
TXN-000000263,CUST-00694,PROD-0086,SITE-012,2026-03-11T15:17:33Z,23,7190.03,distributor
TXN-000000264,CUST-00727,PROD-0086,SITE-003,2025-09-09T09:12:17Z,33,4200.57,retail
TXN-000000265,CUST-00069,PROD-0049,SITE-001,2026-01-24T21:24:25Z,5,688,distributor
TXN-000000266,CUST-00136,PROD-0054,SITE-001,2024-06-21T07:12:24Z,3,127.56,retail
TXN-000000267,CUST-00162,PROD-0047,SITE-002,2024-07-12T07:48:13Z,1,298.52,online
TXN-000000268,CUST-00512,PROD-0029,SITE-007,2026-07-09T12:21:27Z,20,4196,online
TXN-000000269,CUST-00022,PROD-0100,SITE-004,2025-11-10T07:53:27Z,26,5526.04,online
TXN-000000270,CUST-00170,PROD-0044,SITE-002,2026-02-28T14:25:59Z,24,820.56,retail
TXN-000000271,CUST-00638,PROD-0064,SITE-011,2025-02-04T23:06:05Z,38,6610.48,field-sales
TXN-000000272,CUST-00554,PROD-0079,SITE-013,2024-09-19T05:21:30Z,24,1077.84,online
TXN-000000273,CUST-00474,PROD-0112,SITE-011,2025-12-20T18:40:20Z,30,2216.4,distributor
TXN-000000274,CUST-00706,PROD-0041,SITE-015,2025-02-01T04:04:17Z,4,173.44,online
TXN-000000275,CUST-00387,PROD-0096,SITE-008,2026-07-01T00:40:43Z,19,1918.43,retail
TXN-000000276,CUST-00501,PROD-0120,SITE-009,2026-01-11T20:02:26Z,30,1746.3,distributor
TXN-000000277,CUST-00780,PROD-0079,SITE-003,2025-11-22T12:08:00Z,23,4363.1,field-sales
TXN-000000278,CUST-00050,PROD-0102,SITE-004,2026-01-18T09:27:51Z,32,5041.92,retail
TXN-000000279,CUST-00616,PROD-0047,SITE-004,2025-04-28T15:12:23Z,27,7890.21,online
TXN-000000280,CUST-00291,PROD-0110,SITE-006,2025-11-10T00:38:31Z,23,7754.45,field-sales
TXN-000000281,CUST-00268,PROD-0086,SITE-002,2026-08-25T01:54:26Z,1,183.71,retail
TXN-000000282,CUST-00520,PROD-0059,SITE-014,2026-02-24T19:53:21Z,27,1918.08,field-sales
TXN-000000283,CUST-00100,PROD-0095,SITE-012,2025-11-06T14:07:35Z,21,2625.21,field-sales
TXN-000000284,CUST-00107,PROD-0118,SITE-005,2025-08-08T09:34:17Z,25,9713.5,field-sales
TXN-000000285,CUST-00324,PROD-0025,SITE-010,2024-05-10T23:12:43Z,5,305,retail
TXN-000000286,CUST-00469,PROD-0057,SITE-004,2025-11-16T20:41:11Z,17,236.47,distributor
TXN-000000287,CUST-00198,PROD-0088,SITE-009,2026-01-05T01:22:34Z,14,1120.84,retail
TXN-000000288,CUST-00584,PROD-0072,SITE-009,2025-09-09T16:15:17Z,2,258.2,online
TXN-000000289,CUST-00219,PROD-0045,SITE-002,2025-01-16T14:04:44Z,25,3401.5,retail
TXN-000000290,CUST-00478,PROD-0108,SITE-003,2024-11-29T00:48:50Z,11,91.19,online
TXN-000000291,CUST-00647,PROD-0089,SITE-003,2025-02-27T21:53:41Z,4,112.72,distributor
TXN-000000292,CUST-00258,PROD-0060,SITE-004,2025-08-17T18:10:51Z,27,10416.06,retail
TXN-000000293,CUST-00511,PROD-0038,SITE-010,2026-06-14T17:16:22Z,21,3630.27,online
TXN-000000294,CUST-00086,PROD-0111,SITE-011,2025-07-01T03:02:54Z,3,1131.09,retail
TXN-000000295,CUST-00533,PROD-0020,SITE-006,2025-06-13T21:24:34Z,23,3868.83,retail
TXN-000000296,CUST-00772,PROD-0064,SITE-008,2025-04-26T07:13:20Z,26,4423.38,retail
TXN-000000297,CUST-00695,PROD-0020,SITE-004,2025-08-13T14:14:32Z,22,6722.1,distributor
TXN-000000298,CUST-00182,PROD-0102,SITE-015,2024-07-23T18:10:00Z,35,6043.45,distributor
TXN-000000299,CUST-00529,PROD-0057,SITE-013,2026-08-23T00:27:31Z,4,170.64,field-sales
TXN-000000300,CUST-00724,PROD-0105,SITE-007,2026-01-08T14:21:00Z,28,3048.64,retail
TXN-000000301,CUST-00733,PROD-0084,SITE-011,2026-07-16T18:30:53Z,4,144.4,distributor
TXN-000000302,CUST-00341,PROD-0047,SITE-002,2026-08-15T03:42:54Z,8,468.16,retail
TXN-000000303,CUST-00433,PROD-0107,SITE-012,2026-02-23T23:01:00Z,31,721.37,distributor
TXN-000000304,CUST-00568,PROD-0002,SITE-015,2025-02-14T09:33:40Z,28,7279.72,field-sales
TXN-000000305,CUST-00263,PROD-0028,SITE-004,2026-07-15T11:14:29Z,30,11520,field-sales
TXN-000000306,CUST-00338,PROD-0082,SITE-001,2024-08-29T04:22:16Z,36,1742.76,online
TXN-000000307,CUST-00251,PROD-0054,SITE-001,2026-06-16T03:50:27Z,38,13312.54,retail
TXN-000000308,CUST-00682,PROD-0071,SITE-004,2026-03-30T12:24:02Z,25,6377.25,retail
TXN-000000309,CUST-00272,PROD-0039,SITE-004,2026-04-28T11:11:30Z,18,4951.62,field-sales
TXN-000000310,CUST-00554,PROD-0069,SITE-010,2025-08-06T20:35:11Z,25,452,online
TXN-000000311,CUST-00258,PROD-0114,SITE-015,2026-04-15T05:00:36Z,29,10682.73,retail
TXN-000000312,CUST-00218,PROD-0057,SITE-004,2026-08-03T14:17:28Z,22,4617.14,distributor
TXN-000000313,CUST-00321,PROD-0097,SITE-015,2026-03-10T02:08:25Z,12,510.84,distributor
TXN-000000314,CUST-00747,PROD-0021,SITE-006,2025-03-18T19:50:07Z,30,8805.3,distributor
TXN-000000315,CUST-00168,PROD-0019,SITE-013,2026-06-02T21:06:58Z,38,6069.36,distributor
TXN-000000316,CUST-00549,PROD-0005,SITE-013,2024-11-21T15:27:21Z,19,6025.66,online
TXN-000000317,CUST-00109,PROD-0113,SITE-003,2026-06-19T14:44:24Z,28,3703,retail
TXN-000000318,CUST-00119,PROD-0075,SITE-003,2026-05-06T15:14:38Z,40,14814.8,field-sales
TXN-000000319,CUST-00345,PROD-0009,SITE-006,2026-07-17T03:56:49Z,31,2218.05,distributor
TXN-000000320,CUST-00800,PROD-0117,SITE-010,2025-07-01T10:54:44Z,20,4997.6,retail
TXN-000000321,CUST-00076,PROD-0111,SITE-006,2024-11-13T08:19:08Z,22,1859.22,online
TXN-000000322,CUST-00266,PROD-0012,SITE-001,2025-03-18T17:58:52Z,8,2072.48,field-sales
TXN-000000323,CUST-00072,PROD-0026,SITE-009,2025-12-10T05:26:01Z,14,1517.04,online
TXN-000000324,CUST-00176,PROD-0082,SITE-012,2026-01-30T02:07:03Z,25,4188.25,distributor
TXN-000000325,CUST-00143,PROD-0082,SITE-007,2026-04-22T05:48:17Z,32,5048.32,distributor
TXN-000000326,CUST-00611,PROD-0056,SITE-004,2024-06-19T07:25:48Z,2,528.18,field-sales
TXN-000000327,CUST-00246,PROD-0018,SITE-002,2024-05-01T05:33:03Z,1,240.16,distributor
TXN-000000328,CUST-00715,PROD-0079,SITE-011,2026-04-10T01:48:34Z,1,163.07,online
TXN-000000329,CUST-00386,PROD-0059,SITE-001,2026-07-08T13:29:07Z,39,9677.85,field-sales
TXN-000000330,CUST-00213,PROD-0024,SITE-011,2026-02-03T15:05:16Z,5,1582.15,distributor
TXN-000000331,CUST-00128,PROD-0078,SITE-004,2026-08-28T20:11:33Z,7,2252.46,retail
TXN-000000332,CUST-00532,PROD-0033,SITE-013,2025-03-27T05:19:56Z,9,1301.31,distributor
TXN-000000333,CUST-00068,PROD-0029,SITE-005,2024-09-25T15:36:53Z,21,6388.62,online
TXN-000000334,CUST-00176,PROD-0059,SITE-003,2024-12-25T05:40:08Z,28,10605,retail
TXN-000000335,CUST-00775,PROD-0020,SITE-012,2026-04-30T14:54:00Z,2,214.76,field-sales
TXN-000000336,CUST-00778,PROD-0021,SITE-013,2025-04-22T16:54:22Z,20,5964,distributor
TXN-000000337,CUST-00729,PROD-0118,SITE-010,2026-06-12T05:49:54Z,23,4446.36,retail
TXN-000000338,CUST-00567,PROD-0025,SITE-002,2026-04-27T04:54:20Z,27,5693.49,online
TXN-000000339,CUST-00255,PROD-0054,SITE-007,2026-03-08T00:47:41Z,18,3923.28,online
TXN-000000340,CUST-00235,PROD-0047,SITE-009,2024-09-05T20:12:26Z,6,602.94,online
TXN-000000341,CUST-00375,PROD-0097,SITE-007,2026-06-14T17:14:29Z,25,3239.75,retail
TXN-000000342,CUST-00094,PROD-0119,SITE-007,2025-06-10T04:37:35Z,13,4052.62,distributor
TXN-000000343,CUST-00388,PROD-0043,SITE-011,2026-07-13T23:45:59Z,32,2300.48,field-sales
TXN-000000344,CUST-00177,PROD-0079,SITE-014,2026-07-21T09:10:25Z,18,4415.4,field-sales
TXN-000000345,CUST-00699,PROD-0088,SITE-002,2026-06-30T01:48:56Z,26,6957.6,retail
TXN-000000346,CUST-00240,PROD-0100,SITE-008,2025-07-20T07:59:26Z,29,4751.94,retail
TXN-000000347,CUST-00706,PROD-0043,SITE-015,2024-08-19T08:26:30Z,21,2541.42,field-sales
TXN-000000348,CUST-00556,PROD-0117,SITE-014,2026-04-30T07:05:41Z,13,2482.09,distributor
TXN-000000349,CUST-00410,PROD-0002,SITE-008,2024-09-30T13:57:42Z,20,2612.8,retail
TXN-000000350,CUST-00678,PROD-0116,SITE-007,2026-08-26T20:22:48Z,21,5641.86,online
TXN-000000351,CUST-00227,PROD-0090,SITE-001,2024-10-13T05:21:01Z,17,5178.37,retail
TXN-000000352,CUST-00773,PROD-0085,SITE-015,2025-12-14T21:50:05Z,9,2519.73,retail
TXN-000000353,CUST-00110,PROD-0022,SITE-014,2025-05-11T21:22:19Z,1,114.98,online
TXN-000000354,CUST-00768,PROD-0027,SITE-006,2026-05-27T09:37:05Z,10,3191.8,field-sales
TXN-000000355,CUST-00145,PROD-0043,SITE-012,2026-08-12T08:44:50Z,7,2331.07,retail
TXN-000000356,CUST-00244,PROD-0048,SITE-001,2025-10-25T17:51:18Z,39,4036.89,distributor
TXN-000000357,CUST-00438,PROD-0071,SITE-014,2025-05-15T01:26:29Z,33,2414.61,distributor
TXN-000000358,CUST-00105,PROD-0037,SITE-010,2026-04-30T08:45:22Z,32,2604.48,field-sales
TXN-000000359,CUST-00183,PROD-0039,SITE-010,2025-06-13T12:55:37Z,24,4917.84,distributor
TXN-000000360,CUST-00169,PROD-0092,SITE-011,2026-03-24T08:41:09Z,36,2263.32,online
TXN-000000361,CUST-00771,PROD-0001,SITE-011,2026-03-14T18:49:05Z,25,3987.5,online
TXN-000000362,CUST-00216,PROD-0108,SITE-005,2026-07-29T11:18:59Z,28,631.96,distributor
TXN-000000363,CUST-00051,PROD-0040,SITE-003,2024-12-05T22:44:39Z,6,1034.64,field-sales
TXN-000000364,CUST-00053,PROD-0061,SITE-003,2024-09-06T16:05:33Z,1,53.55,distributor
TXN-000000365,CUST-00425,PROD-0032,SITE-001,2026-06-16T22:40:15Z,13,2625.87,distributor
TXN-000000366,CUST-00197,PROD-0090,SITE-005,2024-06-07T15:54:59Z,27,5299.56,field-sales
TXN-000000367,CUST-00057,PROD-0080,SITE-013,2026-08-10T16:02:24Z,25,5036,field-sales
TXN-000000368,CUST-00163,PROD-0070,SITE-003,2026-04-10T16:25:59Z,10,103.3,retail
TXN-000000369,CUST-00070,PROD-0029,SITE-008,2025-03-31T00:47:33Z,31,10605.41,distributor
TXN-000000370,CUST-00665,PROD-0085,SITE-015,2024-09-27T16:46:05Z,18,4770.36,online
TXN-000000371,CUST-00034,PROD-0064,SITE-001,2025-02-28T07:32:19Z,1,179.29,online
TXN-000000372,CUST-00120,PROD-0073,SITE-002,2025-05-28T15:51:34Z,35,12933.9,retail
TXN-000000373,CUST-00581,PROD-0019,SITE-008,2025-12-21T22:44:39Z,4,517.88,distributor
TXN-000000374,CUST-00234,PROD-0078,SITE-009,2025-09-18T00:27:06Z,28,5812.8,distributor
TXN-000000375,CUST-00243,PROD-0021,SITE-002,2025-03-14T12:33:06Z,26,8555.82,distributor
TXN-000000376,CUST-00023,PROD-0001,SITE-002,2025-05-21T09:20:05Z,8,2856.88,online
TXN-000000377,CUST-00655,PROD-0095,SITE-002,2025-01-18T08:49:19Z,14,3775.24,online
TXN-000000378,CUST-00733,PROD-0072,SITE-001,2026-04-04T04:44:47Z,34,2915.16,distributor
TXN-000000379,CUST-00239,PROD-0063,SITE-011,2026-02-13T14:07:11Z,16,1731.36,field-sales
TXN-000000380,CUST-00434,PROD-0080,SITE-004,2024-10-05T05:49:38Z,27,10421.19,retail
TXN-000000381,CUST-00150,PROD-0069,SITE-005,2025-05-13T05:33:50Z,20,5741.2,field-sales
TXN-000000382,CUST-00799,PROD-0085,SITE-003,2025-09-15T10:23:10Z,32,7950.08,field-sales
TXN-000000383,CUST-00369,PROD-0102,SITE-008,2025-03-16T17:02:46Z,26,1990.04,retail
TXN-000000384,CUST-00207,PROD-0114,SITE-013,2025-12-04T02:08:09Z,11,3186.81,online
TXN-000000385,CUST-00433,PROD-0111,SITE-015,2026-04-26T20:36:23Z,31,9873.81,retail
TXN-000000386,CUST-00447,PROD-0043,SITE-001,2025-02-22T23:30:59Z,28,6325.76,distributor
TXN-000000387,CUST-00579,PROD-0077,SITE-013,2024-07-21T10:16:51Z,23,3428.15,online
TXN-000000388,CUST-00091,PROD-0069,SITE-011,2026-07-15T03:51:44Z,21,1067.01,field-sales
TXN-000000389,CUST-00739,PROD-0105,SITE-010,2026-01-10T00:34:20Z,22,3001.24,distributor
TXN-000000390,CUST-00045,PROD-0112,SITE-010,2026-04-18T07:41:45Z,27,4002.21,retail
TXN-000000391,CUST-00076,PROD-0088,SITE-015,2025-07-03T05:42:48Z,12,100.92,retail
TXN-000000392,CUST-00281,PROD-0064,SITE-001,2026-04-16T16:14:11Z,8,600.16,distributor
TXN-000000393,CUST-00746,PROD-0079,SITE-002,2025-11-24T21:33:45Z,13,1846.91,online
TXN-000000394,CUST-00675,PROD-0010,SITE-004,2025-09-27T15:15:23Z,2,53.3,retail
TXN-000000395,CUST-00374,PROD-0011,SITE-009,2024-11-08T18:10:09Z,32,6922.24,retail
TXN-000000396,CUST-00316,PROD-0111,SITE-004,2026-04-05T04:37:42Z,17,515.95,distributor
TXN-000000397,CUST-00726,PROD-0003,SITE-003,2026-07-26T23:47:01Z,8,264.96,online
TXN-000000398,CUST-00238,PROD-0011,SITE-005,2024-09-28T00:01:02Z,36,9892.8,online
TXN-000000399,CUST-00331,PROD-0101,SITE-004,2025-05-14T16:23:48Z,21,6600.51,field-sales
TXN-000000400,CUST-00325,PROD-0039,SITE-008,2026-04-29T00:05:54Z,18,3589.92,field-sales
TXN-000000401,CUST-00614,PROD-0114,SITE-003,2025-03-27T00:29:29Z,24,266.4,online
TXN-000000402,CUST-00283,PROD-0069,SITE-005,2024-08-22T01:44:48Z,8,732.32,field-sales
TXN-000000403,CUST-00023,PROD-0065,SITE-004,2026-03-28T20:13:36Z,27,2611.44,online
TXN-000000404,CUST-00673,PROD-0017,SITE-002,2026-08-04T10:37:55Z,28,4662,field-sales
TXN-000000405,CUST-00746,PROD-0055,SITE-014,2026-04-27T23:08:23Z,9,3353.94,retail
TXN-000000406,CUST-00318,PROD-0073,SITE-008,2026-05-05T08:47:45Z,7,2282.14,online
TXN-000000407,CUST-00332,PROD-0101,SITE-014,2025-07-03T04:21:28Z,29,6417.12,distributor
TXN-000000408,CUST-00604,PROD-0057,SITE-001,2026-07-20T16:58:15Z,13,3746.6,field-sales
TXN-000000409,CUST-00324,PROD-0017,SITE-013,2025-03-24T07:49:19Z,25,4930.5,online
TXN-000000410,CUST-00031,PROD-0064,SITE-003,2025-04-27T23:17:38Z,2,677.08,distributor
TXN-000000411,CUST-00192,PROD-0040,SITE-008,2024-12-14T20:40:38Z,37,10065.48,field-sales
TXN-000000412,CUST-00606,PROD-0081,SITE-008,2025-10-13T13:28:28Z,13,3534.44,field-sales
TXN-000000413,CUST-00044,PROD-0064,SITE-003,2025-02-10T02:27:06Z,30,1530.9,retail
TXN-000000414,CUST-00770,PROD-0120,SITE-006,2025-01-12T05:15:54Z,9,1299.87,field-sales
TXN-000000415,CUST-00352,PROD-0012,SITE-012,2026-03-16T06:59:25Z,14,4234.86,field-sales
TXN-000000416,CUST-00094,PROD-0108,SITE-012,2025-06-27T16:50:40Z,16,3090.4,field-sales
TXN-000000417,CUST-00271,PROD-0027,SITE-012,2026-06-02T23:17:42Z,11,3785.1,distributor
TXN-000000418,CUST-00528,PROD-0020,SITE-011,2025-06-10T14:07:25Z,16,3456.48,distributor
TXN-000000419,CUST-00347,PROD-0030,SITE-010,2024-08-10T08:57:56Z,34,2880.48,field-sales
TXN-000000420,CUST-00627,PROD-0097,SITE-003,2024-10-11T13:28:51Z,5,250.8,field-sales
TXN-000000421,CUST-00263,PROD-0032,SITE-010,2024-09-25T14:24:33Z,39,15523.95,retail
TXN-000000422,CUST-00353,PROD-0046,SITE-005,2024-12-12T08:14:32Z,17,2368.44,field-sales
TXN-000000423,CUST-00541,PROD-0001,SITE-005,2026-05-08T12:37:36Z,22,7436.66,retail
TXN-000000424,CUST-00423,PROD-0065,SITE-010,2025-09-06T11:30:10Z,6,78.84,distributor
TXN-000000425,CUST-00520,PROD-0008,SITE-008,2025-05-25T03:50:37Z,5,222.15,retail
TXN-000000426,CUST-00639,PROD-0051,SITE-004,2025-08-27T18:00:05Z,5,431.5,retail
TXN-000000427,CUST-00235,PROD-0008,SITE-013,2025-04-21T01:23:46Z,29,5334.55,field-sales
TXN-000000428,CUST-00427,PROD-0032,SITE-004,2026-02-17T02:49:18Z,12,146.4,online
TXN-000000429,CUST-00186,PROD-0064,SITE-008,2026-04-06T02:39:32Z,12,487.68,online
TXN-000000430,CUST-00527,PROD-0060,SITE-009,2026-02-10T04:23:04Z,38,10186.66,field-sales
TXN-000000431,CUST-00455,PROD-0025,SITE-006,2026-05-23T17:20:34Z,25,9319.25,distributor
TXN-000000432,CUST-00457,PROD-0082,SITE-015,2026-05-23T11:06:30Z,40,9582.4,distributor
TXN-000000433,CUST-00461,PROD-0042,SITE-009,2026-06-14T22:24:47Z,31,5507.46,retail
TXN-000000434,CUST-00029,PROD-0064,SITE-014,2025-07-01T16:23:51Z,19,4566.84,retail
TXN-000000435,CUST-00585,PROD-0007,SITE-006,2024-06-22T10:59:11Z,34,5358.4,online
TXN-000000436,CUST-00335,PROD-0028,SITE-008,2024-09-07T15:16:12Z,35,13100.5,retail
TXN-000000437,CUST-00606,PROD-0109,SITE-007,2024-10-15T18:14:05Z,32,11365.44,field-sales
TXN-000000438,CUST-00203,PROD-0032,SITE-015,2026-06-07T04:38:46Z,13,4154.67,online
TXN-000000439,CUST-00333,PROD-0069,SITE-014,2026-05-15T11:36:30Z,21,3190.95,online
TXN-000000440,CUST-00530,PROD-0005,SITE-013,2025-02-24T11:39:23Z,20,4296.6,online
TXN-000000441,CUST-00095,PROD-0083,SITE-003,2024-08-12T05:26:02Z,1,351.26,field-sales
TXN-000000442,CUST-00759,PROD-0069,SITE-012,2025-09-26T04:10:17Z,25,5654.25,field-sales
TXN-000000443,CUST-00332,PROD-0095,SITE-002,2025-01-24T17:52:42Z,12,406.32,field-sales
TXN-000000444,CUST-00458,PROD-0025,SITE-011,2026-06-10T19:35:22Z,19,1971.06,distributor
TXN-000000445,CUST-00497,PROD-0060,SITE-005,2025-05-18T18:08:05Z,13,3664.05,field-sales
TXN-000000446,CUST-00007,PROD-0070,SITE-003,2024-05-16T05:45:15Z,20,6460.8,online
TXN-000000447,CUST-00331,PROD-0053,SITE-012,2025-01-01T03:18:11Z,18,6280.92,field-sales
TXN-000000448,CUST-00670,PROD-0034,SITE-014,2025-08-09T13:49:43Z,38,9302.02,online
TXN-000000449,CUST-00201,PROD-0038,SITE-007,2025-08-11T20:27:22Z,11,265.1,retail
TXN-000000450,CUST-00679,PROD-0046,SITE-010,2025-03-30T10:14:45Z,20,4773,online
TXN-000000451,CUST-00434,PROD-0059,SITE-015,2024-09-07T20:26:07Z,19,1140.19,retail
TXN-000000452,CUST-00397,PROD-0021,SITE-008,2025-03-26T14:40:21Z,16,867.84,distributor
TXN-000000453,CUST-00264,PROD-0044,SITE-014,2025-10-09T20:40:30Z,29,3313.54,online
TXN-000000454,CUST-00615,PROD-0076,SITE-009,2025-09-11T03:45:21Z,4,858.8,retail
TXN-000000455,CUST-00561,PROD-0075,SITE-012,2025-02-28T15:00:58Z,39,14413.62,online
TXN-000000456,CUST-00304,PROD-0077,SITE-014,2026-08-24T21:06:54Z,32,2456.64,field-sales
TXN-000000457,CUST-00344,PROD-0092,SITE-005,2025-12-26T11:53:19Z,27,4058.1,retail
TXN-000000458,CUST-00777,PROD-0064,SITE-001,2025-08-23T18:25:23Z,28,8853.32,online
TXN-000000459,CUST-00117,PROD-0055,SITE-004,2024-06-06T23:38:35Z,27,2639.79,distributor
TXN-000000460,CUST-00249,PROD-0022,SITE-003,2024-09-22T04:04:59Z,28,5231.8,field-sales
TXN-000000461,CUST-00164,PROD-0025,SITE-001,2024-12-27T00:10:01Z,16,5076,retail
TXN-000000462,CUST-00463,PROD-0030,SITE-006,2025-09-01T13:03:16Z,25,9449.75,field-sales
TXN-000000463,CUST-00328,PROD-0043,SITE-006,2025-01-15T09:23:23Z,29,8315.46,field-sales
TXN-000000464,CUST-00370,PROD-0001,SITE-010,2026-07-02T03:01:33Z,27,10217.07,retail
TXN-000000465,CUST-00622,PROD-0041,SITE-015,2026-05-06T10:50:12Z,23,4199.57,distributor
TXN-000000466,CUST-00106,PROD-0111,SITE-012,2025-01-24T05:53:09Z,7,1810.83,retail
TXN-000000467,CUST-00082,PROD-0104,SITE-005,2024-10-31T19:57:30Z,39,9797.58,online
TXN-000000468,CUST-00439,PROD-0051,SITE-012,2025-08-04T14:08:58Z,23,2960.1,online
TXN-000000469,CUST-00675,PROD-0074,SITE-009,2025-11-15T18:21:01Z,5,1838.6,retail
TXN-000000470,CUST-00375,PROD-0043,SITE-014,2026-05-23T07:54:32Z,27,1445.85,retail
TXN-000000471,CUST-00744,PROD-0035,SITE-001,2026-07-08T02:15:11Z,32,12548.48,online
TXN-000000472,CUST-00262,PROD-0102,SITE-012,2024-05-17T06:00:53Z,16,323.84,distributor
TXN-000000473,CUST-00126,PROD-0024,SITE-006,2024-04-17T15:00:20Z,6,611.04,retail
TXN-000000474,CUST-00204,PROD-0118,SITE-001,2025-02-09T17:22:41Z,5,1679.8,field-sales
TXN-000000475,CUST-00276,PROD-0019,SITE-008,2026-06-14T17:36:57Z,10,1569,retail
TXN-000000476,CUST-00581,PROD-0018,SITE-008,2025-07-10T14:54:50Z,26,4278.04,distributor
TXN-000000477,CUST-00031,PROD-0045,SITE-013,2024-03-17T10:31:07Z,5,1476.55,online
TXN-000000478,CUST-00082,PROD-0113,SITE-005,2024-10-09T05:00:02Z,8,1617.12,retail
TXN-000000479,CUST-00438,PROD-0028,SITE-004,2026-06-20T15:51:28Z,9,2844.09,distributor
TXN-000000480,CUST-00616,PROD-0042,SITE-007,2025-12-05T20:40:25Z,8,1303.68,distributor
TXN-000000481,CUST-00394,PROD-0079,SITE-014,2025-11-07T06:57:08Z,11,1184.92,field-sales
TXN-000000482,CUST-00654,PROD-0113,SITE-012,2025-08-28T21:35:49Z,3,777.66,retail
TXN-000000483,CUST-00523,PROD-0116,SITE-007,2025-12-08T01:50:43Z,22,192.06,online
TXN-000000484,CUST-00304,PROD-0089,SITE-013,2025-11-01T12:01:45Z,28,4998.28,field-sales
TXN-000000485,CUST-00739,PROD-0067,SITE-001,2026-08-14T14:25:28Z,10,124.6,online
TXN-000000486,CUST-00153,PROD-0083,SITE-006,2026-03-10T14:57:29Z,2,481.38,retail
TXN-000000487,CUST-00056,PROD-0062,SITE-014,2024-06-16T16:45:25Z,12,3455.88,field-sales
TXN-000000488,CUST-00785,PROD-0055,SITE-004,2024-12-20T18:55:04Z,3,914.31,online
TXN-000000489,CUST-00778,PROD-0094,SITE-006,2025-02-18T07:59:13Z,16,5622.88,distributor
TXN-000000490,CUST-00394,PROD-0016,SITE-014,2025-09-23T07:43:16Z,28,2015.16,field-sales
TXN-000000491,CUST-00425,PROD-0013,SITE-011,2026-07-19T22:07:43Z,40,3248.4,distributor
TXN-000000492,CUST-00367,PROD-0027,SITE-012,2025-03-29T01:38:41Z,36,11667.6,online
TXN-000000493,CUST-00388,PROD-0103,SITE-001,2025-07-23T20:09:10Z,25,2064,field-sales
TXN-000000494,CUST-00045,PROD-0080,SITE-003,2026-08-18T09:43:05Z,40,11006.8,retail
TXN-000000495,CUST-00396,PROD-0098,SITE-008,2026-03-17T11:51:20Z,12,4653.96,retail
TXN-000000496,CUST-00056,PROD-0089,SITE-006,2024-11-06T11:48:01Z,25,1168.25,retail
TXN-000000497,CUST-00251,PROD-0031,SITE-010,2026-04-12T09:04:36Z,15,2260.05,online
TXN-000000498,CUST-00168,PROD-0035,SITE-014,2025-04-18T18:57:50Z,20,2681.2,retail
TXN-000000499,CUST-00428,PROD-0019,SITE-005,2026-03-12T11:18:58Z,13,5081.96,field-sales
TXN-000000500,CUST-00300,PROD-0079,SITE-009,2026-04-20T15:24:57Z,7,1017.17,field-sales
TXN-000000501,CUST-00664,PROD-0022,SITE-004,2026-07-28T15:55:20Z,20,878.8,field-sales
TXN-000000502,CUST-00221,PROD-0118,SITE-014,2025-05-26T23:43:53Z,19,4144.28,online
TXN-000000503,CUST-00128,PROD-0006,SITE-003,2025-07-01T01:02:00Z,6,150.96,online
TXN-000000504,CUST-00702,PROD-0019,SITE-010,2025-11-29T17:46:10Z,38,7426.34,distributor
TXN-000000505,CUST-00390,PROD-0042,SITE-012,2026-04-19T15:52:43Z,9,3188.52,field-sales
TXN-000000506,CUST-00240,PROD-0069,SITE-004,2026-01-24T09:23:19Z,19,3182.5,online
TXN-000000507,CUST-00442,PROD-0054,SITE-011,2025-02-24T14:12:37Z,1,220.03,field-sales
TXN-000000508,CUST-00099,PROD-0071,SITE-002,2025-10-06T22:29:25Z,14,4488.26,field-sales
TXN-000000509,CUST-00786,PROD-0108,SITE-010,2026-04-09T05:21:53Z,31,6534.8,field-sales
TXN-000000510,CUST-00486,PROD-0056,SITE-013,2025-06-23T06:03:25Z,24,7794.24,online
TXN-000000511,CUST-00384,PROD-0049,SITE-003,2026-06-12T00:06:07Z,9,3435.3,retail
TXN-000000512,CUST-00784,PROD-0013,SITE-001,2026-07-06T08:15:39Z,27,9092.25,distributor
TXN-000000513,CUST-00447,PROD-0076,SITE-015,2026-06-09T00:25:36Z,40,5724.8,retail
TXN-000000514,CUST-00540,PROD-0043,SITE-015,2026-02-12T22:02:50Z,3,1133.31,online
TXN-000000515,CUST-00780,PROD-0018,SITE-011,2026-07-31T23:05:29Z,38,706.04,field-sales
TXN-000000516,CUST-00747,PROD-0081,SITE-001,2024-08-23T06:52:59Z,7,1887.9,online
TXN-000000517,CUST-00090,PROD-0118,SITE-004,2026-08-12T11:35:26Z,23,8322.32,online
TXN-000000518,CUST-00680,PROD-0028,SITE-013,2026-04-19T16:26:07Z,18,1274.58,distributor
TXN-000000519,CUST-00232,PROD-0049,SITE-014,2025-08-25T04:08:36Z,31,5542.49,distributor
TXN-000000520,CUST-00239,PROD-0112,SITE-012,2026-04-10T15:05:46Z,28,6125.84,retail
TXN-000000521,CUST-00326,PROD-0107,SITE-009,2025-08-23T20:48:25Z,14,552.16,online
TXN-000000522,CUST-00539,PROD-0097,SITE-005,2025-12-21T20:48:01Z,33,11101.86,distributor
TXN-000000523,CUST-00161,PROD-0021,SITE-011,2026-05-30T23:24:11Z,9,280.17,distributor
TXN-000000524,CUST-00081,PROD-0103,SITE-011,2026-05-08T01:44:07Z,19,2477.22,field-sales
TXN-000000525,CUST-00244,PROD-0035,SITE-002,2026-06-29T21:27:00Z,8,1234.72,field-sales
TXN-000000526,CUST-00391,PROD-0026,SITE-007,2025-08-29T12:38:33Z,3,803.28,field-sales
TXN-000000527,CUST-00276,PROD-0029,SITE-010,2025-07-15T02:05:58Z,9,807.75,field-sales
TXN-000000528,CUST-00544,PROD-0010,SITE-008,2026-08-11T00:51:18Z,20,3653.2,retail
TXN-000000529,CUST-00712,PROD-0016,SITE-002,2026-07-29T22:04:48Z,40,5936,distributor
TXN-000000530,CUST-00751,PROD-0109,SITE-009,2026-08-02T18:22:03Z,16,6083.2,distributor
TXN-000000531,CUST-00772,PROD-0004,SITE-005,2025-09-25T00:24:09Z,5,93.8,online
TXN-000000532,CUST-00273,PROD-0031,SITE-008,2025-06-19T07:05:32Z,24,571.68,online
TXN-000000533,CUST-00540,PROD-0075,SITE-013,2025-03-15T07:35:47Z,29,2828.08,retail
TXN-000000534,CUST-00219,PROD-0063,SITE-007,2026-02-12T13:08:29Z,5,216.5,online
TXN-000000535,CUST-00705,PROD-0074,SITE-009,2024-08-01T21:20:26Z,17,4184.38,retail
TXN-000000536,CUST-00052,PROD-0110,SITE-001,2025-04-13T00:20:31Z,5,1870.6,retail
TXN-000000537,CUST-00731,PROD-0004,SITE-014,2026-08-16T23:48:25Z,13,382.72,distributor
TXN-000000538,CUST-00485,PROD-0057,SITE-005,2024-06-21T20:57:09Z,10,3527.6,online
TXN-000000539,CUST-00284,PROD-0072,SITE-011,2025-09-02T03:30:54Z,2,102.62,retail
TXN-000000540,CUST-00581,PROD-0036,SITE-015,2026-06-11T17:44:58Z,4,1561,online
TXN-000000541,CUST-00465,PROD-0055,SITE-015,2025-05-20T19:52:27Z,18,4321.62,distributor
TXN-000000542,CUST-00011,PROD-0083,SITE-004,2025-09-29T14:55:38Z,19,3467.69,online
TXN-000000543,CUST-00472,PROD-0047,SITE-006,2024-08-30T06:46:34Z,32,11744.64,distributor
TXN-000000544,CUST-00619,PROD-0083,SITE-004,2025-11-12T16:37:08Z,24,3250.8,online
TXN-000000545,CUST-00221,PROD-0036,SITE-012,2025-08-05T01:41:35Z,28,4470.2,distributor
TXN-000000546,CUST-00581,PROD-0012,SITE-013,2025-10-23T12:35:32Z,40,14347.2,distributor
TXN-000000547,CUST-00701,PROD-0068,SITE-011,2025-03-11T11:23:24Z,2,540.94,online
TXN-000000548,CUST-00568,PROD-0073,SITE-012,2025-02-15T05:02:56Z,3,258.36,online
TXN-000000549,CUST-00578,PROD-0045,SITE-006,2025-08-18T11:11:51Z,3,1016.1,retail
TXN-000000550,CUST-00382,PROD-0007,SITE-002,2025-12-14T06:40:11Z,37,12572.97,distributor
TXN-000000551,CUST-00184,PROD-0086,SITE-013,2026-05-29T21:32:22Z,20,2514.4,distributor
TXN-000000552,CUST-00553,PROD-0116,SITE-014,2024-12-09T07:47:55Z,34,7756.42,field-sales
TXN-000000553,CUST-00071,PROD-0080,SITE-015,2024-08-21T08:32:34Z,33,4190.67,retail
TXN-000000554,CUST-00384,PROD-0109,SITE-011,2025-11-07T11:31:38Z,35,2310.35,retail
TXN-000000555,CUST-00154,PROD-0089,SITE-015,2025-08-14T21:23:16Z,7,2317.21,retail
TXN-000000556,CUST-00279,PROD-0116,SITE-002,2024-10-05T16:07:09Z,21,7031.01,distributor
TXN-000000557,CUST-00104,PROD-0047,SITE-002,2026-06-21T18:49:09Z,24,319.92,distributor
TXN-000000558,CUST-00284,PROD-0027,SITE-008,2026-07-24T16:01:22Z,28,6733.72,retail
TXN-000000559,CUST-00111,PROD-0063,SITE-006,2026-06-30T09:18:44Z,7,1787.17,retail
TXN-000000560,CUST-00245,PROD-0090,SITE-010,2026-08-24T00:33:30Z,28,7846.44,retail
TXN-000000561,CUST-00086,PROD-0005,SITE-010,2025-12-22T17:53:06Z,7,2144.45,field-sales
TXN-000000562,CUST-00684,PROD-0019,SITE-015,2025-06-07T07:05:18Z,27,9424.08,field-sales
TXN-000000563,CUST-00653,PROD-0007,SITE-003,2024-11-23T14:31:06Z,6,1837.14,online
TXN-000000564,CUST-00150,PROD-0049,SITE-015,2024-10-12T09:07:23Z,2,345.04,field-sales
TXN-000000565,CUST-00725,PROD-0027,SITE-004,2025-02-15T07:13:58Z,13,1151.93,distributor
TXN-000000566,CUST-00451,PROD-0007,SITE-005,2025-02-22T16:22:05Z,39,349.83,retail
TXN-000000567,CUST-00560,PROD-0012,SITE-005,2025-07-16T01:31:07Z,23,6445.52,retail
TXN-000000568,CUST-00480,PROD-0032,SITE-014,2025-07-17T09:52:25Z,4,1045.32,distributor
TXN-000000569,CUST-00161,PROD-0050,SITE-009,2025-03-25T20:27:33Z,33,4613.07,online
TXN-000000570,CUST-00028,PROD-0087,SITE-004,2025-11-20T17:52:27Z,28,8351.56,retail
TXN-000000571,CUST-00203,PROD-0047,SITE-005,2026-07-26T03:16:37Z,18,3137.04,field-sales
TXN-000000572,CUST-00424,PROD-0118,SITE-004,2026-02-03T21:43:45Z,34,8889.98,retail
TXN-000000573,CUST-00412,PROD-0104,SITE-013,2025-11-14T14:45:47Z,31,9791.35,online
TXN-000000574,CUST-00769,PROD-0055,SITE-005,2025-10-07T07:19:11Z,40,8333.6,retail
TXN-000000575,CUST-00536,PROD-0001,SITE-011,2026-02-24T11:00:56Z,34,10017.76,distributor
TXN-000000576,CUST-00568,PROD-0033,SITE-007,2026-04-22T23:03:48Z,19,6682.68,retail
TXN-000000577,CUST-00310,PROD-0030,SITE-013,2025-06-24T03:43:27Z,7,2616.95,field-sales
TXN-000000578,CUST-00507,PROD-0073,SITE-001,2026-07-30T04:27:48Z,38,1085.28,field-sales
TXN-000000579,CUST-00580,PROD-0011,SITE-010,2026-03-11T20:19:03Z,10,1872,retail
TXN-000000580,CUST-00158,PROD-0065,SITE-008,2025-03-06T20:31:52Z,16,2803.68,field-sales
TXN-000000581,CUST-00264,PROD-0089,SITE-008,2024-06-25T22:04:58Z,36,10201.32,online
TXN-000000582,CUST-00015,PROD-0052,SITE-011,2025-07-01T08:31:42Z,6,2281.32,field-sales
TXN-000000583,CUST-00023,PROD-0087,SITE-003,2024-11-23T16:57:47Z,1,70.91,field-sales
TXN-000000584,CUST-00774,PROD-0113,SITE-011,2024-08-28T11:14:05Z,40,6907.6,retail
TXN-000000585,CUST-00647,PROD-0002,SITE-015,2025-05-05T22:00:35Z,36,2670.12,field-sales
TXN-000000586,CUST-00394,PROD-0009,SITE-003,2026-05-07T12:00:40Z,34,1144.78,retail
TXN-000000587,CUST-00227,PROD-0116,SITE-002,2025-11-19T21:20:33Z,28,6037.36,retail
TXN-000000588,CUST-00749,PROD-0065,SITE-011,2024-11-26T10:09:02Z,15,5931.45,field-sales
TXN-000000589,CUST-00748,PROD-0070,SITE-011,2025-12-27T05:25:25Z,17,872.95,field-sales
TXN-000000590,CUST-00166,PROD-0089,SITE-005,2024-11-25T14:44:14Z,21,3392.34,retail
TXN-000000591,CUST-00729,PROD-0058,SITE-012,2025-08-14T06:46:22Z,17,2367.25,online
TXN-000000592,CUST-00339,PROD-0069,SITE-013,2025-04-13T04:32:06Z,36,5120.64,field-sales
TXN-000000593,CUST-00248,PROD-0045,SITE-001,2025-06-22T14:37:05Z,18,1239.12,distributor
TXN-000000594,CUST-00159,PROD-0060,SITE-011,2024-07-22T22:47:28Z,10,2868.5,distributor
TXN-000000595,CUST-00387,PROD-0022,SITE-006,2026-04-11T04:46:39Z,12,2565.36,online
TXN-000000596,CUST-00253,PROD-0088,SITE-005,2024-07-15T15:48:18Z,1,259.05,online
TXN-000000597,CUST-00272,PROD-0079,SITE-013,2025-09-26T03:29:03Z,26,3357.12,distributor
TXN-000000598,CUST-00162,PROD-0059,SITE-011,2024-04-11T16:22:59Z,14,3189.48,distributor
TXN-000000599,CUST-00027,PROD-0075,SITE-010,2024-05-25T19:42:27Z,12,856.32,field-sales
TXN-000000600,CUST-00501,PROD-0103,SITE-009,2025-06-04T21:26:19Z,34,10977.24,distributor
TXN-000000601,CUST-00220,PROD-0038,SITE-014,2026-02-12T03:54:35Z,24,4762.32,field-sales
TXN-000000602,CUST-00252,PROD-0027,SITE-002,2026-01-15T14:42:13Z,8,246.8,online
TXN-000000603,CUST-00734,PROD-0090,SITE-003,2025-01-03T00:20:27Z,30,6956.1,field-sales
TXN-000000604,CUST-00155,PROD-0113,SITE-013,2025-06-05T05:01:33Z,38,12495.92,distributor
TXN-000000605,CUST-00557,PROD-0076,SITE-012,2026-06-09T21:48:59Z,9,1347.12,online
TXN-000000606,CUST-00352,PROD-0086,SITE-002,2026-08-25T04:05:37Z,7,1078.14,distributor
TXN-000000607,CUST-00149,PROD-0097,SITE-002,2024-12-19T10:18:08Z,28,7520.24,distributor
TXN-000000608,CUST-00257,PROD-0111,SITE-005,2024-07-20T12:00:24Z,39,8811.66,field-sales
TXN-000000609,CUST-00274,PROD-0066,SITE-004,2025-12-28T15:49:43Z,12,573.48,field-sales
TXN-000000610,CUST-00316,PROD-0067,SITE-002,2026-05-09T07:33:41Z,28,4392.64,distributor
TXN-000000611,CUST-00227,PROD-0098,SITE-010,2025-02-27T11:25:41Z,30,4869,field-sales
TXN-000000612,CUST-00126,PROD-0114,SITE-013,2025-12-07T04:54:25Z,14,5213.6,retail
TXN-000000613,CUST-00056,PROD-0084,SITE-009,2025-10-22T19:30:48Z,33,7145.16,online
TXN-000000614,CUST-00105,PROD-0024,SITE-003,2024-10-25T11:54:51Z,16,816.16,online
TXN-000000615,CUST-00570,PROD-0035,SITE-011,2025-11-24T03:53:39Z,14,2482.9,distributor
TXN-000000616,CUST-00636,PROD-0079,SITE-009,2025-01-17T10:54:18Z,17,1790.95,field-sales
TXN-000000617,CUST-00329,PROD-0065,SITE-003,2024-10-27T09:48:20Z,28,3161.76,online
TXN-000000618,CUST-00619,PROD-0096,SITE-006,2026-06-03T02:24:31Z,30,4518.6,distributor
TXN-000000619,CUST-00712,PROD-0119,SITE-004,2026-04-12T16:18:04Z,27,2543.67,online
TXN-000000620,CUST-00764,PROD-0021,SITE-009,2025-11-03T21:27:12Z,3,898.47,online
TXN-000000621,CUST-00277,PROD-0078,SITE-011,2025-07-23T21:55:37Z,11,2093.52,distributor
TXN-000000622,CUST-00760,PROD-0089,SITE-004,2026-07-17T16:34:56Z,4,1026.8,distributor
TXN-000000623,CUST-00646,PROD-0080,SITE-010,2026-08-13T16:52:25Z,39,3026.79,retail
TXN-000000624,CUST-00605,PROD-0076,SITE-013,2025-06-14T14:24:47Z,18,507.06,retail
TXN-000000625,CUST-00222,PROD-0050,SITE-006,2025-08-03T01:46:47Z,32,3490.56,retail
TXN-000000626,CUST-00080,PROD-0013,SITE-009,2026-06-15T04:58:36Z,35,11893,online
TXN-000000627,CUST-00132,PROD-0008,SITE-006,2024-05-05T18:19:27Z,27,5415.66,distributor
TXN-000000628,CUST-00752,PROD-0108,SITE-015,2025-08-19T19:18:35Z,29,10129.41,online
TXN-000000629,CUST-00699,PROD-0056,SITE-010,2025-06-29T20:29:07Z,2,694.06,field-sales
TXN-000000630,CUST-00040,PROD-0035,SITE-013,2026-02-02T12:31:57Z,25,6177.25,field-sales
TXN-000000631,CUST-00178,PROD-0061,SITE-013,2026-03-09T22:58:49Z,39,377.13,retail
TXN-000000632,CUST-00678,PROD-0043,SITE-001,2026-05-07T10:57:49Z,16,1067.04,online
TXN-000000633,CUST-00593,PROD-0120,SITE-015,2026-07-28T08:14:14Z,8,990.48,retail
TXN-000000634,CUST-00511,PROD-0036,SITE-011,2025-01-23T12:59:42Z,26,7676.24,retail
TXN-000000635,CUST-00157,PROD-0118,SITE-008,2026-01-19T02:52:52Z,25,9529,field-sales
TXN-000000636,CUST-00403,PROD-0064,SITE-004,2025-11-24T18:25:53Z,18,5324.58,retail
TXN-000000637,CUST-00119,PROD-0055,SITE-011,2024-11-16T11:59:27Z,14,679.28,retail
TXN-000000638,CUST-00494,PROD-0084,SITE-002,2026-08-16T21:15:25Z,2,543.24,distributor
TXN-000000639,CUST-00095,PROD-0066,SITE-011,2025-11-28T09:23:06Z,27,4069.98,retail
TXN-000000640,CUST-00344,PROD-0055,SITE-010,2026-01-16T17:36:24Z,40,15949.2,field-sales
TXN-000000641,CUST-00477,PROD-0057,SITE-015,2024-06-13T21:49:31Z,1,193.84,online
TXN-000000642,CUST-00406,PROD-0003,SITE-014,2024-11-19T19:45:33Z,27,526.5,field-sales
TXN-000000643,CUST-00684,PROD-0114,SITE-010,2025-03-01T20:08:34Z,27,9842.31,distributor
TXN-000000644,CUST-00675,PROD-0027,SITE-015,2026-07-10T09:16:04Z,10,1641,retail
TXN-000000645,CUST-00337,PROD-0051,SITE-004,2025-11-09T01:32:28Z,5,1877.85,retail
TXN-000000646,CUST-00234,PROD-0095,SITE-004,2026-03-23T19:20:35Z,6,1980.06,field-sales
TXN-000000647,CUST-00713,PROD-0102,SITE-004,2025-09-27T01:00:22Z,34,1288.6,distributor
TXN-000000648,CUST-00571,PROD-0070,SITE-002,2026-06-28T13:07:52Z,30,11016,online
TXN-000000649,CUST-00175,PROD-0017,SITE-001,2024-05-31T16:42:21Z,30,719.1,field-sales
TXN-000000650,CUST-00692,PROD-0076,SITE-014,2025-08-27T14:24:52Z,14,2017.68,field-sales
TXN-000000651,CUST-00794,PROD-0025,SITE-004,2026-01-04T18:55:07Z,17,4993.41,distributor
TXN-000000652,CUST-00673,PROD-0004,SITE-014,2026-02-17T00:52:02Z,22,5903.48,distributor
TXN-000000653,CUST-00111,PROD-0114,SITE-002,2026-02-25T11:48:28Z,38,6445.94,distributor
TXN-000000654,CUST-00149,PROD-0008,SITE-002,2025-05-22T12:14:54Z,11,3733.4,retail
TXN-000000655,CUST-00214,PROD-0056,SITE-008,2025-07-07T01:23:52Z,36,13132.8,field-sales
TXN-000000656,CUST-00613,PROD-0112,SITE-015,2024-04-03T18:46:50Z,3,719.16,retail
TXN-000000657,CUST-00093,PROD-0114,SITE-010,2025-11-13T23:05:54Z,5,1545.2,online
TXN-000000658,CUST-00630,PROD-0093,SITE-009,2024-12-21T16:38:46Z,4,1110.48,retail
TXN-000000659,CUST-00460,PROD-0116,SITE-006,2025-10-11T09:41:27Z,18,2324.52,retail
TXN-000000660,CUST-00445,PROD-0017,SITE-007,2024-11-10T06:50:32Z,30,1447.8,field-sales
TXN-000000661,CUST-00594,PROD-0031,SITE-015,2026-07-23T12:18:46Z,2,723.14,online
TXN-000000662,CUST-00490,PROD-0042,SITE-009,2024-04-02T21:34:15Z,20,2429.6,field-sales
TXN-000000663,CUST-00635,PROD-0099,SITE-006,2025-09-22T02:31:04Z,11,850.41,online
TXN-000000664,CUST-00501,PROD-0032,SITE-003,2024-08-06T20:26:06Z,36,6656.4,retail
TXN-000000665,CUST-00794,PROD-0073,SITE-004,2026-02-20T04:39:55Z,24,8454.72,retail
TXN-000000666,CUST-00042,PROD-0030,SITE-013,2026-03-20T18:21:14Z,24,3287.52,distributor
TXN-000000667,CUST-00274,PROD-0064,SITE-001,2026-04-28T21:24:12Z,11,3860.34,online
TXN-000000668,CUST-00243,PROD-0037,SITE-009,2026-08-29T08:16:05Z,3,61.89,distributor
TXN-000000669,CUST-00589,PROD-0059,SITE-009,2025-10-25T11:54:54Z,22,3951.2,field-sales
TXN-000000670,CUST-00355,PROD-0061,SITE-001,2024-04-25T10:06:17Z,19,6993.33,distributor
TXN-000000671,CUST-00322,PROD-0119,SITE-011,2025-10-25T00:58:57Z,1,261.57,retail
TXN-000000672,CUST-00453,PROD-0046,SITE-013,2026-05-20T07:59:11Z,27,4107.51,distributor
TXN-000000673,CUST-00434,PROD-0033,SITE-003,2026-08-02T16:17:25Z,4,767.8,field-sales
TXN-000000674,CUST-00555,PROD-0014,SITE-001,2025-10-04T04:22:23Z,37,5526.32,online
TXN-000000675,CUST-00545,PROD-0068,SITE-007,2025-12-31T19:36:43Z,40,7897.6,online
TXN-000000676,CUST-00472,PROD-0088,SITE-009,2025-11-21T04:57:03Z,8,2815.76,distributor
TXN-000000677,CUST-00637,PROD-0020,SITE-011,2026-01-10T12:41:31Z,20,5307.6,retail
TXN-000000678,CUST-00341,PROD-0018,SITE-006,2025-09-14T19:21:20Z,15,1714.95,field-sales
TXN-000000679,CUST-00492,PROD-0023,SITE-010,2025-02-24T09:13:35Z,29,343.65,online
TXN-000000680,CUST-00351,PROD-0088,SITE-009,2024-06-17T00:22:05Z,5,558.8,retail
TXN-000000681,CUST-00729,PROD-0058,SITE-005,2024-11-29T18:02:06Z,32,6302.4,field-sales
TXN-000000682,CUST-00580,PROD-0003,SITE-012,2026-07-29T17:28:04Z,8,1007.84,distributor
TXN-000000683,CUST-00451,PROD-0071,SITE-012,2025-04-11T03:56:18Z,27,1655.37,distributor
TXN-000000684,CUST-00617,PROD-0108,SITE-008,2026-02-19T08:58:19Z,31,6489.23,retail
TXN-000000685,CUST-00646,PROD-0008,SITE-015,2025-02-22T08:21:13Z,28,6213.48,retail
TXN-000000686,CUST-00180,PROD-0074,SITE-002,2024-08-20T22:22:32Z,36,7967.16,retail
TXN-000000687,CUST-00440,PROD-0105,SITE-008,2024-08-03T15:53:37Z,12,1521.6,field-sales
TXN-000000688,CUST-00116,PROD-0032,SITE-009,2026-05-11T16:38:37Z,22,3878.6,field-sales
TXN-000000689,CUST-00308,PROD-0069,SITE-011,2024-12-13T21:56:38Z,24,7264.08,online
TXN-000000690,CUST-00612,PROD-0113,SITE-003,2026-05-22T17:00:17Z,23,8143.15,distributor
TXN-000000691,CUST-00478,PROD-0032,SITE-006,2024-11-06T20:20:46Z,31,10956.33,online
TXN-000000692,CUST-00294,PROD-0044,SITE-001,2026-02-05T15:00:04Z,16,309.76,field-sales
TXN-000000693,CUST-00403,PROD-0042,SITE-014,2025-12-22T04:50:54Z,37,4785.95,retail
TXN-000000694,CUST-00734,PROD-0059,SITE-003,2025-03-13T07:09:11Z,6,971.7,field-sales
TXN-000000695,CUST-00363,PROD-0010,SITE-005,2024-11-09T20:01:53Z,27,3910.68,field-sales
TXN-000000696,CUST-00038,PROD-0074,SITE-002,2026-06-28T05:32:11Z,29,2659.3,field-sales
TXN-000000697,CUST-00555,PROD-0077,SITE-009,2025-06-15T08:45:23Z,20,4340,retail
TXN-000000698,CUST-00441,PROD-0021,SITE-008,2024-09-19T14:11:54Z,26,6648.72,retail
TXN-000000699,CUST-00784,PROD-0050,SITE-014,2025-04-09T03:13:26Z,11,940.17,retail
TXN-000000700,CUST-00581,PROD-0009,SITE-005,2026-07-25T05:14:31Z,16,4619.52,distributor
TXN-000000701,CUST-00184,PROD-0024,SITE-013,2025-04-06T00:53:59Z,35,10541.65,distributor
TXN-000000702,CUST-00505,PROD-0002,SITE-005,2024-10-02T21:29:43Z,40,14795.6,distributor
TXN-000000703,CUST-00603,PROD-0076,SITE-004,2026-07-02T01:45:22Z,30,5698.5,distributor
TXN-000000704,CUST-00242,PROD-0117,SITE-013,2026-06-25T22:46:19Z,14,698.18,distributor
TXN-000000705,CUST-00208,PROD-0067,SITE-004,2026-07-04T19:44:39Z,31,12318.47,retail
TXN-000000706,CUST-00162,PROD-0006,SITE-001,2024-10-04T20:59:27Z,5,568.25,online
TXN-000000707,CUST-00611,PROD-0086,SITE-010,2024-08-08T05:45:13Z,19,7164.9,retail
TXN-000000708,CUST-00395,PROD-0046,SITE-002,2025-09-08T20:17:14Z,21,2435.58,retail
TXN-000000709,CUST-00694,PROD-0073,SITE-012,2025-03-19T19:03:36Z,13,541.45,online
TXN-000000710,CUST-00610,PROD-0059,SITE-004,2024-07-10T04:33:00Z,3,750.69,field-sales
TXN-000000711,CUST-00270,PROD-0008,SITE-015,2025-08-22T15:30:34Z,6,1751.7,distributor
TXN-000000712,CUST-00215,PROD-0098,SITE-001,2024-10-10T18:35:06Z,19,1493.59,online
TXN-000000713,CUST-00411,PROD-0111,SITE-007,2026-05-24T06:48:15Z,33,7142.52,retail
TXN-000000714,CUST-00681,PROD-0019,SITE-003,2025-12-02T10:31:15Z,17,2266.61,online
TXN-000000715,CUST-00487,PROD-0049,SITE-010,2025-10-17T19:44:35Z,6,896.88,online
TXN-000000716,CUST-00287,PROD-0016,SITE-015,2025-12-22T00:22:01Z,31,12142.7,distributor
TXN-000000717,CUST-00726,PROD-0020,SITE-008,2026-06-21T03:13:15Z,33,1192.29,distributor
TXN-000000718,CUST-00160,PROD-0042,SITE-004,2025-05-14T16:34:57Z,22,5514.08,distributor
TXN-000000719,CUST-00442,PROD-0041,SITE-012,2026-01-08T23:31:39Z,38,4410.28,distributor
TXN-000000720,CUST-00628,PROD-0033,SITE-007,2024-11-28T13:57:14Z,4,1229.84,distributor
TXN-000000721,CUST-00354,PROD-0001,SITE-011,2026-02-26T17:59:30Z,25,9651,retail
TXN-000000722,CUST-00613,PROD-0043,SITE-012,2024-05-26T17:55:40Z,15,5919.15,distributor
TXN-000000723,CUST-00097,PROD-0059,SITE-014,2024-06-26T17:31:16Z,21,4594.17,retail
TXN-000000724,CUST-00446,PROD-0078,SITE-013,2024-08-26T03:03:27Z,18,2193.66,field-sales
TXN-000000725,CUST-00078,PROD-0052,SITE-013,2026-04-18T13:48:05Z,18,1691.46,distributor
TXN-000000726,CUST-00305,PROD-0071,SITE-015,2026-03-20T07:05:18Z,32,9619.52,retail
TXN-000000727,CUST-00676,PROD-0090,SITE-013,2026-03-16T02:35:16Z,31,9423.07,online
TXN-000000728,CUST-00125,PROD-0006,SITE-011,2026-01-08T02:39:04Z,36,6692.76,field-sales
TXN-000000729,CUST-00437,PROD-0049,SITE-007,2026-01-25T08:52:25Z,27,8642.16,field-sales
TXN-000000730,CUST-00144,PROD-0073,SITE-014,2026-02-24T00:19:55Z,3,264.93,retail
TXN-000000731,CUST-00305,PROD-0035,SITE-005,2026-04-24T00:57:01Z,28,7519.96,distributor
TXN-000000732,CUST-00623,PROD-0003,SITE-005,2024-12-04T19:14:36Z,28,6523.16,online
TXN-000000733,CUST-00752,PROD-0030,SITE-003,2024-12-02T17:21:39Z,18,5295.6,retail
TXN-000000734,CUST-00240,PROD-0044,SITE-004,2026-04-11T01:01:57Z,12,3670.44,online
TXN-000000735,CUST-00216,PROD-0094,SITE-012,2024-10-28T21:51:18Z,32,12261.12,field-sales
TXN-000000736,CUST-00640,PROD-0029,SITE-007,2026-04-30T15:01:34Z,11,1344.86,field-sales
TXN-000000737,CUST-00502,PROD-0083,SITE-012,2026-06-07T05:07:04Z,30,7266.9,online
TXN-000000738,CUST-00119,PROD-0023,SITE-011,2025-10-19T02:08:40Z,28,4101.16,online
TXN-000000739,CUST-00267,PROD-0036,SITE-001,2025-10-18T02:35:11Z,4,447.32,distributor
TXN-000000740,CUST-00615,PROD-0038,SITE-003,2026-07-21T18:27:50Z,39,5738.07,online
TXN-000000741,CUST-00259,PROD-0051,SITE-009,2024-07-10T05:09:40Z,25,703.25,field-sales
TXN-000000742,CUST-00509,PROD-0022,SITE-007,2024-12-22T08:01:14Z,18,2848.32,online
TXN-000000743,CUST-00325,PROD-0051,SITE-013,2024-08-10T00:21:05Z,26,6662.5,online
TXN-000000744,CUST-00077,PROD-0002,SITE-003,2024-12-14T11:02:07Z,10,2720.8,field-sales
TXN-000000745,CUST-00031,PROD-0098,SITE-013,2025-08-20T02:13:03Z,28,6600.16,retail
TXN-000000746,CUST-00537,PROD-0014,SITE-014,2025-04-07T12:57:07Z,39,14548.56,distributor
TXN-000000747,CUST-00222,PROD-0064,SITE-015,2026-08-25T19:33:47Z,1,144.99,distributor
TXN-000000748,CUST-00736,PROD-0072,SITE-002,2026-01-22T06:08:49Z,18,540.54,distributor
TXN-000000749,CUST-00019,PROD-0029,SITE-006,2025-05-19T21:25:15Z,4,929.6,retail
TXN-000000750,CUST-00370,PROD-0103,SITE-015,2026-02-18T22:51:16Z,40,7970.4,field-sales
TXN-000000751,CUST-00793,PROD-0096,SITE-008,2025-01-26T05:15:11Z,28,1269.8,distributor
TXN-000000752,CUST-00675,PROD-0076,SITE-004,2025-09-12T22:06:08Z,17,4662.93,field-sales
TXN-000000753,CUST-00205,PROD-0018,SITE-013,2025-08-22T04:57:14Z,10,1386.1,online
TXN-000000754,CUST-00399,PROD-0050,SITE-009,2026-08-23T09:37:37Z,24,6720.72,distributor
TXN-000000755,CUST-00693,PROD-0095,SITE-006,2025-02-17T07:45:37Z,12,2616.36,distributor
TXN-000000756,CUST-00655,PROD-0020,SITE-005,2026-04-16T19:08:10Z,34,5937.42,online
TXN-000000757,CUST-00372,PROD-0099,SITE-008,2025-10-24T10:25:51Z,9,1057.95,retail
TXN-000000758,CUST-00779,PROD-0071,SITE-007,2025-05-19T11:20:11Z,31,3446.58,field-sales
TXN-000000759,CUST-00426,PROD-0046,SITE-015,2024-08-09T20:19:10Z,40,1343.6,online
TXN-000000760,CUST-00364,PROD-0074,SITE-007,2026-06-16T02:38:25Z,32,3648,field-sales
TXN-000000761,CUST-00443,PROD-0049,SITE-001,2026-07-04T12:57:59Z,35,13809.6,distributor
TXN-000000762,CUST-00220,PROD-0014,SITE-012,2025-06-06T14:32:30Z,24,4492.8,retail
TXN-000000763,CUST-00647,PROD-0048,SITE-013,2025-10-12T22:20:09Z,23,3017.6,field-sales
TXN-000000764,CUST-00616,PROD-0060,SITE-011,2025-12-14T06:12:23Z,12,374.52,retail
TXN-000000765,CUST-00133,PROD-0045,SITE-001,2025-03-01T18:17:05Z,10,1651.2,field-sales
TXN-000000766,CUST-00682,PROD-0039,SITE-004,2025-12-06T07:28:50Z,17,4926.43,retail
TXN-000000767,CUST-00190,PROD-0051,SITE-014,2026-02-12T09:57:22Z,18,4347.36,distributor
TXN-000000768,CUST-00047,PROD-0093,SITE-001,2026-01-08T21:11:53Z,37,9900.09,online
TXN-000000769,CUST-00670,PROD-0040,SITE-015,2026-03-05T20:55:04Z,26,289.12,online
TXN-000000770,CUST-00041,PROD-0077,SITE-005,2026-03-04T07:37:32Z,1,134.46,online
TXN-000000771,CUST-00537,PROD-0019,SITE-007,2026-08-06T12:15:46Z,37,3580.49,distributor
TXN-000000772,CUST-00337,PROD-0081,SITE-008,2025-11-11T06:36:21Z,9,2803.32,online
TXN-000000773,CUST-00374,PROD-0040,SITE-001,2025-05-27T12:45:29Z,25,1834,retail
TXN-000000774,CUST-00486,PROD-0027,SITE-001,2024-11-19T05:59:33Z,17,6739.82,online
TXN-000000775,CUST-00367,PROD-0056,SITE-009,2024-09-09T01:59:41Z,19,2552.27,retail
TXN-000000776,CUST-00425,PROD-0070,SITE-007,2025-03-17T09:26:34Z,12,3151.2,field-sales
TXN-000000777,CUST-00234,PROD-0046,SITE-005,2025-10-24T09:28:11Z,18,3404.34,retail
TXN-000000778,CUST-00540,PROD-0049,SITE-012,2025-08-30T21:40:21Z,1,107.12,field-sales
TXN-000000779,CUST-00586,PROD-0115,SITE-008,2025-09-16T07:51:01Z,31,1029.2,online
TXN-000000780,CUST-00235,PROD-0110,SITE-005,2025-01-28T08:08:22Z,7,942.76,distributor
TXN-000000781,CUST-00670,PROD-0018,SITE-007,2024-07-23T00:19:51Z,23,4752.49,online
TXN-000000782,CUST-00205,PROD-0033,SITE-009,2026-06-14T05:11:32Z,40,10793.2,distributor
TXN-000000783,CUST-00649,PROD-0056,SITE-010,2025-10-10T07:00:24Z,13,2268.89,retail
TXN-000000784,CUST-00198,PROD-0093,SITE-006,2026-02-20T10:53:53Z,24,544.56,retail
TXN-000000785,CUST-00216,PROD-0006,SITE-004,2024-09-15T09:45:24Z,18,1392.66,retail
TXN-000000786,CUST-00737,PROD-0059,SITE-012,2025-11-20T21:34:20Z,25,9823.75,online
TXN-000000787,CUST-00203,PROD-0098,SITE-002,2025-12-13T16:05:49Z,7,1011.78,distributor
TXN-000000788,CUST-00306,PROD-0026,SITE-003,2024-11-22T11:19:00Z,7,1910.09,field-sales
TXN-000000789,CUST-00052,PROD-0090,SITE-015,2026-05-08T06:39:52Z,6,323.46,retail
TXN-000000790,CUST-00651,PROD-0020,SITE-010,2025-12-23T02:18:13Z,39,1870.83,field-sales
TXN-000000791,CUST-00694,PROD-0049,SITE-001,2026-02-12T18:55:21Z,20,6046.2,retail
TXN-000000792,CUST-00305,PROD-0084,SITE-014,2025-09-14T11:57:12Z,29,9471.11,retail
TXN-000000793,CUST-00093,PROD-0024,SITE-003,2026-08-09T14:36:29Z,36,9396.72,field-sales
TXN-000000794,CUST-00607,PROD-0044,SITE-008,2025-10-28T04:16:30Z,38,13256.68,field-sales
TXN-000000795,CUST-00406,PROD-0023,SITE-012,2026-05-06T08:57:47Z,31,6991.12,distributor
TXN-000000796,CUST-00273,PROD-0117,SITE-003,2025-04-24T19:23:03Z,28,1816.92,field-sales
TXN-000000797,CUST-00339,PROD-0036,SITE-003,2024-12-23T07:34:08Z,19,5040.89,distributor
TXN-000000798,CUST-00349,PROD-0078,SITE-008,2025-07-17T12:09:23Z,30,6582.9,field-sales
TXN-000000799,CUST-00581,PROD-0006,SITE-013,2026-08-23T00:19:01Z,37,12778.32,distributor
TXN-000000800,CUST-00469,PROD-0084,SITE-015,2026-08-06T06:14:57Z,26,3387.8,field-sales
TXN-000000801,CUST-00639,PROD-0042,SITE-007,2026-07-23T00:23:52Z,32,1434.88,online
TXN-000000802,CUST-00472,PROD-0111,SITE-002,2024-07-27T14:18:05Z,24,2252.4,field-sales
TXN-000000803,CUST-00557,PROD-0040,SITE-012,2025-10-28T19:30:33Z,31,10468.7,distributor
TXN-000000804,CUST-00233,PROD-0112,SITE-003,2024-07-22T14:24:08Z,10,3781.6,online
TXN-000000805,CUST-00005,PROD-0078,SITE-002,2025-05-11T05:33:17Z,28,8468.32,field-sales
TXN-000000806,CUST-00240,PROD-0089,SITE-014,2026-04-10T05:09:51Z,17,3207.39,distributor
TXN-000000807,CUST-00258,PROD-0010,SITE-001,2026-03-15T02:55:36Z,11,1729.64,distributor
TXN-000000808,CUST-00283,PROD-0096,SITE-011,2025-11-28T12:38:13Z,27,6911.19,retail
TXN-000000809,CUST-00330,PROD-0106,SITE-008,2024-10-20T02:33:25Z,6,2162.64,retail
TXN-000000810,CUST-00663,PROD-0058,SITE-002,2025-02-08T04:43:57Z,32,1104.32,field-sales
TXN-000000811,CUST-00562,PROD-0040,SITE-008,2026-01-04T15:21:14Z,28,3055.08,online
TXN-000000812,CUST-00285,PROD-0085,SITE-011,2024-11-24T06:17:48Z,35,7473.2,field-sales
TXN-000000813,CUST-00215,PROD-0036,SITE-001,2026-06-17T11:11:59Z,25,5572.25,field-sales
TXN-000000814,CUST-00798,PROD-0049,SITE-014,2026-03-18T17:11:16Z,19,2616.49,retail
TXN-000000815,CUST-00267,PROD-0054,SITE-012,2026-04-28T05:26:56Z,13,1417.91,retail
TXN-000000816,CUST-00276,PROD-0109,SITE-009,2025-03-30T21:49:20Z,9,666.81,online
TXN-000000817,CUST-00603,PROD-0095,SITE-005,2026-05-27T21:58:05Z,23,6609.51,online
TXN-000000818,CUST-00283,PROD-0001,SITE-004,2026-01-03T11:49:53Z,26,5872.1,online
TXN-000000819,CUST-00095,PROD-0068,SITE-003,2026-03-01T13:03:10Z,10,2684.7,distributor
TXN-000000820,CUST-00484,PROD-0030,SITE-013,2026-06-29T23:08:57Z,23,7309.63,field-sales
TXN-000000821,CUST-00286,PROD-0058,SITE-013,2025-08-17T19:56:12Z,2,374.58,online
TXN-000000822,CUST-00759,PROD-0016,SITE-007,2025-03-22T19:28:57Z,30,10219.2,distributor
TXN-000000823,CUST-00101,PROD-0093,SITE-006,2025-12-08T06:21:20Z,24,1733.76,online
TXN-000000824,CUST-00606,PROD-0079,SITE-008,2025-09-06T22:44:36Z,9,102.33,field-sales
TXN-000000825,CUST-00579,PROD-0112,SITE-011,2026-07-16T05:37:47Z,26,6223.88,distributor
TXN-000000826,CUST-00532,PROD-0018,SITE-014,2026-03-28T22:01:22Z,21,1662.36,distributor
TXN-000000827,CUST-00239,PROD-0105,SITE-014,2025-04-16T17:42:18Z,4,1117.08,field-sales
TXN-000000828,CUST-00427,PROD-0088,SITE-008,2025-05-13T13:19:21Z,13,1494.74,distributor
TXN-000000829,CUST-00031,PROD-0051,SITE-004,2024-11-09T13:25:33Z,18,3989.88,field-sales
TXN-000000830,CUST-00160,PROD-0083,SITE-002,2025-06-30T15:40:00Z,14,2167.06,online
TXN-000000831,CUST-00161,PROD-0060,SITE-005,2025-03-11T07:06:09Z,13,4713.28,field-sales
TXN-000000832,CUST-00068,PROD-0003,SITE-008,2026-08-29T10:11:19Z,21,7427.49,online
TXN-000000833,CUST-00021,PROD-0040,SITE-010,2025-10-04T20:11:17Z,25,9420,distributor
TXN-000000834,CUST-00715,PROD-0050,SITE-013,2025-06-08T17:02:00Z,30,9029.7,retail
TXN-000000835,CUST-00140,PROD-0042,SITE-012,2026-03-10T01:40:01Z,37,14062.22,retail
TXN-000000836,CUST-00144,PROD-0014,SITE-008,2025-08-30T12:05:33Z,10,3818.7,distributor
TXN-000000837,CUST-00598,PROD-0050,SITE-012,2025-09-23T12:14:41Z,4,1241.92,online
TXN-000000838,CUST-00408,PROD-0061,SITE-003,2026-08-23T16:45:28Z,33,9469.02,online
TXN-000000839,CUST-00275,PROD-0046,SITE-011,2026-04-13T19:05:24Z,15,1818,distributor
TXN-000000840,CUST-00174,PROD-0062,SITE-010,2025-05-08T13:36:57Z,11,179.41,retail
TXN-000000841,CUST-00186,PROD-0037,SITE-009,2025-12-17T18:11:02Z,4,471.44,retail
TXN-000000842,CUST-00074,PROD-0011,SITE-014,2024-03-18T10:12:11Z,12,2962.56,retail
TXN-000000843,CUST-00181,PROD-0114,SITE-012,2024-12-02T03:37:21Z,10,889.4,retail
TXN-000000844,CUST-00754,PROD-0054,SITE-001,2026-01-31T06:24:04Z,4,463.68,retail
TXN-000000845,CUST-00525,PROD-0044,SITE-007,2025-06-14T17:39:25Z,9,431.19,distributor
TXN-000000846,CUST-00635,PROD-0096,SITE-005,2025-03-08T02:37:27Z,18,6652.44,retail
TXN-000000847,CUST-00675,PROD-0087,SITE-015,2025-10-06T18:27:56Z,20,3277,field-sales
TXN-000000848,CUST-00327,PROD-0059,SITE-012,2025-08-27T09:39:45Z,10,1690.6,online
TXN-000000849,CUST-00450,PROD-0071,SITE-003,2025-03-23T22:35:32Z,15,424.65,online
TXN-000000850,CUST-00145,PROD-0060,SITE-011,2026-06-14T16:19:52Z,19,5648.89,distributor
TXN-000000851,CUST-00703,PROD-0105,SITE-001,2025-07-29T06:33:20Z,2,750.08,distributor
TXN-000000852,CUST-00277,PROD-0036,SITE-014,2025-05-28T19:45:11Z,23,1143.1,distributor
TXN-000000853,CUST-00624,PROD-0098,SITE-014,2026-04-16T13:14:29Z,16,153.12,online
TXN-000000854,CUST-00133,PROD-0050,SITE-011,2026-08-14T00:43:57Z,10,1266.7,field-sales
TXN-000000855,CUST-00735,PROD-0007,SITE-002,2025-10-07T09:17:41Z,23,4088.48,online
TXN-000000856,CUST-00376,PROD-0087,SITE-015,2026-07-19T19:25:42Z,11,2432.76,field-sales
TXN-000000857,CUST-00557,PROD-0006,SITE-012,2025-07-26T05:15:31Z,14,1310.82,distributor
TXN-000000858,CUST-00009,PROD-0015,SITE-007,2026-06-16T16:22:04Z,16,648.16,online
TXN-000000859,CUST-00761,PROD-0059,SITE-006,2025-08-25T20:23:25Z,20,4682.6,distributor
TXN-000000860,CUST-00248,PROD-0003,SITE-001,2026-02-22T23:21:12Z,37,3090.98,online
TXN-000000861,CUST-00429,PROD-0081,SITE-004,2026-08-13T21:46:26Z,8,2637.68,retail
TXN-000000862,CUST-00592,PROD-0014,SITE-009,2025-07-11T17:25:39Z,13,3404.05,online
TXN-000000863,CUST-00147,PROD-0048,SITE-005,2024-10-26T22:56:03Z,5,1482.85,online
TXN-000000864,CUST-00348,PROD-0047,SITE-006,2026-03-04T17:15:03Z,31,3383.65,distributor
TXN-000000865,CUST-00724,PROD-0079,SITE-001,2025-04-04T17:01:24Z,10,2068.3,distributor
TXN-000000866,CUST-00308,PROD-0066,SITE-009,2024-08-30T22:16:52Z,3,1022.43,distributor
TXN-000000867,CUST-00526,PROD-0004,SITE-009,2025-10-27T02:24:30Z,27,4543.02,online
TXN-000000868,CUST-00089,PROD-0003,SITE-005,2024-08-08T01:52:59Z,19,374.3,field-sales
TXN-000000869,CUST-00362,PROD-0107,SITE-009,2026-02-06T14:06:36Z,11,2615.36,online
TXN-000000870,CUST-00375,PROD-0039,SITE-015,2026-05-17T22:33:37Z,18,3165.12,distributor
TXN-000000871,CUST-00342,PROD-0050,SITE-001,2025-03-18T01:30:38Z,17,6315.67,online
TXN-000000872,CUST-00528,PROD-0110,SITE-013,2024-06-10T23:30:11Z,31,1906.19,online
TXN-000000873,CUST-00438,PROD-0095,SITE-015,2025-06-07T23:57:43Z,3,450.03,retail
TXN-000000874,CUST-00077,PROD-0036,SITE-007,2024-10-10T18:09:05Z,2,681.12,distributor
TXN-000000875,CUST-00656,PROD-0103,SITE-009,2025-01-10T03:31:53Z,40,4208.8,online
TXN-000000876,CUST-00374,PROD-0022,SITE-003,2024-09-23T07:12:59Z,35,9371.25,retail
TXN-000000877,CUST-00355,PROD-0060,SITE-002,2025-03-24T05:33:46Z,10,3149,online
TXN-000000878,CUST-00670,PROD-0062,SITE-009,2024-04-26T07:20:25Z,32,1294.08,online
TXN-000000879,CUST-00604,PROD-0051,SITE-014,2025-12-03T19:21:52Z,14,2179.38,field-sales
TXN-000000880,CUST-00662,PROD-0067,SITE-006,2026-01-23T21:21:37Z,6,2018.94,retail
TXN-000000881,CUST-00120,PROD-0073,SITE-013,2025-04-13T14:13:32Z,10,3730.3,distributor
TXN-000000882,CUST-00698,PROD-0082,SITE-005,2025-10-04T15:49:45Z,22,2258.96,distributor
TXN-000000883,CUST-00637,PROD-0090,SITE-009,2025-10-17T01:04:08Z,22,4350.06,retail
TXN-000000884,CUST-00143,PROD-0119,SITE-015,2025-03-22T00:55:19Z,30,9969.3,field-sales
TXN-000000885,CUST-00754,PROD-0089,SITE-004,2024-11-19T15:44:41Z,33,6403.65,retail
TXN-000000886,CUST-00632,PROD-0042,SITE-001,2025-02-08T08:17:48Z,35,1879.15,online
TXN-000000887,CUST-00107,PROD-0099,SITE-011,2024-09-19T08:01:27Z,31,12239.73,retail
TXN-000000888,CUST-00106,PROD-0088,SITE-008,2025-05-12T20:13:12Z,15,5112.15,online
TXN-000000889,CUST-00397,PROD-0058,SITE-001,2026-07-28T14:16:22Z,15,4624.05,retail
TXN-000000890,CUST-00104,PROD-0007,SITE-011,2025-05-02T16:41:27Z,26,8818.68,online
TXN-000000891,CUST-00422,PROD-0095,SITE-010,2024-11-23T22:58:09Z,11,2596.88,field-sales
TXN-000000892,CUST-00474,PROD-0003,SITE-007,2025-10-21T20:11:05Z,2,170.84,online
TXN-000000893,CUST-00442,PROD-0032,SITE-012,2026-08-28T20:18:55Z,15,2037.15,field-sales
TXN-000000894,CUST-00488,PROD-0056,SITE-011,2025-10-07T00:52:42Z,33,1891.56,distributor
TXN-000000895,CUST-00777,PROD-0054,SITE-011,2025-08-27T02:16:04Z,6,1427.64,distributor
TXN-000000896,CUST-00647,PROD-0091,SITE-010,2026-04-27T21:52:54Z,11,2162.6,online
TXN-000000897,CUST-00318,PROD-0019,SITE-011,2024-11-01T15:33:42Z,1,59.27,online
TXN-000000898,CUST-00349,PROD-0016,SITE-011,2025-01-09T05:15:18Z,13,5156.97,retail
TXN-000000899,CUST-00343,PROD-0029,SITE-006,2025-11-01T16:52:34Z,24,1137.6,online
TXN-000000900,CUST-00238,PROD-0092,SITE-001,2026-03-26T15:51:50Z,28,8855.56,retail
TXN-000000901,CUST-00739,PROD-0059,SITE-014,2025-05-23T07:19:53Z,5,854.35,retail
TXN-000000902,CUST-00445,PROD-0059,SITE-008,2026-08-12T20:16:31Z,16,1212.48,online
TXN-000000903,CUST-00070,PROD-0019,SITE-005,2026-07-20T21:03:25Z,28,8989.12,retail
TXN-000000904,CUST-00010,PROD-0078,SITE-015,2025-05-06T03:40:29Z,33,8204.79,field-sales
TXN-000000905,CUST-00775,PROD-0075,SITE-010,2025-10-12T19:03:16Z,30,2520.6,distributor
TXN-000000906,CUST-00415,PROD-0068,SITE-008,2024-07-15T20:43:14Z,11,1318.57,distributor
TXN-000000907,CUST-00009,PROD-0054,SITE-014,2025-10-11T05:22:53Z,4,849.72,retail
TXN-000000908,CUST-00433,PROD-0084,SITE-005,2025-12-08T00:17:46Z,8,983.12,online
TXN-000000909,CUST-00179,PROD-0081,SITE-004,2026-08-09T15:04:46Z,29,3851.2,online
TXN-000000910,CUST-00243,PROD-0032,SITE-014,2024-06-30T12:56:41Z,39,4621.11,field-sales
TXN-000000911,CUST-00124,PROD-0028,SITE-001,2026-01-09T22:46:23Z,27,714.15,field-sales
TXN-000000912,CUST-00562,PROD-0068,SITE-012,2025-06-29T08:03:12Z,19,2204.19,online
TXN-000000913,CUST-00026,PROD-0032,SITE-012,2025-10-04T17:54:50Z,21,7384.65,distributor
TXN-000000914,CUST-00026,PROD-0029,SITE-014,2024-11-28T17:35:06Z,23,3315.45,distributor
TXN-000000915,CUST-00220,PROD-0077,SITE-010,2026-06-20T03:35:33Z,38,3396.44,retail
TXN-000000916,CUST-00613,PROD-0037,SITE-009,2025-04-09T21:22:32Z,11,2645.61,retail
TXN-000000917,CUST-00728,PROD-0064,SITE-001,2026-06-25T05:22:02Z,15,3016.8,retail
TXN-000000918,CUST-00185,PROD-0085,SITE-009,2026-04-25T19:52:17Z,14,1314.46,retail
TXN-000000919,CUST-00732,PROD-0083,SITE-006,2026-04-06T02:13:10Z,14,4287.22,retail
TXN-000000920,CUST-00090,PROD-0005,SITE-012,2025-07-16T04:54:21Z,29,6491.94,distributor
TXN-000000921,CUST-00702,PROD-0067,SITE-008,2026-04-24T07:49:58Z,11,3694.9,field-sales
TXN-000000922,CUST-00369,PROD-0009,SITE-015,2025-03-13T04:10:38Z,17,1122.85,online
TXN-000000923,CUST-00666,PROD-0115,SITE-009,2025-10-07T23:00:37Z,19,7436.79,online
TXN-000000924,CUST-00713,PROD-0065,SITE-002,2026-08-15T01:31:48Z,31,5836.68,online
TXN-000000925,CUST-00138,PROD-0018,SITE-013,2025-09-16T04:16:08Z,13,2491.06,field-sales
TXN-000000926,CUST-00516,PROD-0109,SITE-009,2026-08-04T18:59:44Z,38,1603.6,field-sales
TXN-000000927,CUST-00433,PROD-0057,SITE-009,2025-03-11T13:59:35Z,38,14193.76,online
TXN-000000928,CUST-00461,PROD-0096,SITE-002,2025-10-07T12:38:32Z,15,4516.5,retail
TXN-000000929,CUST-00239,PROD-0106,SITE-011,2026-04-12T19:48:05Z,7,2541.98,distributor
TXN-000000930,CUST-00014,PROD-0082,SITE-012,2025-08-20T13:13:36Z,30,1078.2,distributor
TXN-000000931,CUST-00223,PROD-0062,SITE-006,2024-09-14T02:26:47Z,28,7325.64,field-sales
TXN-000000932,CUST-00298,PROD-0065,SITE-009,2025-07-06T15:23:20Z,12,4743.6,distributor
TXN-000000933,CUST-00492,PROD-0040,SITE-005,2025-10-14T21:23:08Z,28,5635,distributor
TXN-000000934,CUST-00431,PROD-0044,SITE-010,2025-03-08T12:22:12Z,32,6634.88,retail
TXN-000000935,CUST-00015,PROD-0083,SITE-002,2025-07-28T10:30:12Z,11,1837.77,retail
TXN-000000936,CUST-00205,PROD-0001,SITE-004,2025-08-21T07:28:20Z,25,4316.75,field-sales
TXN-000000937,CUST-00434,PROD-0009,SITE-008,2025-03-21T04:59:52Z,39,10618.53,field-sales
TXN-000000938,CUST-00238,PROD-0049,SITE-013,2026-04-25T05:45:39Z,36,9752.4,retail
TXN-000000939,CUST-00068,PROD-0002,SITE-011,2026-05-16T13:30:58Z,11,205.92,retail
TXN-000000940,CUST-00468,PROD-0068,SITE-002,2026-01-22T21:10:03Z,31,501.58,distributor
TXN-000000941,CUST-00519,PROD-0067,SITE-005,2025-11-29T17:58:06Z,22,5716.7,retail
TXN-000000942,CUST-00637,PROD-0033,SITE-009,2025-04-15T05:34:03Z,36,9732.24,retail
TXN-000000943,CUST-00198,PROD-0005,SITE-003,2026-08-06T15:40:17Z,26,504.4,field-sales
TXN-000000944,CUST-00649,PROD-0022,SITE-001,2026-05-02T16:21:32Z,35,599.55,distributor
TXN-000000945,CUST-00567,PROD-0072,SITE-001,2024-11-26T05:13:05Z,7,1615.18,field-sales
TXN-000000946,CUST-00369,PROD-0099,SITE-006,2026-01-24T17:36:16Z,22,6650.82,online
TXN-000000947,CUST-00702,PROD-0020,SITE-014,2026-03-25T17:02:16Z,23,8719.99,field-sales
TXN-000000948,CUST-00200,PROD-0002,SITE-002,2025-02-08T15:07:21Z,37,10100.26,distributor
TXN-000000949,CUST-00452,PROD-0092,SITE-013,2024-08-06T23:55:16Z,28,2352.56,online
TXN-000000950,CUST-00358,PROD-0016,SITE-004,2024-10-30T00:15:55Z,6,1590.54,online
TXN-000000951,CUST-00582,PROD-0098,SITE-007,2025-05-09T06:47:05Z,23,5667.43,online
TXN-000000952,CUST-00625,PROD-0051,SITE-010,2025-04-04T10:56:27Z,36,4154.4,retail
TXN-000000953,CUST-00293,PROD-0103,SITE-015,2026-05-27T19:37:49Z,14,1007.3,field-sales
TXN-000000954,CUST-00336,PROD-0107,SITE-014,2025-07-07T02:20:02Z,26,5420.22,retail
TXN-000000955,CUST-00634,PROD-0020,SITE-009,2025-07-28T03:18:02Z,3,304.2,online
TXN-000000956,CUST-00579,PROD-0116,SITE-011,2026-02-14T11:44:43Z,23,6000.93,retail
TXN-000000957,CUST-00251,PROD-0070,SITE-010,2026-04-23T15:36:57Z,34,4179.28,distributor
TXN-000000958,CUST-00011,PROD-0055,SITE-005,2026-01-18T02:04:44Z,25,6227,field-sales
TXN-000000959,CUST-00332,PROD-0034,SITE-005,2024-06-21T05:51:16Z,2,745.6,field-sales
TXN-000000960,CUST-00181,PROD-0064,SITE-015,2026-06-04T20:29:58Z,10,754.7,retail
TXN-000000961,CUST-00367,PROD-0057,SITE-013,2025-03-21T15:20:42Z,15,469.35,online
TXN-000000962,CUST-00357,PROD-0014,SITE-014,2025-07-24T09:45:24Z,28,9451.12,retail
TXN-000000963,CUST-00458,PROD-0060,SITE-012,2025-09-27T12:31:36Z,29,3102.13,retail
TXN-000000964,CUST-00013,PROD-0006,SITE-004,2024-06-26T22:50:54Z,12,564.72,field-sales
TXN-000000965,CUST-00326,PROD-0110,SITE-010,2025-03-05T07:10:48Z,30,10103.4,retail
TXN-000000966,CUST-00453,PROD-0032,SITE-015,2025-06-19T21:00:46Z,7,877.94,retail
TXN-000000967,CUST-00337,PROD-0005,SITE-006,2025-12-27T15:04:51Z,20,1163,online
TXN-000000968,CUST-00236,PROD-0019,SITE-005,2025-12-09T09:24:47Z,39,5764.59,distributor
TXN-000000969,CUST-00642,PROD-0087,SITE-013,2026-01-24T16:56:28Z,36,13833,online
TXN-000000970,CUST-00272,PROD-0045,SITE-002,2025-09-25T23:07:27Z,29,8777.72,field-sales
TXN-000000971,CUST-00440,PROD-0108,SITE-012,2026-03-31T02:23:22Z,2,216.18,retail
TXN-000000972,CUST-00283,PROD-0042,SITE-003,2024-08-28T12:03:32Z,22,8178.06,online
TXN-000000973,CUST-00252,PROD-0037,SITE-001,2025-04-27T18:05:50Z,25,2543.75,field-sales
TXN-000000974,CUST-00007,PROD-0003,SITE-014,2025-06-07T06:14:58Z,18,2362.68,retail
TXN-000000975,CUST-00356,PROD-0019,SITE-006,2026-06-11T23:31:27Z,19,3137.66,retail
TXN-000000976,CUST-00204,PROD-0095,SITE-011,2026-08-12T11:24:26Z,18,708.84,retail
TXN-000000977,CUST-00133,PROD-0078,SITE-005,2024-08-08T01:03:12Z,3,598.14,distributor
TXN-000000978,CUST-00229,PROD-0077,SITE-012,2026-03-09T17:57:16Z,23,6624.23,field-sales
TXN-000000979,CUST-00747,PROD-0087,SITE-001,2024-12-08T00:55:04Z,3,655.02,distributor
TXN-000000980,CUST-00083,PROD-0115,SITE-001,2026-02-01T06:37:27Z,37,4945.79,online
TXN-000000981,CUST-00224,PROD-0117,SITE-013,2026-05-23T12:42:18Z,30,2682.6,field-sales
TXN-000000982,CUST-00133,PROD-0098,SITE-013,2024-09-05T04:34:17Z,23,5906.4,distributor
TXN-000000983,CUST-00171,PROD-0064,SITE-012,2025-02-21T08:39:38Z,28,1255.52,online
TXN-000000984,CUST-00686,PROD-0045,SITE-011,2025-12-05T17:21:49Z,13,4052.49,online
TXN-000000985,CUST-00274,PROD-0078,SITE-008,2026-05-14T16:47:05Z,15,3226.35,field-sales
TXN-000000986,CUST-00392,PROD-0084,SITE-003,2026-03-02T05:38:13Z,33,9730.05,online
TXN-000000987,CUST-00394,PROD-0082,SITE-005,2025-11-17T19:59:15Z,19,6450.69,distributor
TXN-000000988,CUST-00447,PROD-0019,SITE-005,2026-05-06T12:28:30Z,15,1562.1,distributor
TXN-000000989,CUST-00794,PROD-0120,SITE-012,2026-06-03T02:51:13Z,5,1388.5,field-sales
TXN-000000990,CUST-00318,PROD-0118,SITE-005,2025-09-10T16:15:36Z,7,1761.34,retail
TXN-000000991,CUST-00443,PROD-0043,SITE-010,2026-04-05T09:00:39Z,22,5386.48,distributor
TXN-000000992,CUST-00210,PROD-0031,SITE-010,2025-05-26T01:37:28Z,37,13506.48,retail
TXN-000000993,CUST-00731,PROD-0081,SITE-009,2024-07-29T19:49:01Z,31,1074.77,online
TXN-000000994,CUST-00711,PROD-0089,SITE-012,2025-06-29T18:36:35Z,2,636.72,distributor
TXN-000000995,CUST-00607,PROD-0096,SITE-009,2024-10-26T01:45:52Z,8,1049.28,online
TXN-000000996,CUST-00539,PROD-0086,SITE-003,2024-08-29T20:04:26Z,10,1191.6,distributor
TXN-000000997,CUST-00635,PROD-0040,SITE-005,2025-07-04T23:46:29Z,40,4966.4,online
TXN-000000998,CUST-00695,PROD-0030,SITE-006,2026-01-13T03:47:48Z,14,1347.78,retail
TXN-000000999,CUST-00646,PROD-0109,SITE-002,2026-06-12T03:29:46Z,3,617.55,distributor
TXN-000001000,CUST-00184,PROD-0004,SITE-004,2026-03-12T06:08:20Z,22,6535.32,field-sales
TXN-000001001,CUST-00152,PROD-0072,SITE-012,2025-02-19T20:40:29Z,4,1486.8,online
TXN-000001002,CUST-00468,PROD-0004,SITE-013,2026-03-24T13:01:15Z,5,1216.95,field-sales
TXN-000001003,CUST-00517,PROD-0026,SITE-005,2025-09-21T14:31:44Z,32,3268.16,retail
TXN-000001004,CUST-00314,PROD-0013,SITE-001,2026-08-24T04:39:41Z,23,3306.48,retail
TXN-000001005,CUST-00098,PROD-0044,SITE-005,2024-07-15T09:37:11Z,20,524.8,field-sales
TXN-000001006,CUST-00716,PROD-0046,SITE-011,2025-07-17T17:26:10Z,25,4508.5,distributor
TXN-000001007,CUST-00783,PROD-0051,SITE-007,2026-07-27T13:35:02Z,25,9558.75,distributor
TXN-000001008,CUST-00534,PROD-0067,SITE-008,2025-06-22T04:19:51Z,17,5433.88,retail
TXN-000001009,CUST-00723,PROD-0038,SITE-003,2026-08-29T23:25:12Z,15,1438.8,field-sales
TXN-000001010,CUST-00235,PROD-0096,SITE-005,2026-04-05T15:44:03Z,21,7026.18,online
TXN-000001011,CUST-00358,PROD-0103,SITE-004,2026-01-04T00:22:29Z,25,1465,field-sales
TXN-000001012,CUST-00249,PROD-0062,SITE-006,2026-08-29T17:41:49Z,28,5393.64,retail
TXN-000001013,CUST-00715,PROD-0041,SITE-008,2026-08-30T08:19:10Z,17,4312.39,distributor
TXN-000001014,CUST-00777,PROD-0108,SITE-007,2025-06-07T12:15:41Z,9,2036.25,online
TXN-000001015,CUST-00058,PROD-0057,SITE-001,2026-01-17T05:05:31Z,39,13878.15,distributor
TXN-000001016,CUST-00520,PROD-0002,SITE-010,2024-12-31T16:27:59Z,20,3856.8,field-sales
TXN-000001017,CUST-00068,PROD-0004,SITE-010,2024-05-24T12:40:34Z,24,7644.48,distributor
TXN-000001018,CUST-00261,PROD-0112,SITE-004,2026-01-24T03:17:33Z,24,1875.84,field-sales
TXN-000001019,CUST-00257,PROD-0043,SITE-012,2026-05-09T03:16:31Z,9,2779.11,distributor
TXN-000001020,CUST-00410,PROD-0001,SITE-010,2025-06-14T00:54:06Z,2,362.86,online
TXN-000001021,CUST-00091,PROD-0047,SITE-012,2025-12-18T17:58:18Z,5,569.05,field-sales
TXN-000001022,CUST-00579,PROD-0092,SITE-008,2025-01-21T06:24:09Z,11,2427.81,retail
TXN-000001023,CUST-00524,PROD-0107,SITE-009,2024-11-21T08:59:37Z,10,2100.8,distributor
TXN-000001024,CUST-00380,PROD-0028,SITE-006,2026-06-22T08:13:56Z,10,1267.1,distributor
TXN-000001025,CUST-00014,PROD-0091,SITE-005,2024-10-29T12:23:51Z,33,12591.15,distributor
TXN-000001026,CUST-00480,PROD-0049,SITE-002,2025-03-12T14:13:49Z,27,2207.25,field-sales
TXN-000001027,CUST-00128,PROD-0025,SITE-006,2026-01-17T03:55:40Z,39,1584.96,online
TXN-000001028,CUST-00760,PROD-0111,SITE-008,2026-08-03T18:01:56Z,20,6258.4,distributor
TXN-000001029,CUST-00368,PROD-0030,SITE-008,2026-01-19T23:53:32Z,2,183.54,distributor
TXN-000001030,CUST-00720,PROD-0011,SITE-010,2026-03-11T06:59:43Z,38,14114.72,online
TXN-000001031,CUST-00408,PROD-0063,SITE-014,2024-11-26T01:29:14Z,30,8415.9,retail
TXN-000001032,CUST-00501,PROD-0107,SITE-004,2025-01-13T22:46:49Z,7,2266.18,retail
TXN-000001033,CUST-00544,PROD-0038,SITE-004,2025-04-24T04:11:02Z,31,1691.05,online
TXN-000001034,CUST-00056,PROD-0115,SITE-009,2026-07-11T01:08:40Z,24,4345.92,distributor
TXN-000001035,CUST-00775,PROD-0010,SITE-009,2026-04-14T19:51:32Z,36,6795.72,distributor
TXN-000001036,CUST-00462,PROD-0086,SITE-009,2024-04-29T19:00:23Z,12,4055.16,distributor
TXN-000001037,CUST-00512,PROD-0022,SITE-011,2026-02-23T15:06:45Z,11,3002.78,retail
TXN-000001038,CUST-00327,PROD-0063,SITE-013,2025-11-25T05:19:04Z,29,8325.9,online
TXN-000001039,CUST-00702,PROD-0007,SITE-010,2026-02-02T16:20:56Z,18,4357.62,retail
TXN-000001040,CUST-00034,PROD-0119,SITE-006,2025-01-11T09:11:56Z,35,10509.8,field-sales
TXN-000001041,CUST-00778,PROD-0103,SITE-014,2026-07-16T17:25:08Z,11,1075.91,retail
TXN-000001042,CUST-00073,PROD-0089,SITE-011,2025-09-14T15:55:08Z,9,1592.19,field-sales
TXN-000001043,CUST-00339,PROD-0120,SITE-007,2025-12-30T21:17:47Z,11,4188.25,retail
TXN-000001044,CUST-00395,PROD-0106,SITE-004,2025-12-14T00:33:10Z,20,5563,distributor
TXN-000001045,CUST-00193,PROD-0057,SITE-010,2026-06-14T13:55:16Z,3,498.51,online
TXN-000001046,CUST-00443,PROD-0018,SITE-005,2026-02-23T18:33:46Z,16,275.36,retail
TXN-000001047,CUST-00157,PROD-0048,SITE-006,2026-07-28T13:43:30Z,38,9739.78,retail
TXN-000001048,CUST-00455,PROD-0111,SITE-006,2026-07-23T23:15:23Z,25,5573.25,retail
TXN-000001049,CUST-00396,PROD-0090,SITE-006,2025-07-03T07:47:25Z,12,4344.84,field-sales
TXN-000001050,CUST-00420,PROD-0069,SITE-010,2024-06-28T15:23:32Z,17,3278.96,online
TXN-000001051,CUST-00588,PROD-0004,SITE-009,2026-04-26T21:55:19Z,32,1280,field-sales
TXN-000001052,CUST-00354,PROD-0040,SITE-008,2025-11-15T22:27:24Z,19,3987.72,retail
TXN-000001053,CUST-00471,PROD-0048,SITE-014,2026-05-14T14:33:46Z,19,5527.67,retail
TXN-000001054,CUST-00260,PROD-0102,SITE-012,2024-06-29T03:20:30Z,19,3077.05,distributor
TXN-000001055,CUST-00713,PROD-0053,SITE-008,2026-07-02T12:33:01Z,39,9430.2,distributor
TXN-000001056,CUST-00146,PROD-0017,SITE-011,2024-10-30T15:55:24Z,26,1506.96,distributor
TXN-000001057,CUST-00150,PROD-0077,SITE-015,2024-10-07T07:37:04Z,21,1520.4,online
TXN-000001058,CUST-00576,PROD-0010,SITE-001,2025-08-27T22:52:27Z,12,3720.6,distributor
TXN-000001059,CUST-00333,PROD-0007,SITE-014,2026-05-03T04:44:41Z,34,11147.92,distributor
TXN-000001060,CUST-00607,PROD-0087,SITE-007,2026-02-08T19:11:41Z,29,5484.77,online
TXN-000001061,CUST-00449,PROD-0036,SITE-001,2024-08-25T21:12:29Z,10,3326.5,distributor
TXN-000001062,CUST-00342,PROD-0045,SITE-004,2025-04-29T03:07:50Z,11,2261.6,retail
TXN-000001063,CUST-00469,PROD-0038,SITE-005,2024-06-25T17:38:59Z,29,2313.62,field-sales
TXN-000001064,CUST-00013,PROD-0048,SITE-009,2026-05-05T18:16:58Z,10,91,distributor
TXN-000001065,CUST-00545,PROD-0097,SITE-014,2025-10-11T12:52:53Z,26,5729.1,field-sales
TXN-000001066,CUST-00745,PROD-0098,SITE-010,2025-06-26T11:04:56Z,36,5931,retail
TXN-000001067,CUST-00379,PROD-0003,SITE-002,2024-06-01T21:37:38Z,8,1420.08,distributor
TXN-000001068,CUST-00501,PROD-0097,SITE-009,2026-07-28T02:14:02Z,37,6662.22,distributor
TXN-000001069,CUST-00337,PROD-0090,SITE-009,2025-07-09T03:35:37Z,1,54.84,online
TXN-000001070,CUST-00654,PROD-0038,SITE-014,2025-09-06T00:34:00Z,32,12028.16,distributor
TXN-000001071,CUST-00367,PROD-0013,SITE-004,2024-09-24T01:55:51Z,16,4919.2,distributor
TXN-000001072,CUST-00385,PROD-0031,SITE-003,2025-07-31T02:31:45Z,28,7034.72,distributor
TXN-000001073,CUST-00743,PROD-0111,SITE-008,2026-03-21T12:26:02Z,19,5807.73,online
TXN-000001074,CUST-00293,PROD-0070,SITE-001,2024-07-19T03:41:00Z,34,7789.06,online
TXN-000001075,CUST-00392,PROD-0009,SITE-003,2024-05-22T04:51:24Z,3,50.43,retail
TXN-000001076,CUST-00629,PROD-0100,SITE-002,2025-08-03T17:25:14Z,40,11037.2,online
TXN-000001077,CUST-00327,PROD-0015,SITE-007,2026-08-09T01:06:42Z,9,774.99,distributor
TXN-000001078,CUST-00360,PROD-0010,SITE-013,2025-12-29T19:37:15Z,9,1897.47,distributor
TXN-000001079,CUST-00201,PROD-0024,SITE-015,2024-10-06T15:51:43Z,9,1778.13,distributor
TXN-000001080,CUST-00249,PROD-0091,SITE-002,2026-02-21T04:56:44Z,31,5390.9,distributor
TXN-000001081,CUST-00257,PROD-0077,SITE-006,2025-08-23T16:37:04Z,2,78.82,retail
TXN-000001082,CUST-00295,PROD-0092,SITE-005,2026-06-29T09:07:14Z,15,2618.25,distributor
TXN-000001083,CUST-00303,PROD-0005,SITE-009,2025-05-14T19:30:01Z,11,1511.51,online
TXN-000001084,CUST-00518,PROD-0113,SITE-007,2025-03-25T16:58:15Z,15,3697.2,distributor
TXN-000001085,CUST-00571,PROD-0117,SITE-002,2025-01-12T13:07:25Z,30,4176.6,distributor
TXN-000001086,CUST-00042,PROD-0007,SITE-011,2026-03-19T09:57:40Z,1,169.73,online
TXN-000001087,CUST-00627,PROD-0055,SITE-005,2026-06-10T15:20:31Z,1,284.99,distributor
TXN-000001088,CUST-00115,PROD-0072,SITE-004,2025-07-02T10:34:13Z,9,2723.76,distributor
TXN-000001089,CUST-00088,PROD-0001,SITE-012,2026-07-07T15:52:51Z,9,2424.78,distributor
TXN-000001090,CUST-00549,PROD-0087,SITE-015,2026-04-04T03:34:36Z,24,1832.88,field-sales
TXN-000001091,CUST-00569,PROD-0055,SITE-013,2024-10-20T12:58:44Z,20,3927,distributor
TXN-000001092,CUST-00606,PROD-0055,SITE-008,2025-02-27T19:20:29Z,22,7872.26,retail
TXN-000001093,CUST-00353,PROD-0075,SITE-004,2026-06-26T14:12:40Z,9,1955.25,distributor
TXN-000001094,CUST-00273,PROD-0095,SITE-001,2024-08-27T02:50:26Z,35,10505.25,online
TXN-000001095,CUST-00101,PROD-0063,SITE-006,2026-05-12T00:56:19Z,29,3473.91,field-sales
TXN-000001096,CUST-00506,PROD-0116,SITE-011,2026-08-01T20:40:57Z,14,1508.64,distributor
TXN-000001097,CUST-00448,PROD-0054,SITE-005,2026-07-29T12:14:42Z,31,11757.68,online
TXN-000001098,CUST-00033,PROD-0008,SITE-013,2026-01-14T12:06:22Z,33,5891.16,online
TXN-000001099,CUST-00141,PROD-0066,SITE-009,2025-05-08T16:37:48Z,33,2654.19,online
TXN-000001100,CUST-00171,PROD-0053,SITE-002,2025-05-14T17:24:46Z,21,5822.46,field-sales
TXN-000001101,CUST-00420,PROD-0061,SITE-012,2026-08-09T06:56:17Z,39,8388.9,online
TXN-000001102,CUST-00067,PROD-0023,SITE-005,2024-06-12T21:29:25Z,9,354.78,online
TXN-000001103,CUST-00613,PROD-0001,SITE-010,2025-04-03T01:52:02Z,17,4365.94,retail
TXN-000001104,CUST-00709,PROD-0035,SITE-005,2026-04-25T14:46:43Z,33,7354.71,field-sales
TXN-000001105,CUST-00160,PROD-0036,SITE-006,2024-12-10T19:22:55Z,35,11866.05,retail
TXN-000001106,CUST-00134,PROD-0045,SITE-002,2025-07-25T14:57:58Z,27,410.13,field-sales
TXN-000001107,CUST-00594,PROD-0021,SITE-010,2026-06-25T08:10:18Z,5,302.6,retail
TXN-000001108,CUST-00319,PROD-0073,SITE-007,2025-12-25T01:15:00Z,21,7825.44,online
TXN-000001109,CUST-00366,PROD-0110,SITE-003,2026-07-04T14:29:22Z,23,6396.07,distributor
TXN-000001110,CUST-00469,PROD-0098,SITE-011,2024-05-03T07:27:02Z,34,12074.08,retail
TXN-000001111,CUST-00357,PROD-0099,SITE-014,2025-07-15T12:44:01Z,36,12425.04,field-sales
TXN-000001112,CUST-00269,PROD-0054,SITE-014,2026-06-21T22:13:52Z,7,2637.6,distributor
TXN-000001113,CUST-00178,PROD-0110,SITE-002,2024-09-19T06:42:29Z,4,294.04,distributor
TXN-000001114,CUST-00687,PROD-0010,SITE-013,2025-06-27T17:18:02Z,34,6045.88,distributor
TXN-000001115,CUST-00216,PROD-0078,SITE-007,2026-01-29T20:19:17Z,7,1295.84,retail
TXN-000001116,CUST-00332,PROD-0072,SITE-013,2024-10-24T14:27:37Z,24,2627.28,retail
TXN-000001117,CUST-00151,PROD-0092,SITE-002,2026-04-23T08:46:20Z,31,2691.11,distributor
TXN-000001118,CUST-00404,PROD-0096,SITE-011,2025-01-14T18:54:01Z,19,4095.45,distributor
TXN-000001119,CUST-00171,PROD-0067,SITE-014,2025-11-11T04:20:14Z,39,15498.99,online
TXN-000001120,CUST-00383,PROD-0035,SITE-014,2025-02-26T05:54:16Z,19,416.1,field-sales
TXN-000001121,CUST-00253,PROD-0013,SITE-009,2024-05-13T10:22:36Z,16,4929.92,retail
TXN-000001122,CUST-00378,PROD-0098,SITE-015,2024-12-20T13:00:17Z,6,587.94,retail
TXN-000001123,CUST-00605,PROD-0010,SITE-002,2026-03-06T01:35:03Z,10,139.1,online
TXN-000001124,CUST-00705,PROD-0005,SITE-009,2025-11-13T19:48:26Z,22,3648.04,field-sales
TXN-000001125,CUST-00743,PROD-0010,SITE-004,2025-10-06T17:36:12Z,30,11956.8,online
TXN-000001126,CUST-00572,PROD-0007,SITE-005,2025-03-18T18:02:42Z,5,1732.2,retail
TXN-000001127,CUST-00343,PROD-0033,SITE-006,2024-05-17T07:59:15Z,12,732.72,retail
TXN-000001128,CUST-00056,PROD-0054,SITE-010,2026-08-09T23:18:41Z,37,11268.72,retail
TXN-000001129,CUST-00235,PROD-0116,SITE-004,2025-08-10T14:04:34Z,12,1855.68,retail
TXN-000001130,CUST-00442,PROD-0084,SITE-009,2026-08-05T06:54:33Z,20,1373.4,online
TXN-000001131,CUST-00666,PROD-0024,SITE-004,2026-05-17T22:26:34Z,27,8091.63,distributor
TXN-000001132,CUST-00449,PROD-0004,SITE-002,2025-08-02T16:44:16Z,1,185.69,retail
TXN-000001133,CUST-00155,PROD-0067,SITE-012,2024-10-25T08:01:36Z,12,2796.84,field-sales
TXN-000001134,CUST-00225,PROD-0058,SITE-001,2025-09-14T03:18:37Z,39,7195.89,retail
TXN-000001135,CUST-00230,PROD-0055,SITE-012,2026-05-01T08:53:33Z,17,5000.89,online
TXN-000001136,CUST-00532,PROD-0098,SITE-008,2025-10-27T04:11:55Z,18,972,retail
TXN-000001137,CUST-00494,PROD-0085,SITE-008,2024-12-23T21:23:17Z,31,5890.93,field-sales
TXN-000001138,CUST-00079,PROD-0078,SITE-003,2025-06-17T03:24:11Z,21,3970.89,field-sales
TXN-000001139,CUST-00507,PROD-0019,SITE-012,2025-10-25T05:42:34Z,7,2358.65,distributor
TXN-000001140,CUST-00310,PROD-0107,SITE-011,2026-01-25T16:18:48Z,11,2822.16,online
TXN-000001141,CUST-00346,PROD-0074,SITE-008,2025-05-10T01:23:18Z,25,6095,retail
TXN-000001142,CUST-00536,PROD-0070,SITE-015,2026-08-08T11:48:34Z,9,1988.91,retail
TXN-000001143,CUST-00568,PROD-0002,SITE-014,2025-11-02T19:35:35Z,40,10040.4,field-sales
TXN-000001144,CUST-00772,PROD-0081,SITE-002,2025-07-12T13:49:41Z,39,14354.34,retail
TXN-000001145,CUST-00604,PROD-0050,SITE-008,2024-07-09T07:29:27Z,1,218.77,distributor
TXN-000001146,CUST-00228,PROD-0057,SITE-001,2025-08-08T15:24:51Z,33,8034.18,online
TXN-000001147,CUST-00365,PROD-0030,SITE-002,2026-04-02T18:32:25Z,40,5481.6,field-sales
TXN-000001148,CUST-00300,PROD-0015,SITE-015,2026-08-15T06:50:55Z,7,2296.42,distributor
TXN-000001149,CUST-00625,PROD-0066,SITE-012,2025-10-31T10:21:11Z,38,11555.8,field-sales
TXN-000001150,CUST-00420,PROD-0035,SITE-003,2025-08-28T22:32:00Z,31,10458.78,distributor
TXN-000001151,CUST-00666,PROD-0112,SITE-004,2024-10-19T12:33:36Z,4,1067.08,online
TXN-000001152,CUST-00296,PROD-0029,SITE-012,2024-10-20T13:12:04Z,20,7263.4,retail
TXN-000001153,CUST-00154,PROD-0109,SITE-006,2025-12-15T02:13:24Z,7,1387.75,distributor
TXN-000001154,CUST-00613,PROD-0109,SITE-014,2024-12-20T13:57:25Z,2,74.04,online
TXN-000001155,CUST-00554,PROD-0102,SITE-006,2025-11-13T11:13:05Z,36,4272.12,retail
TXN-000001156,CUST-00120,PROD-0055,SITE-010,2025-12-15T00:52:31Z,34,5452.92,distributor
TXN-000001157,CUST-00758,PROD-0026,SITE-007,2025-12-02T02:23:39Z,30,1862.7,distributor
TXN-000001158,CUST-00493,PROD-0026,SITE-008,2025-03-07T10:08:19Z,5,1906.65,field-sales
TXN-000001159,CUST-00774,PROD-0079,SITE-012,2025-05-27T16:30:28Z,12,770.04,distributor
TXN-000001160,CUST-00610,PROD-0006,SITE-006,2024-03-27T12:52:43Z,22,6530.92,online
TXN-000001161,CUST-00507,PROD-0078,SITE-007,2026-08-24T06:21:47Z,19,178.6,field-sales
TXN-000001162,CUST-00264,PROD-0003,SITE-001,2025-08-21T07:28:20Z,2,513.7,online
TXN-000001163,CUST-00101,PROD-0035,SITE-004,2024-09-02T10:07:32Z,18,2835.18,field-sales
TXN-000001164,CUST-00092,PROD-0010,SITE-010,2025-06-20T21:51:45Z,6,618.6,retail
TXN-000001165,CUST-00199,PROD-0031,SITE-012,2026-05-17T07:20:05Z,29,7364.84,retail
TXN-000001166,CUST-00007,PROD-0070,SITE-013,2025-08-23T08:00:38Z,34,7679.92,distributor
TXN-000001167,CUST-00123,PROD-0078,SITE-014,2025-02-26T00:21:50Z,38,13813.38,online
TXN-000001168,CUST-00679,PROD-0030,SITE-009,2026-01-22T18:59:31Z,9,3227.04,online
TXN-000001169,CUST-00189,PROD-0112,SITE-014,2026-07-21T14:01:34Z,15,5048.4,retail
TXN-000001170,CUST-00304,PROD-0036,SITE-013,2025-10-18T16:06:40Z,8,2796,online
TXN-000001171,CUST-00573,PROD-0116,SITE-013,2026-03-14T20:13:06Z,27,8038.44,distributor
TXN-000001172,CUST-00238,PROD-0075,SITE-012,2024-12-24T19:33:30Z,28,1865.08,field-sales
TXN-000001173,CUST-00255,PROD-0089,SITE-002,2026-03-01T23:54:23Z,10,3287.5,online
TXN-000001174,CUST-00193,PROD-0103,SITE-013,2026-01-05T17:28:27Z,31,8240.42,online
TXN-000001175,CUST-00566,PROD-0106,SITE-010,2026-06-21T03:36:28Z,18,1684.62,retail
TXN-000001176,CUST-00655,PROD-0034,SITE-013,2024-08-29T18:53:57Z,15,773.7,online
TXN-000001177,CUST-00415,PROD-0071,SITE-015,2025-12-08T04:05:06Z,18,4483.08,distributor
TXN-000001178,CUST-00061,PROD-0083,SITE-005,2025-12-24T13:06:12Z,14,721.98,online
TXN-000001179,CUST-00461,PROD-0005,SITE-011,2026-03-15T05:22:03Z,14,2273.74,field-sales
TXN-000001180,CUST-00330,PROD-0024,SITE-010,2024-11-02T14:40:34Z,1,184.37,retail
TXN-000001181,CUST-00601,PROD-0105,SITE-003,2026-03-25T04:07:45Z,35,9116.1,online
TXN-000001182,CUST-00595,PROD-0035,SITE-002,2026-07-27T18:31:24Z,33,5552.25,online
TXN-000001183,CUST-00759,PROD-0099,SITE-001,2025-06-12T17:26:35Z,8,1548.4,retail
TXN-000001184,CUST-00437,PROD-0089,SITE-008,2025-10-30T22:09:55Z,36,7192.08,retail
TXN-000001185,CUST-00348,PROD-0108,SITE-002,2025-11-07T06:22:39Z,26,8277.88,retail
TXN-000001186,CUST-00078,PROD-0112,SITE-011,2025-09-07T23:24:08Z,4,674,retail
TXN-000001187,CUST-00477,PROD-0115,SITE-007,2024-11-27T04:59:58Z,36,8628.12,field-sales
TXN-000001188,CUST-00769,PROD-0115,SITE-015,2024-06-06T04:14:33Z,39,12168.78,field-sales
TXN-000001189,CUST-00247,PROD-0074,SITE-008,2025-04-24T16:35:55Z,20,1057,online
TXN-000001190,CUST-00718,PROD-0010,SITE-010,2025-11-21T19:59:56Z,18,3038.76,field-sales
TXN-000001191,CUST-00016,PROD-0070,SITE-013,2024-07-12T03:56:14Z,38,11581.64,online
TXN-000001192,CUST-00759,PROD-0058,SITE-011,2026-07-12T22:19:11Z,33,10341.21,field-sales
TXN-000001193,CUST-00758,PROD-0078,SITE-009,2026-03-28T19:01:52Z,10,2919.9,online
TXN-000001194,CUST-00246,PROD-0046,SITE-003,2024-05-29T11:36:53Z,4,567.12,online
TXN-000001195,CUST-00643,PROD-0050,SITE-001,2025-11-13T05:15:31Z,12,3762,retail
TXN-000001196,CUST-00555,PROD-0116,SITE-003,2026-04-15T16:18:29Z,31,10534.11,distributor
TXN-000001197,CUST-00083,PROD-0071,SITE-015,2026-03-10T01:18:39Z,37,4587.63,retail
TXN-000001198,CUST-00045,PROD-0064,SITE-002,2024-05-25T15:34:45Z,11,4342.14,online
TXN-000001199,CUST-00263,PROD-0118,SITE-002,2025-05-18T02:03:51Z,4,891.8,field-sales
TXN-000001200,CUST-00398,PROD-0009,SITE-002,2026-05-14T12:32:51Z,4,569.8,online
TXN-000001201,CUST-00462,PROD-0031,SITE-004,2026-05-25T04:18:15Z,21,1658.79,retail
TXN-000001202,CUST-00428,PROD-0071,SITE-005,2024-06-04T20:58:56Z,40,13256,retail
TXN-000001203,CUST-00788,PROD-0008,SITE-005,2026-04-30T21:01:48Z,11,2784.21,distributor
TXN-000001204,CUST-00345,PROD-0090,SITE-002,2024-10-06T09:27:29Z,26,958.62,online
TXN-000001205,CUST-00791,PROD-0014,SITE-012,2024-11-29T20:01:24Z,9,1400.67,distributor
TXN-000001206,CUST-00233,PROD-0017,SITE-014,2025-09-14T05:41:29Z,17,841.67,field-sales
TXN-000001207,CUST-00378,PROD-0083,SITE-014,2026-05-08T05:30:12Z,38,13739.66,field-sales
TXN-000001208,CUST-00457,PROD-0050,SITE-005,2026-05-04T14:58:11Z,13,3494.27,distributor
TXN-000001209,CUST-00025,PROD-0042,SITE-009,2026-06-02T02:34:20Z,28,302.4,field-sales
TXN-000001210,CUST-00685,PROD-0069,SITE-006,2024-12-12T16:30:59Z,17,1472.54,field-sales
TXN-000001211,CUST-00443,PROD-0011,SITE-005,2025-11-18T06:01:34Z,14,5448.52,online
TXN-000001212,CUST-00505,PROD-0069,SITE-004,2026-02-21T18:58:40Z,34,7951.58,online
TXN-000001213,CUST-00575,PROD-0108,SITE-013,2024-05-30T13:35:48Z,4,331.84,retail
TXN-000001214,CUST-00162,PROD-0040,SITE-007,2025-06-02T03:49:38Z,9,508.14,online
TXN-000001215,CUST-00508,PROD-0058,SITE-004,2026-07-10T09:16:22Z,22,2857.36,online
TXN-000001216,CUST-00799,PROD-0023,SITE-007,2025-03-23T23:22:16Z,13,5003.7,distributor
TXN-000001217,CUST-00385,PROD-0106,SITE-006,2025-09-29T23:57:07Z,23,5275.28,retail
TXN-000001218,CUST-00427,PROD-0061,SITE-003,2025-02-28T23:47:15Z,12,3834.36,distributor
TXN-000001219,CUST-00333,PROD-0107,SITE-001,2025-05-05T18:52:02Z,3,1034.49,distributor
TXN-000001220,CUST-00153,PROD-0046,SITE-008,2024-10-24T06:43:13Z,21,1488.48,retail
TXN-000001221,CUST-00552,PROD-0084,SITE-007,2026-01-17T22:46:32Z,5,1414.05,distributor
TXN-000001222,CUST-00797,PROD-0085,SITE-011,2025-02-16T17:22:04Z,25,4631,retail
TXN-000001223,CUST-00196,PROD-0022,SITE-014,2026-04-04T00:12:07Z,32,1451.2,online
TXN-000001224,CUST-00620,PROD-0106,SITE-001,2025-04-21T09:57:44Z,38,3668.9,online
TXN-000001225,CUST-00673,PROD-0029,SITE-014,2024-12-10T14:11:08Z,6,114.24,retail
TXN-000001226,CUST-00320,PROD-0035,SITE-005,2024-09-22T09:39:21Z,33,12957.12,online
TXN-000001227,CUST-00654,PROD-0070,SITE-012,2025-06-15T17:56:13Z,18,3848.4,distributor
TXN-000001228,CUST-00693,PROD-0057,SITE-007,2026-04-21T22:30:42Z,13,1107.6,distributor
TXN-000001229,CUST-00295,PROD-0120,SITE-014,2024-12-19T01:28:35Z,24,2979.12,distributor
TXN-000001230,CUST-00387,PROD-0054,SITE-006,2025-06-15T02:40:48Z,28,8366.96,distributor
TXN-000001231,CUST-00311,PROD-0024,SITE-013,2024-12-28T11:37:43Z,34,6770.08,field-sales
TXN-000001232,CUST-00222,PROD-0001,SITE-001,2024-12-29T01:02:55Z,18,1528.2,online
TXN-000001233,CUST-00322,PROD-0007,SITE-015,2025-02-06T21:33:24Z,24,7447.92,field-sales
TXN-000001234,CUST-00784,PROD-0117,SITE-004,2025-05-19T11:43:10Z,2,589.5,online
TXN-000001235,CUST-00505,PROD-0081,SITE-003,2025-05-06T21:12:21Z,24,4594.08,distributor
TXN-000001236,CUST-00628,PROD-0060,SITE-013,2025-01-06T21:20:57Z,24,830.16,online
TXN-000001237,CUST-00752,PROD-0112,SITE-004,2025-05-26T03:20:00Z,21,6364.89,online
TXN-000001238,CUST-00192,PROD-0090,SITE-006,2026-04-20T19:47:26Z,16,1940.48,retail
TXN-000001239,CUST-00259,PROD-0109,SITE-001,2025-07-20T08:49:09Z,38,12205.98,field-sales
TXN-000001240,CUST-00347,PROD-0012,SITE-006,2025-02-04T02:06:43Z,23,7049.04,field-sales
TXN-000001241,CUST-00786,PROD-0062,SITE-012,2025-03-28T04:25:09Z,10,1912.6,retail
TXN-000001242,CUST-00518,PROD-0047,SITE-006,2025-03-25T05:10:54Z,38,5015.24,online
TXN-000001243,CUST-00201,PROD-0090,SITE-004,2025-03-12T11:02:51Z,33,11209.11,distributor
TXN-000001244,CUST-00043,PROD-0015,SITE-001,2025-11-26T04:32:32Z,6,2202.54,online
TXN-000001245,CUST-00768,PROD-0102,SITE-014,2026-08-03T16:40:49Z,14,2635.64,online
TXN-000001246,CUST-00203,PROD-0029,SITE-013,2026-08-04T16:46:26Z,30,11518.5,field-sales
TXN-000001247,CUST-00422,PROD-0041,SITE-010,2024-05-25T05:14:20Z,20,6455.6,online
TXN-000001248,CUST-00405,PROD-0017,SITE-006,2026-01-13T04:38:18Z,18,3112.02,retail
TXN-000001249,CUST-00634,PROD-0061,SITE-008,2025-09-23T05:32:00Z,23,8067.71,online
TXN-000001250,CUST-00681,PROD-0117,SITE-008,2025-11-22T06:59:06Z,24,6353.52,distributor
TXN-000001251,CUST-00396,PROD-0056,SITE-001,2025-08-05T08:23:20Z,30,7254,retail
TXN-000001252,CUST-00575,PROD-0118,SITE-013,2026-02-02T06:03:38Z,16,4439.84,distributor
TXN-000001253,CUST-00172,PROD-0060,SITE-001,2026-05-10T17:47:42Z,3,610.47,field-sales
TXN-000001254,CUST-00799,PROD-0084,SITE-005,2025-08-17T06:11:08Z,8,83.52,distributor
TXN-000001255,CUST-00734,PROD-0108,SITE-014,2026-06-12T23:08:29Z,40,15538.4,online
TXN-000001256,CUST-00358,PROD-0015,SITE-007,2026-05-19T11:33:42Z,38,10378.18,online
TXN-000001257,CUST-00468,PROD-0041,SITE-007,2025-07-05T09:07:33Z,26,6165.9,field-sales
TXN-000001258,CUST-00187,PROD-0054,SITE-005,2025-11-18T14:37:25Z,12,798.36,distributor
TXN-000001259,CUST-00116,PROD-0097,SITE-001,2024-03-28T23:28:19Z,11,3600.63,retail
TXN-000001260,CUST-00600,PROD-0086,SITE-014,2026-06-01T21:34:03Z,38,14216.18,distributor
TXN-000001261,CUST-00433,PROD-0010,SITE-011,2025-08-19T03:51:29Z,25,766.75,online
TXN-000001262,CUST-00721,PROD-0108,SITE-008,2026-08-03T06:27:43Z,9,1766.07,retail
TXN-000001263,CUST-00294,PROD-0066,SITE-004,2025-06-09T05:58:43Z,30,5820.9,online
TXN-000001264,CUST-00732,PROD-0017,SITE-008,2024-10-15T18:03:54Z,32,7369.28,online
TXN-000001265,CUST-00562,PROD-0069,SITE-007,2025-08-18T05:02:03Z,26,1290.9,field-sales
TXN-000001266,CUST-00556,PROD-0048,SITE-015,2024-06-16T21:04:03Z,19,851.01,field-sales
TXN-000001267,CUST-00712,PROD-0086,SITE-007,2024-07-29T17:48:52Z,7,2037.35,field-sales
TXN-000001268,CUST-00198,PROD-0072,SITE-010,2025-07-16T08:08:02Z,38,8680.34,distributor
TXN-000001269,CUST-00390,PROD-0033,SITE-005,2025-12-15T03:34:29Z,9,3213.81,distributor
TXN-000001270,CUST-00152,PROD-0101,SITE-004,2026-05-28T00:58:11Z,37,10555.73,retail
TXN-000001271,CUST-00333,PROD-0029,SITE-009,2025-06-12T08:41:58Z,17,5778.47,retail
TXN-000001272,CUST-00651,PROD-0062,SITE-002,2024-09-28T07:22:32Z,31,743.69,online
TXN-000001273,CUST-00655,PROD-0106,SITE-011,2026-01-24T06:38:44Z,26,9719.84,online
TXN-000001274,CUST-00070,PROD-0009,SITE-010,2025-05-10T07:42:45Z,40,8496.8,field-sales
TXN-000001275,CUST-00064,PROD-0046,SITE-001,2025-05-07T23:10:08Z,35,3542,distributor
TXN-000001276,CUST-00037,PROD-0079,SITE-009,2025-10-13T20:24:39Z,16,930.24,field-sales
TXN-000001277,CUST-00086,PROD-0114,SITE-010,2024-10-30T01:11:23Z,20,7316.4,retail
TXN-000001278,CUST-00638,PROD-0080,SITE-014,2024-08-10T03:39:53Z,4,1375.52,online
TXN-000001279,CUST-00346,PROD-0089,SITE-006,2025-01-07T13:19:00Z,15,659.4,online
TXN-000001280,CUST-00264,PROD-0104,SITE-007,2024-08-04T11:46:26Z,19,2805.54,retail
TXN-000001281,CUST-00120,PROD-0049,SITE-006,2025-08-15T21:07:50Z,14,3072.3,retail
TXN-000001282,CUST-00210,PROD-0093,SITE-015,2024-08-26T14:35:52Z,24,6040.32,distributor
TXN-000001283,CUST-00590,PROD-0035,SITE-007,2025-01-30T00:00:34Z,27,3115.26,retail
TXN-000001284,CUST-00306,PROD-0065,SITE-001,2026-05-21T10:47:43Z,34,381.48,retail
TXN-000001285,CUST-00492,PROD-0082,SITE-010,2025-09-26T09:10:39Z,12,2496.12,distributor
TXN-000001286,CUST-00329,PROD-0002,SITE-015,2025-01-15T06:09:25Z,2,702.68,distributor
TXN-000001287,CUST-00680,PROD-0004,SITE-012,2025-04-01T23:57:17Z,22,2993.54,retail
TXN-000001288,CUST-00534,PROD-0070,SITE-015,2025-08-13T00:07:12Z,16,2009.12,retail
TXN-000001289,CUST-00037,PROD-0077,SITE-009,2025-02-21T09:58:01Z,1,10.03,online
TXN-000001290,CUST-00088,PROD-0063,SITE-013,2026-01-29T08:33:03Z,23,2484.23,retail
TXN-000001291,CUST-00411,PROD-0080,SITE-003,2026-07-21T20:01:04Z,22,1603.14,retail
TXN-000001292,CUST-00037,PROD-0006,SITE-015,2025-03-03T02:01:35Z,13,2532.92,field-sales
TXN-000001293,CUST-00653,PROD-0069,SITE-003,2024-08-23T09:21:42Z,29,4599.69,online
TXN-000001294,CUST-00344,PROD-0094,SITE-005,2024-09-02T23:45:26Z,3,831.51,field-sales
TXN-000001295,CUST-00388,PROD-0114,SITE-006,2024-07-12T18:01:59Z,35,329.35,retail
TXN-000001296,CUST-00450,PROD-0111,SITE-010,2026-07-07T00:34:00Z,18,3774.24,online
TXN-000001297,CUST-00279,PROD-0068,SITE-003,2025-11-05T18:52:48Z,18,493.38,field-sales
TXN-000001298,CUST-00463,PROD-0111,SITE-014,2026-08-12T22:20:53Z,16,4369.92,field-sales
TXN-000001299,CUST-00488,PROD-0089,SITE-002,2025-12-06T05:04:41Z,9,3241.26,distributor
TXN-000001300,CUST-00076,PROD-0119,SITE-003,2026-02-08T15:47:52Z,23,3640.9,field-sales
TXN-000001301,CUST-00517,PROD-0080,SITE-010,2024-07-01T03:29:00Z,3,1079.19,retail
TXN-000001302,CUST-00544,PROD-0048,SITE-002,2025-02-19T11:47:19Z,27,3751.11,distributor
TXN-000001303,CUST-00053,PROD-0050,SITE-003,2026-01-05T19:49:48Z,17,5039.48,online
TXN-000001304,CUST-00411,PROD-0031,SITE-008,2025-11-29T20:17:11Z,26,4573.4,distributor
TXN-000001305,CUST-00365,PROD-0040,SITE-003,2026-01-27T20:48:24Z,13,289.12,retail
TXN-000001306,CUST-00047,PROD-0015,SITE-006,2024-10-01T02:39:07Z,29,7604.38,retail
TXN-000001307,CUST-00610,PROD-0112,SITE-015,2026-06-05T21:43:48Z,20,7118.6,distributor
TXN-000001308,CUST-00235,PROD-0077,SITE-008,2026-06-15T23:41:02Z,27,5684.04,online
TXN-000001309,CUST-00083,PROD-0086,SITE-015,2025-01-18T13:58:03Z,5,1457.1,distributor
TXN-000001310,CUST-00158,PROD-0051,SITE-010,2026-03-30T05:07:54Z,25,8859.75,field-sales
TXN-000001311,CUST-00471,PROD-0097,SITE-004,2025-11-14T00:49:34Z,16,3952.8,retail
TXN-000001312,CUST-00352,PROD-0079,SITE-010,2025-09-25T18:33:15Z,6,188.94,field-sales
TXN-000001313,CUST-00658,PROD-0007,SITE-009,2026-08-07T17:49:52Z,25,4996.25,distributor
TXN-000001314,CUST-00461,PROD-0076,SITE-002,2024-12-07T23:48:41Z,9,1034.37,retail
TXN-000001315,CUST-00393,PROD-0072,SITE-012,2026-07-25T18:18:31Z,15,1522.8,online
TXN-000001316,CUST-00494,PROD-0073,SITE-003,2025-10-13T18:12:27Z,29,3607.31,distributor
TXN-000001317,CUST-00353,PROD-0037,SITE-005,2026-05-02T19:18:33Z,22,6202.68,distributor
TXN-000001318,CUST-00078,PROD-0024,SITE-005,2024-11-19T03:18:41Z,38,1634,retail
TXN-000001319,CUST-00007,PROD-0024,SITE-003,2026-01-30T03:02:47Z,27,5209.11,field-sales
TXN-000001320,CUST-00509,PROD-0080,SITE-009,2026-04-17T20:31:03Z,21,3390.03,retail
TXN-000001321,CUST-00619,PROD-0094,SITE-013,2025-06-12T14:24:01Z,30,2076.3,field-sales
TXN-000001322,CUST-00194,PROD-0064,SITE-012,2025-08-03T09:48:10Z,6,1694.4,field-sales
TXN-000001323,CUST-00091,PROD-0079,SITE-009,2024-12-13T11:21:51Z,33,3429.36,retail
TXN-000001324,CUST-00558,PROD-0018,SITE-007,2024-07-14T14:11:05Z,11,2943.71,distributor
TXN-000001325,CUST-00673,PROD-0052,SITE-003,2025-11-19T09:59:44Z,36,10194.48,field-sales
TXN-000001326,CUST-00685,PROD-0101,SITE-006,2025-03-10T10:48:50Z,23,6259.22,online
TXN-000001327,CUST-00177,PROD-0002,SITE-003,2025-08-14T09:15:24Z,24,8115.84,retail
TXN-000001328,CUST-00274,PROD-0060,SITE-015,2025-09-14T10:42:41Z,4,820.6,field-sales
TXN-000001329,CUST-00019,PROD-0023,SITE-002,2026-03-09T04:50:44Z,33,6180.57,field-sales
TXN-000001330,CUST-00444,PROD-0056,SITE-001,2024-10-02T13:19:24Z,6,2289.42,retail
TXN-000001331,CUST-00528,PROD-0041,SITE-001,2024-10-21T21:10:59Z,18,886.86,distributor
TXN-000001332,CUST-00779,PROD-0052,SITE-003,2025-06-04T05:38:55Z,2,391.06,retail
TXN-000001333,CUST-00440,PROD-0049,SITE-013,2026-06-15T11:04:29Z,25,5464.5,online
TXN-000001334,CUST-00160,PROD-0060,SITE-008,2026-08-27T15:41:59Z,39,1862.25,field-sales
TXN-000001335,CUST-00473,PROD-0037,SITE-012,2025-04-03T08:14:56Z,1,175,distributor
TXN-000001336,CUST-00221,PROD-0103,SITE-002,2026-07-04T12:41:44Z,35,2624.3,online
TXN-000001337,CUST-00712,PROD-0001,SITE-004,2026-03-05T17:23:31Z,12,923.04,online
TXN-000001338,CUST-00476,PROD-0023,SITE-011,2025-12-06T23:10:05Z,17,1694.73,distributor
TXN-000001339,CUST-00699,PROD-0033,SITE-007,2024-10-17T18:12:41Z,11,908.71,distributor
TXN-000001340,CUST-00793,PROD-0062,SITE-015,2025-11-20T07:54:02Z,5,1702.15,retail
TXN-000001341,CUST-00401,PROD-0090,SITE-014,2026-05-12T11:39:59Z,4,1359.16,online
TXN-000001342,CUST-00203,PROD-0077,SITE-006,2026-06-26T19:29:57Z,13,944.45,retail
TXN-000001343,CUST-00231,PROD-0007,SITE-015,2026-08-14T22:46:25Z,37,7394.08,retail
TXN-000001344,CUST-00008,PROD-0052,SITE-003,2024-07-06T07:53:26Z,24,912.48,retail
TXN-000001345,CUST-00202,PROD-0073,SITE-015,2026-08-13T01:39:07Z,38,6130.16,field-sales
TXN-000001346,CUST-00378,PROD-0002,SITE-004,2025-07-28T14:56:39Z,3,1058.28,retail
TXN-000001347,CUST-00375,PROD-0047,SITE-014,2026-05-24T01:54:30Z,20,3476,online
TXN-000001348,CUST-00058,PROD-0111,SITE-006,2025-04-10T19:22:59Z,2,762.1,field-sales
TXN-000001349,CUST-00309,PROD-0029,SITE-005,2024-07-28T16:03:38Z,26,5733.26,field-sales
TXN-000001350,CUST-00014,PROD-0030,SITE-005,2026-01-31T19:48:05Z,23,3612.84,distributor
TXN-000001351,CUST-00442,PROD-0036,SITE-001,2024-11-25T05:43:26Z,14,3638.74,online
TXN-000001352,CUST-00443,PROD-0087,SITE-009,2024-12-03T21:10:04Z,31,5485.45,retail
TXN-000001353,CUST-00130,PROD-0075,SITE-003,2024-10-26T07:01:22Z,34,5542.68,distributor
TXN-000001354,CUST-00226,PROD-0061,SITE-004,2025-08-05T01:57:43Z,13,1289.86,distributor
TXN-000001355,CUST-00079,PROD-0080,SITE-014,2026-08-30T20:30:12Z,36,11207.52,retail
TXN-000001356,CUST-00772,PROD-0067,SITE-002,2025-11-27T05:52:55Z,12,2909.76,field-sales
TXN-000001357,CUST-00597,PROD-0023,SITE-012,2026-02-17T14:24:47Z,18,1730.7,retail
TXN-000001358,CUST-00119,PROD-0113,SITE-015,2026-07-07T09:50:52Z,20,2989.4,distributor
TXN-000001359,CUST-00483,PROD-0117,SITE-015,2024-10-30T01:17:57Z,10,1315.6,online
TXN-000001360,CUST-00719,PROD-0036,SITE-010,2025-05-01T06:32:47Z,17,3296.64,online
TXN-000001361,CUST-00376,PROD-0093,SITE-007,2026-07-31T08:24:23Z,14,2110.22,online
TXN-000001362,CUST-00626,PROD-0096,SITE-006,2026-04-13T04:01:23Z,36,8561.16,field-sales
TXN-000001363,CUST-00603,PROD-0079,SITE-014,2026-01-13T05:51:04Z,17,638.52,online
TXN-000001364,CUST-00729,PROD-0001,SITE-011,2024-06-29T15:37:52Z,36,8027.64,field-sales
TXN-000001365,CUST-00033,PROD-0090,SITE-013,2026-04-08T08:44:06Z,12,2021.16,retail
TXN-000001366,CUST-00274,PROD-0041,SITE-011,2026-01-15T12:32:30Z,31,5011.77,retail
TXN-000001367,CUST-00382,PROD-0061,SITE-011,2026-08-08T05:18:42Z,5,319,retail
TXN-000001368,CUST-00712,PROD-0040,SITE-008,2024-11-02T19:34:51Z,8,1531.12,distributor
TXN-000001369,CUST-00651,PROD-0013,SITE-004,2024-12-17T00:30:10Z,34,4458.08,field-sales
TXN-000001370,CUST-00233,PROD-0113,SITE-010,2025-11-08T03:25:59Z,21,1795.71,retail
TXN-000001371,CUST-00428,PROD-0061,SITE-015,2025-11-12T01:28:43Z,32,10396.16,distributor
TXN-000001372,CUST-00477,PROD-0013,SITE-010,2024-09-19T06:26:11Z,37,5094.9,field-sales
TXN-000001373,CUST-00126,PROD-0095,SITE-014,2026-01-08T19:56:57Z,40,7100.4,retail
TXN-000001374,CUST-00551,PROD-0119,SITE-003,2024-07-18T10:32:33Z,25,2449,field-sales
TXN-000001375,CUST-00663,PROD-0080,SITE-004,2024-04-16T19:56:32Z,6,120.78,field-sales
TXN-000001376,CUST-00662,PROD-0086,SITE-015,2026-01-06T23:52:05Z,18,6583.86,retail
TXN-000001377,CUST-00218,PROD-0090,SITE-014,2026-06-14T21:51:42Z,29,4577.94,distributor
TXN-000001378,CUST-00072,PROD-0084,SITE-014,2025-05-27T02:05:07Z,39,8751.6,distributor
TXN-000001379,CUST-00500,PROD-0006,SITE-011,2025-01-19T20:09:35Z,19,1866.75,retail
TXN-000001380,CUST-00732,PROD-0108,SITE-014,2026-05-16T12:29:20Z,17,3256.69,field-sales
TXN-000001381,CUST-00757,PROD-0073,SITE-010,2026-07-05T05:34:48Z,19,632.32,field-sales
TXN-000001382,CUST-00438,PROD-0100,SITE-006,2026-08-20T02:07:51Z,16,2702.08,field-sales
TXN-000001383,CUST-00127,PROD-0037,SITE-003,2026-06-13T14:51:18Z,9,295.56,field-sales
TXN-000001384,CUST-00321,PROD-0023,SITE-012,2024-08-07T16:22:20Z,12,4327.92,field-sales
TXN-000001385,CUST-00276,PROD-0075,SITE-006,2026-01-02T03:32:49Z,30,8542.2,field-sales
TXN-000001386,CUST-00636,PROD-0016,SITE-006,2024-12-01T05:32:36Z,11,2697.75,distributor
TXN-000001387,CUST-00604,PROD-0119,SITE-012,2024-12-31T16:31:55Z,34,10025.24,retail
TXN-000001388,CUST-00489,PROD-0079,SITE-010,2024-05-06T17:22:29Z,27,7796.25,field-sales
TXN-000001389,CUST-00208,PROD-0010,SITE-001,2025-02-05T04:23:46Z,33,4090.35,retail
TXN-000001390,CUST-00466,PROD-0077,SITE-001,2026-07-01T18:42:19Z,14,5153.54,field-sales
TXN-000001391,CUST-00547,PROD-0092,SITE-005,2024-09-02T09:09:13Z,1,28.99,field-sales
TXN-000001392,CUST-00386,PROD-0015,SITE-014,2026-04-15T02:21:09Z,25,4524.75,distributor
TXN-000001393,CUST-00380,PROD-0118,SITE-004,2024-12-23T07:23:38Z,18,549.36,distributor
TXN-000001394,CUST-00604,PROD-0035,SITE-011,2026-07-30T05:29:19Z,40,14284,online
TXN-000001395,CUST-00318,PROD-0039,SITE-008,2026-07-04T06:52:54Z,31,6421.96,retail
TXN-000001396,CUST-00103,PROD-0044,SITE-015,2026-06-14T16:21:56Z,25,7364,retail
TXN-000001397,CUST-00485,PROD-0010,SITE-015,2026-05-07T12:27:20Z,13,3240.9,online
TXN-000001398,CUST-00066,PROD-0108,SITE-003,2026-03-14T12:16:35Z,37,2503.05,field-sales
TXN-000001399,CUST-00437,PROD-0045,SITE-013,2025-06-05T18:29:48Z,35,10620.75,field-sales
TXN-000001400,CUST-00509,PROD-0017,SITE-014,2026-02-06T22:05:25Z,39,3164.46,online
TXN-000001401,CUST-00355,PROD-0083,SITE-009,2024-08-03T14:25:07Z,1,107.3,online
TXN-000001402,CUST-00363,PROD-0085,SITE-002,2026-01-03T17:30:59Z,30,3098.4,online
TXN-000001403,CUST-00062,PROD-0061,SITE-015,2026-01-18T15:40:47Z,37,12578.89,online
TXN-000001404,CUST-00026,PROD-0086,SITE-012,2025-04-13T15:38:07Z,37,5937.39,retail
TXN-000001405,CUST-00793,PROD-0032,SITE-014,2024-04-05T22:58:07Z,2,511.06,field-sales
TXN-000001406,CUST-00421,PROD-0116,SITE-014,2026-03-20T22:25:10Z,21,2025.03,distributor
TXN-000001407,CUST-00401,PROD-0044,SITE-009,2025-07-02T16:02:39Z,26,1493.7,field-sales
TXN-000001408,CUST-00218,PROD-0101,SITE-009,2024-11-13T01:18:58Z,6,923.58,field-sales
TXN-000001409,CUST-00461,PROD-0024,SITE-011,2024-09-05T22:43:21Z,23,5845.45,distributor
TXN-000001410,CUST-00383,PROD-0092,SITE-004,2024-11-10T02:05:32Z,9,1907.19,retail
TXN-000001411,CUST-00800,PROD-0116,SITE-003,2024-10-10T06:37:19Z,10,3542.9,distributor
TXN-000001412,CUST-00181,PROD-0077,SITE-012,2026-08-02T11:38:25Z,14,3443.86,retail
TXN-000001413,CUST-00697,PROD-0068,SITE-010,2024-06-02T10:05:30Z,27,10329.39,online
TXN-000001414,CUST-00175,PROD-0060,SITE-001,2025-12-26T10:53:58Z,16,4961.12,retail
TXN-000001415,CUST-00640,PROD-0034,SITE-001,2025-07-29T04:58:38Z,22,4211.24,distributor
TXN-000001416,CUST-00481,PROD-0110,SITE-013,2026-01-27T04:36:43Z,25,5797.25,online
TXN-000001417,CUST-00251,PROD-0020,SITE-013,2026-01-31T21:40:01Z,1,93.05,retail
TXN-000001418,CUST-00357,PROD-0012,SITE-012,2026-03-31T00:31:01Z,33,4442.13,field-sales
TXN-000001419,CUST-00212,PROD-0014,SITE-014,2024-04-16T21:12:47Z,25,2584.75,distributor
TXN-000001420,CUST-00470,PROD-0068,SITE-011,2025-03-12T19:27:11Z,20,7714.6,field-sales
TXN-000001421,CUST-00044,PROD-0054,SITE-015,2025-08-17T04:14:57Z,11,2050.29,distributor
TXN-000001422,CUST-00065,PROD-0076,SITE-007,2026-01-12T20:19:42Z,6,642.3,retail
TXN-000001423,CUST-00659,PROD-0073,SITE-007,2025-12-16T08:23:49Z,12,1284.96,field-sales
TXN-000001424,CUST-00094,PROD-0057,SITE-013,2024-07-29T03:44:32Z,29,3488.7,field-sales
TXN-000001425,CUST-00396,PROD-0099,SITE-008,2026-05-14T13:28:49Z,34,8172.24,distributor
TXN-000001426,CUST-00671,PROD-0038,SITE-004,2026-06-01T11:04:49Z,6,2202.18,field-sales
TXN-000001427,CUST-00557,PROD-0106,SITE-003,2024-06-16T21:15:16Z,37,11075.21,distributor
TXN-000001428,CUST-00107,PROD-0036,SITE-013,2025-02-28T06:10:16Z,24,3932.64,field-sales
TXN-000001429,CUST-00214,PROD-0028,SITE-012,2024-08-25T00:28:37Z,17,4743.68,distributor
TXN-000001430,CUST-00216,PROD-0101,SITE-006,2025-07-23T02:16:47Z,26,4531.8,retail
TXN-000001431,CUST-00728,PROD-0067,SITE-015,2026-02-01T20:48:56Z,35,10666.25,distributor
TXN-000001432,CUST-00778,PROD-0054,SITE-001,2026-07-08T07:53:14Z,28,5074.72,retail
TXN-000001433,CUST-00177,PROD-0113,SITE-009,2024-07-19T09:58:54Z,24,7242.72,retail
TXN-000001434,CUST-00097,PROD-0083,SITE-012,2026-04-20T19:21:53Z,7,1424.99,distributor
TXN-000001435,CUST-00451,PROD-0011,SITE-004,2025-05-10T15:34:58Z,12,1983.12,retail
TXN-000001436,CUST-00752,PROD-0088,SITE-007,2026-07-27T03:18:14Z,1,292.65,retail
TXN-000001437,CUST-00186,PROD-0027,SITE-015,2026-05-20T10:23:00Z,14,2823.38,retail
TXN-000001438,CUST-00551,PROD-0087,SITE-013,2026-07-19T02:44:11Z,16,5238.24,distributor
TXN-000001439,CUST-00693,PROD-0023,SITE-010,2026-01-03T20:50:50Z,31,10341.6,retail
TXN-000001440,CUST-00568,PROD-0115,SITE-012,2025-04-19T16:14:27Z,38,7478.4,retail
TXN-000001441,CUST-00387,PROD-0102,SITE-013,2025-05-17T12:11:41Z,27,5037.12,online
TXN-000001442,CUST-00745,PROD-0119,SITE-011,2026-04-23T11:04:44Z,8,89.84,distributor
TXN-000001443,CUST-00067,PROD-0111,SITE-013,2025-03-24T13:36:49Z,19,3655.98,retail
TXN-000001444,CUST-00129,PROD-0106,SITE-010,2025-09-07T16:27:59Z,37,11469.63,distributor
TXN-000001445,CUST-00490,PROD-0098,SITE-004,2026-06-14T14:24:35Z,35,12587.4,retail
TXN-000001446,CUST-00014,PROD-0011,SITE-004,2025-10-25T18:35:44Z,25,1767.5,online
TXN-000001447,CUST-00535,PROD-0013,SITE-015,2025-04-25T00:42:24Z,19,5076.23,field-sales
TXN-000001448,CUST-00226,PROD-0007,SITE-006,2026-05-28T07:27:15Z,29,7632.51,online
TXN-000001449,CUST-00600,PROD-0019,SITE-013,2026-06-23T00:06:03Z,8,3087.28,distributor
TXN-000001450,CUST-00461,PROD-0027,SITE-006,2024-11-29T18:26:44Z,10,2270.4,online
TXN-000001451,CUST-00623,PROD-0102,SITE-003,2025-04-20T02:33:25Z,5,1178.9,online
TXN-000001452,CUST-00699,PROD-0096,SITE-014,2026-01-18T19:38:32Z,31,4464.93,online
TXN-000001453,CUST-00356,PROD-0072,SITE-011,2026-01-07T22:34:32Z,31,998.51,online
TXN-000001454,CUST-00390,PROD-0051,SITE-007,2025-02-07T02:15:47Z,9,2190.42,distributor
TXN-000001455,CUST-00111,PROD-0005,SITE-002,2026-04-09T18:37:32Z,30,2345.4,field-sales
TXN-000001456,CUST-00626,PROD-0019,SITE-012,2024-03-19T23:29:16Z,27,1298.16,distributor
TXN-000001457,CUST-00489,PROD-0017,SITE-011,2024-04-23T05:24:25Z,37,2614.79,field-sales
TXN-000001458,CUST-00633,PROD-0001,SITE-014,2025-02-23T22:13:32Z,5,386.3,field-sales
TXN-000001459,CUST-00351,PROD-0118,SITE-015,2025-03-25T05:04:11Z,36,7102.8,distributor
TXN-000001460,CUST-00713,PROD-0093,SITE-004,2025-12-01T20:30:43Z,11,505.89,online
TXN-000001461,CUST-00270,PROD-0077,SITE-008,2024-12-21T04:37:05Z,18,156.78,distributor
TXN-000001462,CUST-00241,PROD-0119,SITE-003,2025-04-21T17:11:26Z,34,11703.14,distributor
TXN-000001463,CUST-00556,PROD-0022,SITE-012,2026-04-26T04:21:52Z,37,1955.08,retail
TXN-000001464,CUST-00330,PROD-0046,SITE-006,2024-05-20T13:27:16Z,40,10476,field-sales
TXN-000001465,CUST-00310,PROD-0021,SITE-005,2024-05-03T00:01:13Z,3,250.95,distributor
TXN-000001466,CUST-00271,PROD-0020,SITE-008,2025-03-05T16:44:25Z,30,4630.5,distributor
TXN-000001467,CUST-00090,PROD-0004,SITE-009,2026-02-06T10:26:14Z,1,352.57,distributor
TXN-000001468,CUST-00414,PROD-0032,SITE-001,2025-04-24T03:21:35Z,11,2415.49,online
TXN-000001469,CUST-00189,PROD-0096,SITE-009,2025-07-16T13:58:41Z,37,6542.34,distributor
TXN-000001470,CUST-00486,PROD-0079,SITE-005,2025-10-04T20:28:46Z,40,3953.6,online
TXN-000001471,CUST-00593,PROD-0007,SITE-001,2024-05-04T06:25:26Z,32,4455.04,distributor
TXN-000001472,CUST-00676,PROD-0025,SITE-004,2025-06-15T12:02:22Z,15,3069.15,distributor
TXN-000001473,CUST-00076,PROD-0107,SITE-002,2026-02-16T16:35:57Z,37,1082.62,distributor
TXN-000001474,CUST-00579,PROD-0010,SITE-002,2026-05-08T14:57:09Z,11,1760,field-sales
TXN-000001475,CUST-00709,PROD-0044,SITE-015,2026-06-19T07:46:12Z,29,10996.22,distributor
TXN-000001476,CUST-00347,PROD-0012,SITE-011,2025-11-18T18:07:38Z,3,583.74,online
TXN-000001477,CUST-00284,PROD-0052,SITE-005,2024-09-01T13:12:48Z,5,404.05,distributor
TXN-000001478,CUST-00632,PROD-0110,SITE-015,2026-08-13T13:48:48Z,21,1207.08,online
TXN-000001479,CUST-00731,PROD-0056,SITE-003,2024-09-28T09:47:45Z,22,4797.32,retail
TXN-000001480,CUST-00727,PROD-0002,SITE-012,2026-04-30T08:39:52Z,16,5115.36,distributor
TXN-000001481,CUST-00529,PROD-0045,SITE-010,2026-04-01T02:24:56Z,28,1276.52,field-sales
TXN-000001482,CUST-00330,PROD-0025,SITE-008,2025-04-05T19:09:52Z,18,4887,distributor
TXN-000001483,CUST-00715,PROD-0120,SITE-004,2025-06-14T13:06:23Z,15,5502.6,online
TXN-000001484,CUST-00400,PROD-0055,SITE-005,2025-01-03T09:55:13Z,35,873.95,field-sales
TXN-000001485,CUST-00439,PROD-0081,SITE-006,2026-05-25T02:01:19Z,19,5583.72,retail
TXN-000001486,CUST-00452,PROD-0023,SITE-010,2025-11-08T04:00:13Z,1,324.55,distributor
TXN-000001487,CUST-00347,PROD-0025,SITE-004,2024-08-06T05:26:41Z,28,7587.16,online
TXN-000001488,CUST-00700,PROD-0067,SITE-012,2025-03-28T17:19:06Z,38,8241.06,retail
TXN-000001489,CUST-00378,PROD-0010,SITE-009,2024-05-21T05:25:12Z,26,4748.9,online
TXN-000001490,CUST-00087,PROD-0091,SITE-004,2024-05-10T07:40:13Z,32,8754.56,online
TXN-000001491,CUST-00296,PROD-0090,SITE-004,2025-10-04T03:13:24Z,29,1477.26,field-sales
TXN-000001492,CUST-00369,PROD-0092,SITE-004,2025-03-06T01:02:52Z,37,9421.68,field-sales
TXN-000001493,CUST-00592,PROD-0012,SITE-008,2026-08-22T00:52:57Z,2,207.64,retail
TXN-000001494,CUST-00053,PROD-0074,SITE-001,2026-01-03T08:42:20Z,37,12847.88,field-sales
TXN-000001495,CUST-00718,PROD-0093,SITE-003,2025-05-11T18:36:50Z,22,5537.84,distributor
TXN-000001496,CUST-00036,PROD-0026,SITE-005,2024-10-23T22:01:44Z,34,569.5,distributor
TXN-000001497,CUST-00643,PROD-0030,SITE-009,2026-06-03T09:25:37Z,18,1844.82,distributor
TXN-000001498,CUST-00623,PROD-0105,SITE-002,2025-09-18T15:58:54Z,22,7688.78,online
TXN-000001499,CUST-00318,PROD-0055,SITE-015,2026-01-24T21:44:32Z,9,930.06,retail
TXN-000001500,CUST-00266,PROD-0093,SITE-007,2024-12-27T00:21:25Z,5,210,retail
TXN-000001501,CUST-00525,PROD-0075,SITE-001,2024-11-08T12:30:44Z,40,2898,retail
TXN-000001502,CUST-00716,PROD-0069,SITE-010,2026-04-16T00:24:37Z,20,1484.8,distributor
TXN-000001503,CUST-00697,PROD-0114,SITE-011,2025-05-03T03:57:14Z,4,1233.32,retail
TXN-000001504,CUST-00083,PROD-0098,SITE-002,2025-12-28T23:20:09Z,22,5549.5,retail
TXN-000001505,CUST-00021,PROD-0118,SITE-014,2025-10-03T17:26:33Z,9,2310.66,distributor
TXN-000001506,CUST-00498,PROD-0071,SITE-006,2024-10-15T21:34:49Z,35,11391.8,field-sales
TXN-000001507,CUST-00514,PROD-0041,SITE-006,2025-03-23T12:48:31Z,4,314.36,online
TXN-000001508,CUST-00229,PROD-0105,SITE-006,2025-12-06T00:17:07Z,25,2283.5,distributor
TXN-000001509,CUST-00785,PROD-0007,SITE-011,2025-11-03T04:25:41Z,36,7493.04,field-sales
TXN-000001510,CUST-00390,PROD-0027,SITE-004,2026-02-23T04:26:52Z,26,8718.84,online
TXN-000001511,CUST-00191,PROD-0007,SITE-011,2025-02-28T09:29:51Z,12,3730.08,online
TXN-000001512,CUST-00551,PROD-0035,SITE-001,2024-11-16T15:50:46Z,24,1832.16,online
TXN-000001513,CUST-00767,PROD-0010,SITE-009,2025-07-12T10:22:19Z,26,2701.4,distributor
TXN-000001514,CUST-00101,PROD-0026,SITE-006,2025-03-08T13:09:26Z,40,8388,field-sales
TXN-000001515,CUST-00285,PROD-0115,SITE-011,2025-01-25T11:02:20Z,39,8737.56,online
TXN-000001516,CUST-00019,PROD-0047,SITE-005,2026-05-19T21:21:13Z,17,268.43,retail
TXN-000001517,CUST-00387,PROD-0002,SITE-006,2025-08-09T09:45:33Z,20,5894,field-sales
TXN-000001518,CUST-00107,PROD-0004,SITE-013,2025-03-30T22:36:42Z,29,7174.89,retail
TXN-000001519,CUST-00670,PROD-0080,SITE-002,2025-02-01T00:08:28Z,1,226.21,distributor
TXN-000001520,CUST-00110,PROD-0081,SITE-003,2026-06-01T09:01:46Z,4,1156.2,field-sales
TXN-000001521,CUST-00169,PROD-0119,SITE-015,2025-01-09T22:21:21Z,31,8327.84,field-sales
TXN-000001522,CUST-00786,PROD-0005,SITE-002,2024-08-05T20:45:07Z,31,1702.52,online
TXN-000001523,CUST-00382,PROD-0050,SITE-002,2026-06-21T20:32:23Z,6,500.7,distributor
TXN-000001524,CUST-00532,PROD-0105,SITE-002,2026-01-25T23:48:37Z,4,535.76,distributor
TXN-000001525,CUST-00480,PROD-0086,SITE-007,2024-06-20T01:06:48Z,15,5889.15,field-sales
TXN-000001526,CUST-00386,PROD-0047,SITE-001,2026-07-19T07:31:01Z,36,1818.72,retail
TXN-000001527,CUST-00387,PROD-0036,SITE-003,2026-06-01T22:21:44Z,1,237.42,field-sales
TXN-000001528,CUST-00090,PROD-0021,SITE-009,2024-11-12T01:44:11Z,9,3293.55,field-sales
TXN-000001529,CUST-00711,PROD-0029,SITE-007,2025-05-12T05:00:05Z,18,3315.78,field-sales
TXN-000001530,CUST-00770,PROD-0035,SITE-013,2025-04-12T02:39:00Z,18,5951.7,online
TXN-000001531,CUST-00763,PROD-0054,SITE-011,2026-06-01T03:18:20Z,4,61.32,distributor
TXN-000001532,CUST-00522,PROD-0102,SITE-005,2025-07-22T12:36:54Z,4,731.8,distributor
TXN-000001533,CUST-00596,PROD-0082,SITE-010,2025-02-27T03:28:56Z,10,1973.8,field-sales
TXN-000001534,CUST-00012,PROD-0093,SITE-011,2024-07-18T11:27:49Z,26,7176.26,field-sales
TXN-000001535,CUST-00717,PROD-0042,SITE-001,2026-01-09T11:45:49Z,14,3194.24,retail
TXN-000001536,CUST-00528,PROD-0032,SITE-004,2025-09-12T06:24:51Z,11,1613.59,online
TXN-000001537,CUST-00289,PROD-0004,SITE-007,2024-08-23T00:52:57Z,21,1672.02,field-sales
TXN-000001538,CUST-00143,PROD-0110,SITE-013,2025-09-02T20:48:22Z,29,10493.36,field-sales
TXN-000001539,CUST-00436,PROD-0086,SITE-005,2025-02-02T14:29:09Z,21,8184.12,online
TXN-000001540,CUST-00493,PROD-0063,SITE-009,2025-08-08T13:53:42Z,14,2457,retail
TXN-000001541,CUST-00044,PROD-0027,SITE-012,2026-06-17T02:36:55Z,21,5530.77,online
TXN-000001542,CUST-00142,PROD-0023,SITE-007,2026-06-13T05:48:21Z,39,12065.43,retail
TXN-000001543,CUST-00473,PROD-0065,SITE-011,2026-07-21T07:53:26Z,14,1302,field-sales
TXN-000001544,CUST-00416,PROD-0102,SITE-005,2026-01-14T07:33:00Z,29,3853.52,retail
TXN-000001545,CUST-00316,PROD-0113,SITE-009,2026-01-09T12:28:59Z,26,2653.82,distributor
TXN-000001546,CUST-00508,PROD-0086,SITE-005,2026-01-25T19:19:58Z,31,5031.92,retail
TXN-000001547,CUST-00625,PROD-0069,SITE-009,2025-10-05T14:37:25Z,36,9770.04,field-sales
TXN-000001548,CUST-00688,PROD-0034,SITE-014,2025-10-03T10:59:37Z,28,2421.44,distributor
TXN-000001549,CUST-00497,PROD-0120,SITE-001,2025-10-20T06:48:31Z,20,2202.6,field-sales
TXN-000001550,CUST-00392,PROD-0097,SITE-011,2025-12-18T17:30:03Z,40,12017.6,retail
TXN-000001551,CUST-00354,PROD-0115,SITE-013,2024-10-11T05:11:23Z,19,7169.08,retail
TXN-000001552,CUST-00561,PROD-0017,SITE-005,2025-06-05T18:09:32Z,1,10.88,retail
TXN-000001553,CUST-00379,PROD-0107,SITE-009,2026-02-11T17:57:32Z,10,529.4,distributor
TXN-000001554,CUST-00068,PROD-0072,SITE-001,2025-04-04T09:24:28Z,37,827.69,field-sales
TXN-000001555,CUST-00645,PROD-0039,SITE-015,2026-07-29T15:36:27Z,24,2769.36,online
TXN-000001556,CUST-00663,PROD-0049,SITE-015,2024-05-27T01:13:20Z,36,10001.52,online
TXN-000001557,CUST-00091,PROD-0001,SITE-007,2025-05-20T07:57:24Z,1,95,field-sales
TXN-000001558,CUST-00064,PROD-0022,SITE-008,2026-03-24T22:40:54Z,36,8145,field-sales
TXN-000001559,CUST-00770,PROD-0074,SITE-005,2025-12-12T17:16:50Z,35,12825.4,field-sales
TXN-000001560,CUST-00560,PROD-0085,SITE-009,2025-11-09T13:09:26Z,2,532.74,distributor
TXN-000001561,CUST-00393,PROD-0098,SITE-015,2025-05-26T08:02:43Z,8,1728.88,retail
TXN-000001562,CUST-00666,PROD-0077,SITE-004,2025-07-11T13:30:07Z,9,2649.6,field-sales
TXN-000001563,CUST-00338,PROD-0066,SITE-001,2026-01-07T14:48:15Z,8,1954.4,retail
TXN-000001564,CUST-00642,PROD-0044,SITE-015,2026-08-29T00:11:53Z,20,4860.8,online
TXN-000001565,CUST-00325,PROD-0108,SITE-014,2025-12-07T09:31:45Z,39,8305.05,distributor
TXN-000001566,CUST-00499,PROD-0092,SITE-012,2024-04-21T15:51:06Z,17,2473.5,retail
TXN-000001567,CUST-00639,PROD-0114,SITE-001,2026-02-18T17:40:06Z,1,340.85,retail
TXN-000001568,CUST-00673,PROD-0069,SITE-001,2024-10-31T13:17:51Z,25,7831,online
TXN-000001569,CUST-00562,PROD-0071,SITE-002,2025-08-29T11:26:30Z,35,13430.9,retail
TXN-000001570,CUST-00673,PROD-0015,SITE-004,2025-07-10T15:38:36Z,24,3487.68,distributor
TXN-000001571,CUST-00371,PROD-0057,SITE-006,2025-10-06T09:55:51Z,14,1357.02,retail
TXN-000001572,CUST-00326,PROD-0066,SITE-004,2026-04-04T19:52:42Z,36,11480.04,distributor
TXN-000001573,CUST-00176,PROD-0083,SITE-013,2025-05-18T06:37:12Z,37,8012.72,distributor
TXN-000001574,CUST-00162,PROD-0075,SITE-013,2024-11-26T14:32:12Z,3,956.94,field-sales
TXN-000001575,CUST-00570,PROD-0026,SITE-003,2025-12-29T21:24:59Z,33,7886.01,distributor
TXN-000001576,CUST-00620,PROD-0094,SITE-012,2024-12-23T14:11:11Z,24,3135.12,retail
TXN-000001577,CUST-00573,PROD-0045,SITE-003,2025-11-18T07:00:26Z,30,7813.5,online
TXN-000001578,CUST-00521,PROD-0054,SITE-008,2024-10-14T05:46:10Z,3,1172.22,field-sales
TXN-000001579,CUST-00350,PROD-0060,SITE-011,2024-11-25T18:34:20Z,35,8915.2,distributor
TXN-000001580,CUST-00756,PROD-0010,SITE-015,2025-07-04T00:26:58Z,13,1582.75,field-sales
TXN-000001581,CUST-00272,PROD-0119,SITE-008,2025-02-28T07:04:35Z,28,7392.56,distributor
TXN-000001582,CUST-00306,PROD-0007,SITE-013,2025-07-30T16:17:01Z,40,12096.8,retail
TXN-000001583,CUST-00542,PROD-0004,SITE-008,2024-10-09T05:14:43Z,11,3854.84,field-sales
TXN-000001584,CUST-00316,PROD-0069,SITE-010,2025-05-13T19:39:53Z,33,10119.78,distributor
TXN-000001585,CUST-00468,PROD-0111,SITE-005,2025-12-19T21:11:18Z,27,3015.63,online
TXN-000001586,CUST-00017,PROD-0117,SITE-007,2026-06-27T08:09:07Z,7,140.77,distributor
TXN-000001587,CUST-00209,PROD-0067,SITE-014,2025-05-02T15:10:37Z,32,4377.28,distributor
TXN-000001588,CUST-00568,PROD-0085,SITE-011,2024-10-26T23:40:43Z,35,1807.75,retail
TXN-000001589,CUST-00512,PROD-0053,SITE-009,2025-11-17T01:58:06Z,38,6659.5,retail
TXN-000001590,CUST-00081,PROD-0113,SITE-007,2025-03-23T16:44:09Z,26,4130.62,field-sales
TXN-000001591,CUST-00425,PROD-0067,SITE-013,2026-06-17T21:34:59Z,5,277.65,field-sales
TXN-000001592,CUST-00637,PROD-0033,SITE-012,2024-10-22T01:03:16Z,40,1527.6,online
TXN-000001593,CUST-00452,PROD-0066,SITE-004,2025-09-05T19:08:05Z,31,5784.91,field-sales
TXN-000001594,CUST-00005,PROD-0041,SITE-012,2025-07-17T18:51:02Z,16,4762.72,distributor
TXN-000001595,CUST-00163,PROD-0037,SITE-011,2024-08-18T03:07:47Z,12,3383.52,distributor
TXN-000001596,CUST-00723,PROD-0062,SITE-004,2025-07-02T03:20:18Z,20,3775.8,online
TXN-000001597,CUST-00181,PROD-0024,SITE-002,2024-11-09T10:34:50Z,29,5244.65,retail
TXN-000001598,CUST-00515,PROD-0030,SITE-006,2025-11-08T22:45:34Z,6,1099.14,retail
TXN-000001599,CUST-00084,PROD-0106,SITE-011,2025-12-11T02:05:47Z,4,84.52,field-sales
TXN-000001600,CUST-00244,PROD-0099,SITE-009,2026-01-01T15:37:01Z,16,3400.48,retail
TXN-000001601,CUST-00650,PROD-0089,SITE-015,2024-07-26T15:46:27Z,29,10031.68,field-sales
TXN-000001602,CUST-00521,PROD-0058,SITE-002,2025-01-09T09:49:44Z,17,4524.89,retail
TXN-000001603,CUST-00669,PROD-0021,SITE-001,2024-12-31T16:23:34Z,15,2515.95,retail
TXN-000001604,CUST-00340,PROD-0014,SITE-003,2025-06-19T23:02:41Z,27,1306.53,retail
TXN-000001605,CUST-00644,PROD-0066,SITE-008,2025-08-21T21:51:52Z,14,5468.96,retail
TXN-000001606,CUST-00186,PROD-0041,SITE-010,2025-05-05T07:48:12Z,10,707.1,retail
TXN-000001607,CUST-00052,PROD-0004,SITE-004,2025-10-21T10:52:16Z,17,2618.68,field-sales
TXN-000001608,CUST-00491,PROD-0080,SITE-010,2024-09-30T03:04:09Z,2,220.3,distributor
TXN-000001609,CUST-00053,PROD-0002,SITE-008,2026-04-22T08:44:21Z,28,1509.48,retail
TXN-000001610,CUST-00291,PROD-0053,SITE-006,2026-04-18T07:08:49Z,1,97.6,online
TXN-000001611,CUST-00168,PROD-0095,SITE-010,2026-08-08T08:59:48Z,27,9313.65,online
TXN-000001612,CUST-00755,PROD-0095,SITE-013,2025-11-14T04:56:35Z,34,2379.32,online
TXN-000001613,CUST-00324,PROD-0050,SITE-013,2026-01-15T07:04:08Z,37,10556.1,distributor
TXN-000001614,CUST-00642,PROD-0007,SITE-015,2024-08-02T14:17:40Z,2,563.32,online
TXN-000001615,CUST-00434,PROD-0046,SITE-006,2025-12-04T16:48:01Z,33,10382.13,distributor
TXN-000001616,CUST-00601,PROD-0051,SITE-004,2025-05-23T07:20:06Z,32,4896.64,online
TXN-000001617,CUST-00692,PROD-0103,SITE-015,2024-11-21T11:53:20Z,20,2745.4,online
TXN-000001618,CUST-00350,PROD-0082,SITE-001,2026-01-05T19:42:17Z,10,3494.9,distributor
TXN-000001619,CUST-00734,PROD-0047,SITE-007,2026-06-10T07:46:44Z,5,69.15,distributor
TXN-000001620,CUST-00030,PROD-0058,SITE-005,2025-11-11T09:35:15Z,2,316.7,field-sales
TXN-000001621,CUST-00224,PROD-0113,SITE-002,2026-06-09T13:25:03Z,13,4477.07,online
TXN-000001622,CUST-00177,PROD-0074,SITE-011,2025-10-21T16:42:50Z,30,10344,online
TXN-000001623,CUST-00702,PROD-0055,SITE-009,2026-07-09T00:52:26Z,40,2943.2,online
TXN-000001624,CUST-00586,PROD-0065,SITE-013,2024-04-04T02:31:21Z,11,1054.68,retail
TXN-000001625,CUST-00506,PROD-0093,SITE-003,2025-08-07T13:04:53Z,37,11180.66,retail
TXN-000001626,CUST-00349,PROD-0079,SITE-002,2025-11-17T18:48:05Z,1,247.53,distributor
TXN-000001627,CUST-00323,PROD-0113,SITE-012,2025-05-02T06:09:23Z,14,2524.9,online
TXN-000001628,CUST-00579,PROD-0083,SITE-001,2025-08-09T21:06:45Z,25,9789.25,retail
TXN-000001629,CUST-00010,PROD-0102,SITE-003,2026-07-09T00:26:38Z,4,1085.92,distributor
TXN-000001630,CUST-00088,PROD-0026,SITE-004,2025-07-14T08:50:54Z,23,1555.72,field-sales
TXN-000001631,CUST-00301,PROD-0019,SITE-002,2025-02-08T22:28:04Z,26,5958.42,online
TXN-000001632,CUST-00192,PROD-0063,SITE-006,2026-08-26T22:28:29Z,5,1214.2,online
TXN-000001633,CUST-00461,PROD-0081,SITE-015,2026-07-14T12:19:49Z,19,1186.74,field-sales
TXN-000001634,CUST-00445,PROD-0086,SITE-013,2026-06-16T04:54:09Z,14,3693.06,online
TXN-000001635,CUST-00597,PROD-0071,SITE-006,2026-08-04T10:13:52Z,14,4560.08,field-sales
TXN-000001636,CUST-00470,PROD-0044,SITE-004,2026-04-29T07:33:35Z,31,10673.3,online
TXN-000001637,CUST-00363,PROD-0041,SITE-014,2024-12-30T07:37:17Z,17,4478.82,distributor
TXN-000001638,CUST-00513,PROD-0002,SITE-014,2025-10-04T21:45:27Z,26,7398.3,online
TXN-000001639,CUST-00052,PROD-0099,SITE-015,2026-02-15T07:10:50Z,20,3797.4,field-sales
TXN-000001640,CUST-00634,PROD-0100,SITE-011,2026-03-03T10:19:31Z,36,13891.68,online
TXN-000001641,CUST-00494,PROD-0119,SITE-011,2024-09-21T01:22:56Z,17,2712.01,retail
TXN-000001642,CUST-00378,PROD-0095,SITE-002,2026-08-21T01:52:38Z,40,2721.2,retail
TXN-000001643,CUST-00692,PROD-0016,SITE-014,2024-05-13T00:10:00Z,8,895.76,retail
TXN-000001644,CUST-00386,PROD-0031,SITE-015,2025-03-21T23:57:41Z,13,5012.02,distributor
TXN-000001645,CUST-00431,PROD-0076,SITE-001,2025-07-22T03:53:59Z,7,2224.46,distributor
TXN-000001646,CUST-00560,PROD-0033,SITE-004,2025-11-12T19:39:41Z,20,4448.6,online
TXN-000001647,CUST-00534,PROD-0034,SITE-012,2025-11-24T02:41:32Z,23,7934.77,field-sales
TXN-000001648,CUST-00268,PROD-0034,SITE-014,2024-11-07T17:52:46Z,17,251.09,field-sales
TXN-000001649,CUST-00431,PROD-0114,SITE-004,2026-06-16T23:46:10Z,30,1754.4,online
TXN-000001650,CUST-00542,PROD-0120,SITE-010,2026-08-04T00:06:28Z,18,6909.84,online
TXN-000001651,CUST-00090,PROD-0029,SITE-001,2026-04-03T05:51:20Z,4,864.36,field-sales
TXN-000001652,CUST-00669,PROD-0113,SITE-001,2025-04-28T18:30:58Z,5,571.65,online
TXN-000001653,CUST-00666,PROD-0102,SITE-005,2026-07-04T16:38:19Z,10,3219.8,online
TXN-000001654,CUST-00399,PROD-0034,SITE-008,2025-11-26T07:24:17Z,7,2606.45,online
TXN-000001655,CUST-00549,PROD-0010,SITE-008,2025-01-24T13:18:45Z,3,250.08,online
TXN-000001656,CUST-00626,PROD-0069,SITE-015,2025-12-26T10:49:14Z,23,5516.55,distributor
TXN-000001657,CUST-00683,PROD-0026,SITE-004,2025-09-09T03:48:39Z,26,3847.74,online
TXN-000001658,CUST-00069,PROD-0112,SITE-009,2026-04-06T12:21:44Z,12,1387.08,distributor
TXN-000001659,CUST-00552,PROD-0118,SITE-015,2024-04-04T21:57:25Z,34,4868.8,retail
TXN-000001660,CUST-00749,PROD-0050,SITE-002,2026-08-24T02:45:25Z,16,3969.28,retail
TXN-000001661,CUST-00451,PROD-0101,SITE-002,2025-06-19T06:45:36Z,36,4512.96,distributor
TXN-000001662,CUST-00114,PROD-0047,SITE-014,2026-03-14T09:06:57Z,19,6874.58,distributor
TXN-000001663,CUST-00369,PROD-0002,SITE-004,2024-10-03T17:01:15Z,27,1749.87,retail
TXN-000001664,CUST-00158,PROD-0082,SITE-011,2025-07-19T16:20:42Z,13,860.47,field-sales
TXN-000001665,CUST-00440,PROD-0028,SITE-002,2026-02-06T05:36:24Z,19,6695.22,online
TXN-000001666,CUST-00591,PROD-0078,SITE-011,2025-06-07T20:38:10Z,11,1369.61,retail
TXN-000001667,CUST-00422,PROD-0004,SITE-011,2025-05-12T06:55:02Z,15,5695.2,distributor
TXN-000001668,CUST-00560,PROD-0013,SITE-009,2025-06-06T17:56:02Z,16,2710.72,distributor
TXN-000001669,CUST-00510,PROD-0038,SITE-008,2026-08-21T03:06:55Z,9,235.08,field-sales
TXN-000001670,CUST-00411,PROD-0014,SITE-006,2024-11-07T03:52:00Z,11,2821.61,field-sales
TXN-000001671,CUST-00705,PROD-0036,SITE-013,2025-11-12T15:29:22Z,13,638.04,field-sales
TXN-000001672,CUST-00194,PROD-0046,SITE-001,2026-06-16T21:01:41Z,26,8864.7,retail
TXN-000001673,CUST-00396,PROD-0006,SITE-004,2026-08-26T09:33:29Z,15,345.75,field-sales
TXN-000001674,CUST-00151,PROD-0031,SITE-013,2025-10-03T22:14:58Z,38,8758.24,retail
TXN-000001675,CUST-00022,PROD-0024,SITE-005,2025-11-26T13:25:00Z,36,5925.24,retail
TXN-000001676,CUST-00202,PROD-0116,SITE-004,2025-07-04T18:08:57Z,16,5994.4,retail
TXN-000001677,CUST-00528,PROD-0112,SITE-001,2026-07-30T19:34:37Z,7,1644.23,distributor
TXN-000001678,CUST-00414,PROD-0037,SITE-008,2025-12-28T11:32:00Z,21,259.56,retail
TXN-000001679,CUST-00736,PROD-0023,SITE-012,2026-04-27T15:10:35Z,7,355.6,online
TXN-000001680,CUST-00461,PROD-0101,SITE-014,2024-10-23T11:07:20Z,38,4639.8,retail
TXN-000001681,CUST-00177,PROD-0087,SITE-002,2026-08-01T22:41:44Z,3,263.58,distributor
TXN-000001682,CUST-00245,PROD-0090,SITE-005,2024-05-02T09:55:41Z,15,5274.75,online
TXN-000001683,CUST-00514,PROD-0008,SITE-015,2026-05-31T21:50:52Z,20,1761.4,online
TXN-000001684,CUST-00162,PROD-0004,SITE-002,2025-05-05T17:41:23Z,32,7673.28,field-sales
TXN-000001685,CUST-00344,PROD-0084,SITE-013,2026-07-25T15:50:28Z,21,8357.16,distributor
TXN-000001686,CUST-00704,PROD-0050,SITE-008,2025-01-09T12:17:19Z,26,9850.1,distributor
TXN-000001687,CUST-00195,PROD-0097,SITE-006,2026-05-30T13:11:32Z,38,13645.04,field-sales
TXN-000001688,CUST-00785,PROD-0062,SITE-002,2026-06-15T05:35:58Z,4,886.12,distributor
TXN-000001689,CUST-00654,PROD-0073,SITE-010,2024-05-28T05:23:20Z,25,6337.5,field-sales
TXN-000001690,CUST-00230,PROD-0119,SITE-005,2026-04-02T18:59:59Z,39,11143.08,distributor
TXN-000001691,CUST-00703,PROD-0069,SITE-005,2025-12-17T06:38:07Z,27,7359.12,online
TXN-000001692,CUST-00624,PROD-0050,SITE-003,2025-01-20T16:25:02Z,24,5791.68,online
TXN-000001693,CUST-00340,PROD-0100,SITE-011,2026-07-31T15:33:39Z,21,2581.53,retail
TXN-000001694,CUST-00664,PROD-0041,SITE-012,2025-07-19T05:33:12Z,4,1378.68,retail
TXN-000001695,CUST-00601,PROD-0023,SITE-014,2025-05-07T23:54:56Z,7,1692.74,distributor
TXN-000001696,CUST-00539,PROD-0075,SITE-003,2024-07-21T06:12:42Z,22,5328.18,retail
TXN-000001697,CUST-00305,PROD-0027,SITE-012,2025-01-14T05:01:59Z,19,2519.02,field-sales
TXN-000001698,CUST-00746,PROD-0088,SITE-015,2025-10-27T06:14:17Z,36,6252.84,retail
TXN-000001699,CUST-00053,PROD-0026,SITE-005,2025-07-22T11:11:05Z,39,7940.01,field-sales
TXN-000001700,CUST-00254,PROD-0081,SITE-015,2025-06-02T13:39:36Z,21,4622.52,online
TXN-000001701,CUST-00214,PROD-0014,SITE-005,2025-05-10T02:24:08Z,19,6744.62,retail
TXN-000001702,CUST-00187,PROD-0082,SITE-015,2025-03-05T06:12:54Z,28,6552,retail
TXN-000001703,CUST-00413,PROD-0057,SITE-010,2024-12-04T11:32:35Z,35,10113.25,field-sales
TXN-000001704,CUST-00048,PROD-0030,SITE-006,2026-06-11T22:46:59Z,35,1514.8,retail
TXN-000001705,CUST-00014,PROD-0081,SITE-003,2026-08-27T08:28:30Z,14,3655.68,retail
TXN-000001706,CUST-00018,PROD-0107,SITE-002,2024-11-12T15:45:06Z,21,4858.56,distributor
TXN-000001707,CUST-00702,PROD-0070,SITE-009,2026-08-14T06:40:26Z,26,9829.3,field-sales
TXN-000001708,CUST-00251,PROD-0071,SITE-003,2024-12-25T02:10:34Z,39,8019.96,distributor
TXN-000001709,CUST-00419,PROD-0061,SITE-013,2025-07-01T06:19:15Z,3,563.94,online
TXN-000001710,CUST-00370,PROD-0012,SITE-009,2026-06-09T10:12:34Z,29,4360.44,distributor
TXN-000001711,CUST-00517,PROD-0117,SITE-012,2025-08-25T15:22:12Z,15,1174.35,retail
TXN-000001712,CUST-00315,PROD-0007,SITE-010,2025-12-15T00:04:19Z,3,804.09,retail
TXN-000001713,CUST-00134,PROD-0053,SITE-004,2026-07-09T18:47:16Z,17,5954.08,retail
TXN-000001714,CUST-00651,PROD-0024,SITE-002,2024-06-29T21:29:00Z,33,9802.32,field-sales
TXN-000001715,CUST-00092,PROD-0014,SITE-014,2024-08-11T06:05:05Z,21,6100.92,field-sales
TXN-000001716,CUST-00485,PROD-0096,SITE-014,2024-07-31T21:27:19Z,40,10565.6,retail
TXN-000001717,CUST-00668,PROD-0116,SITE-007,2024-06-20T04:52:57Z,6,1973.58,retail
TXN-000001718,CUST-00189,PROD-0002,SITE-012,2026-01-19T16:30:07Z,22,6983.24,online
TXN-000001719,CUST-00668,PROD-0015,SITE-008,2026-03-31T16:47:59Z,9,3520.35,distributor
TXN-000001720,CUST-00410,PROD-0065,SITE-001,2025-05-16T18:22:43Z,37,10252.7,retail
TXN-000001721,CUST-00548,PROD-0112,SITE-011,2025-09-01T01:58:15Z,15,1827.45,online
TXN-000001722,CUST-00610,PROD-0117,SITE-010,2026-01-16T04:17:12Z,30,8320.8,distributor
TXN-000001723,CUST-00127,PROD-0013,SITE-012,2026-08-03T08:11:34Z,20,4586.8,distributor
TXN-000001724,CUST-00045,PROD-0077,SITE-011,2025-11-08T09:49:53Z,12,3403.32,online
TXN-000001725,CUST-00414,PROD-0050,SITE-009,2025-09-02T03:39:40Z,10,3465.4,field-sales
TXN-000001726,CUST-00620,PROD-0043,SITE-005,2026-08-29T09:52:45Z,40,7289.6,distributor
TXN-000001727,CUST-00053,PROD-0064,SITE-013,2026-05-27T12:56:12Z,14,3460.52,distributor
TXN-000001728,CUST-00259,PROD-0009,SITE-002,2025-05-18T03:39:13Z,31,1978.11,distributor
TXN-000001729,CUST-00096,PROD-0014,SITE-014,2025-01-02T14:30:03Z,16,1417.44,retail
TXN-000001730,CUST-00197,PROD-0081,SITE-001,2026-08-17T22:26:02Z,10,3262,distributor
TXN-000001731,CUST-00182,PROD-0072,SITE-007,2024-04-14T17:09:57Z,27,1150.74,online
TXN-000001732,CUST-00295,PROD-0067,SITE-003,2025-08-09T14:06:53Z,40,15644.4,distributor
TXN-000001733,CUST-00377,PROD-0057,SITE-001,2025-12-17T19:05:15Z,5,1173.35,field-sales
TXN-000001734,CUST-00544,PROD-0029,SITE-002,2024-06-01T03:56:53Z,12,4415.76,retail
TXN-000001735,CUST-00277,PROD-0089,SITE-012,2025-06-29T11:08:20Z,36,9982.44,field-sales
TXN-000001736,CUST-00305,PROD-0068,SITE-005,2024-08-22T15:24:54Z,18,2563.56,distributor
TXN-000001737,CUST-00238,PROD-0015,SITE-014,2026-07-21T20:31:04Z,8,1566.96,distributor
TXN-000001738,CUST-00234,PROD-0018,SITE-007,2026-06-24T05:43:54Z,2,102.98,online
TXN-000001739,CUST-00120,PROD-0101,SITE-010,2026-06-17T11:43:39Z,25,4393,field-sales
TXN-000001740,CUST-00630,PROD-0014,SITE-007,2026-06-22T20:27:55Z,17,4639.3,distributor
TXN-000001741,CUST-00723,PROD-0018,SITE-006,2026-04-13T16:55:14Z,16,2172,online
TXN-000001742,CUST-00663,PROD-0107,SITE-008,2026-02-05T16:59:57Z,21,5229,distributor
TXN-000001743,CUST-00655,PROD-0056,SITE-006,2025-03-28T21:59:33Z,12,1495.68,retail
TXN-000001744,CUST-00115,PROD-0100,SITE-005,2025-01-04T11:44:53Z,16,5972.64,field-sales
TXN-000001745,CUST-00096,PROD-0010,SITE-003,2025-11-17T00:49:46Z,30,2439.6,distributor
TXN-000001746,CUST-00443,PROD-0046,SITE-012,2025-04-06T19:51:58Z,19,5038.23,field-sales
TXN-000001747,CUST-00661,PROD-0020,SITE-011,2026-03-04T23:21:02Z,26,9550.58,distributor
TXN-000001748,CUST-00197,PROD-0042,SITE-009,2026-03-19T23:18:41Z,12,809.4,distributor
TXN-000001749,CUST-00691,PROD-0040,SITE-011,2025-08-01T22:44:11Z,6,2343.18,distributor
TXN-000001750,CUST-00266,PROD-0029,SITE-001,2025-03-15T14:40:07Z,6,1597.2,distributor
TXN-000001751,CUST-00167,PROD-0048,SITE-007,2025-08-24T15:24:40Z,39,8053.11,field-sales
TXN-000001752,CUST-00467,PROD-0043,SITE-005,2025-08-05T04:23:10Z,12,2012.4,field-sales
TXN-000001753,CUST-00494,PROD-0043,SITE-002,2025-08-25T22:22:34Z,10,1795.7,distributor
TXN-000001754,CUST-00519,PROD-0050,SITE-002,2024-08-27T00:06:54Z,5,872.95,retail
TXN-000001755,CUST-00591,PROD-0003,SITE-008,2026-02-26T06:11:25Z,22,5105.54,distributor
TXN-000001756,CUST-00099,PROD-0092,SITE-004,2024-12-28T20:06:20Z,6,156.48,field-sales
TXN-000001757,CUST-00334,PROD-0025,SITE-004,2025-12-30T11:20:23Z,11,1805.1,distributor
TXN-000001758,CUST-00673,PROD-0029,SITE-005,2026-08-29T18:41:50Z,39,10184.85,distributor
TXN-000001759,CUST-00603,PROD-0055,SITE-009,2025-11-26T20:47:22Z,27,701.73,distributor
TXN-000001760,CUST-00092,PROD-0095,SITE-002,2025-07-27T16:58:36Z,29,7599.16,online
TXN-000001761,CUST-00584,PROD-0110,SITE-003,2024-12-03T10:57:36Z,16,4476.16,field-sales
TXN-000001762,CUST-00517,PROD-0113,SITE-008,2025-03-10T10:41:00Z,5,52.8,online
TXN-000001763,CUST-00516,PROD-0048,SITE-008,2025-03-15T00:19:34Z,8,2464.8,field-sales
TXN-000001764,CUST-00363,PROD-0082,SITE-007,2026-01-31T01:06:36Z,3,458.28,online
TXN-000001765,CUST-00567,PROD-0120,SITE-015,2024-07-04T19:05:23Z,24,6770.16,online
TXN-000001766,CUST-00567,PROD-0074,SITE-012,2025-11-28T08:31:23Z,26,7682.22,distributor
TXN-000001767,CUST-00202,PROD-0029,SITE-005,2026-04-11T05:16:15Z,29,2413.09,distributor
TXN-000001768,CUST-00145,PROD-0112,SITE-002,2024-07-05T08:46:53Z,6,1572.36,field-sales
TXN-000001769,CUST-00776,PROD-0026,SITE-003,2025-05-19T15:46:15Z,17,4490.38,online
TXN-000001770,CUST-00289,PROD-0001,SITE-011,2026-08-06T15:42:07Z,15,1162.05,field-sales
TXN-000001771,CUST-00699,PROD-0059,SITE-004,2025-03-01T00:37:14Z,17,3033.48,online
TXN-000001772,CUST-00753,PROD-0012,SITE-001,2026-05-20T08:39:36Z,20,6381.2,online
TXN-000001773,CUST-00546,PROD-0007,SITE-013,2024-06-14T06:54:41Z,13,2379.26,retail
TXN-000001774,CUST-00531,PROD-0071,SITE-003,2026-02-24T04:21:31Z,31,6952.68,field-sales
TXN-000001775,CUST-00456,PROD-0052,SITE-009,2026-02-12T07:50:49Z,25,5777,retail
TXN-000001776,CUST-00394,PROD-0002,SITE-014,2024-11-19T02:00:41Z,6,1744.86,online
TXN-000001777,CUST-00576,PROD-0007,SITE-006,2025-10-31T10:18:18Z,3,1116.24,distributor
TXN-000001778,CUST-00095,PROD-0083,SITE-015,2026-03-24T18:45:25Z,13,508.43,retail
TXN-000001779,CUST-00099,PROD-0104,SITE-001,2026-08-04T12:50:04Z,33,11308.77,field-sales
TXN-000001780,CUST-00226,PROD-0115,SITE-009,2025-07-21T16:30:02Z,30,8778.9,retail
TXN-000001781,CUST-00224,PROD-0107,SITE-005,2025-04-17T09:47:27Z,37,7216.11,online
TXN-000001782,CUST-00013,PROD-0063,SITE-013,2025-12-28T02:22:35Z,33,4499.22,retail
TXN-000001783,CUST-00117,PROD-0093,SITE-005,2026-04-30T09:06:26Z,8,202.16,online
TXN-000001784,CUST-00230,PROD-0025,SITE-015,2026-06-21T08:52:57Z,6,2118.78,distributor
TXN-000001785,CUST-00612,PROD-0032,SITE-009,2025-12-08T18:12:48Z,3,1053.15,online
TXN-000001786,CUST-00565,PROD-0098,SITE-001,2026-08-06T00:29:40Z,8,1689.36,retail
TXN-000001787,CUST-00735,PROD-0097,SITE-011,2024-08-14T22:49:30Z,1,373.92,distributor
TXN-000001788,CUST-00531,PROD-0084,SITE-015,2026-01-18T19:25:33Z,15,2576.1,retail
TXN-000001789,CUST-00622,PROD-0073,SITE-001,2024-07-10T12:03:06Z,39,15264.21,distributor
TXN-000001790,CUST-00209,PROD-0095,SITE-009,2025-08-29T09:39:02Z,18,4503.06,distributor
TXN-000001791,CUST-00244,PROD-0053,SITE-005,2024-05-25T06:29:56Z,13,3177.85,retail
TXN-000001792,CUST-00666,PROD-0094,SITE-015,2025-01-14T15:10:11Z,30,10441.5,field-sales
TXN-000001793,CUST-00779,PROD-0054,SITE-010,2024-05-16T14:54:01Z,32,3454.4,online
TXN-000001794,CUST-00314,PROD-0112,SITE-001,2026-06-13T15:21:46Z,7,2191.42,retail
TXN-000001795,CUST-00748,PROD-0059,SITE-005,2025-01-12T23:31:04Z,20,4272.6,retail
TXN-000001796,CUST-00704,PROD-0052,SITE-013,2024-06-19T02:19:15Z,12,1807.2,retail
TXN-000001797,CUST-00785,PROD-0098,SITE-005,2025-03-17T11:09:04Z,21,3929.31,field-sales
TXN-000001798,CUST-00341,PROD-0016,SITE-008,2025-06-30T05:52:39Z,37,1879.23,retail
TXN-000001799,CUST-00011,PROD-0022,SITE-004,2025-09-18T22:54:15Z,8,2964.56,distributor
TXN-000001800,CUST-00026,PROD-0030,SITE-009,2025-02-26T05:39:33Z,10,2339,retail
TXN-000001801,CUST-00364,PROD-0066,SITE-015,2025-12-10T00:56:55Z,6,537.54,distributor
TXN-000001802,CUST-00607,PROD-0109,SITE-012,2026-02-25T15:05:29Z,11,3978.59,retail
TXN-000001803,CUST-00068,PROD-0108,SITE-006,2025-11-29T05:01:59Z,27,8924.58,online
TXN-000001804,CUST-00729,PROD-0011,SITE-013,2026-06-05T12:07:03Z,27,1042.74,distributor
TXN-000001805,CUST-00305,PROD-0099,SITE-010,2026-07-12T08:03:59Z,27,10209.78,retail
TXN-000001806,CUST-00653,PROD-0043,SITE-005,2026-01-15T05:59:57Z,15,403.35,retail
TXN-000001807,CUST-00484,PROD-0051,SITE-009,2026-05-31T01:42:10Z,20,7990.6,field-sales
TXN-000001808,CUST-00526,PROD-0072,SITE-007,2025-07-19T14:48:39Z,19,2525.86,online
TXN-000001809,CUST-00100,PROD-0028,SITE-005,2025-04-07T10:49:40Z,5,1814.65,field-sales
TXN-000001810,CUST-00220,PROD-0080,SITE-011,2024-12-31T07:51:44Z,12,4466.04,field-sales
TXN-000001811,CUST-00102,PROD-0048,SITE-006,2026-05-16T03:58:19Z,38,14735.64,distributor
TXN-000001812,CUST-00354,PROD-0094,SITE-004,2026-04-18T11:36:24Z,16,4282.56,field-sales
TXN-000001813,CUST-00449,PROD-0073,SITE-014,2025-03-22T05:03:49Z,31,5549.93,retail
TXN-000001814,CUST-00155,PROD-0027,SITE-011,2024-09-24T21:37:04Z,21,2622.48,distributor
TXN-000001815,CUST-00432,PROD-0088,SITE-009,2024-09-23T13:46:30Z,40,4941.2,distributor
TXN-000001816,CUST-00418,PROD-0054,SITE-013,2024-10-25T22:04:28Z,39,1989.78,field-sales
TXN-000001817,CUST-00061,PROD-0072,SITE-006,2025-09-21T06:23:25Z,40,6568.8,distributor
TXN-000001818,CUST-00062,PROD-0094,SITE-005,2024-12-29T21:57:51Z,3,143.52,online
TXN-000001819,CUST-00334,PROD-0095,SITE-007,2025-09-14T10:16:21Z,38,11456.62,distributor
TXN-000001820,CUST-00577,PROD-0120,SITE-013,2025-04-24T23:53:33Z,20,6530.4,field-sales
TXN-000001821,CUST-00395,PROD-0084,SITE-014,2025-06-22T01:54:35Z,21,275.94,field-sales
TXN-000001822,CUST-00236,PROD-0070,SITE-007,2026-03-06T13:23:18Z,11,3742.53,distributor
TXN-000001823,CUST-00779,PROD-0118,SITE-002,2026-03-15T03:06:56Z,32,9423.68,online
TXN-000001824,CUST-00188,PROD-0055,SITE-015,2025-02-11T11:06:29Z,31,2701.65,online
TXN-000001825,CUST-00199,PROD-0046,SITE-007,2026-08-05T04:06:04Z,31,4485.39,distributor
TXN-000001826,CUST-00206,PROD-0076,SITE-003,2026-04-25T01:23:18Z,16,3766.4,online
TXN-000001827,CUST-00726,PROD-0018,SITE-007,2026-03-24T06:55:53Z,35,10495.45,online
TXN-000001828,CUST-00131,PROD-0080,SITE-009,2026-01-08T17:15:03Z,11,206.25,field-sales
TXN-000001829,CUST-00339,PROD-0084,SITE-009,2024-11-12T15:32:09Z,6,969.96,retail
TXN-000001830,CUST-00662,PROD-0010,SITE-012,2026-01-03T18:51:34Z,11,954.47,online
TXN-000001831,CUST-00288,PROD-0044,SITE-008,2026-03-18T07:24:23Z,24,5907.36,online
TXN-000001832,CUST-00244,PROD-0064,SITE-015,2026-08-01T07:00:27Z,14,1043.28,field-sales
TXN-000001833,CUST-00714,PROD-0090,SITE-006,2025-08-04T14:46:37Z,32,1237.76,field-sales
TXN-000001834,CUST-00322,PROD-0066,SITE-011,2025-10-14T01:44:07Z,2,586.5,retail
TXN-000001835,CUST-00690,PROD-0095,SITE-006,2025-11-21T03:12:54Z,7,2173.08,distributor
TXN-000001836,CUST-00478,PROD-0037,SITE-010,2025-09-22T23:14:33Z,14,4013.38,field-sales
TXN-000001837,CUST-00740,PROD-0049,SITE-010,2025-05-09T19:49:39Z,34,13107,field-sales
TXN-000001838,CUST-00252,PROD-0053,SITE-006,2025-10-18T23:11:12Z,35,2463.65,retail
TXN-000001839,CUST-00728,PROD-0040,SITE-002,2026-06-07T05:43:08Z,35,7231.7,distributor
TXN-000001840,CUST-00115,PROD-0023,SITE-012,2025-11-14T18:46:16Z,17,4943.77,online
TXN-000001841,CUST-00115,PROD-0067,SITE-005,2024-09-25T20:07:15Z,19,891.29,field-sales
TXN-000001842,CUST-00125,PROD-0086,SITE-001,2025-07-12T15:53:05Z,10,1973.8,field-sales
TXN-000001843,CUST-00650,PROD-0041,SITE-005,2025-04-23T01:11:52Z,6,2303.28,retail
TXN-000001844,CUST-00438,PROD-0035,SITE-013,2024-09-10T10:36:54Z,11,1230.57,distributor
TXN-000001845,CUST-00382,PROD-0097,SITE-008,2026-01-14T15:38:36Z,39,956.67,field-sales
TXN-000001846,CUST-00531,PROD-0007,SITE-015,2026-02-03T19:23:30Z,34,3449.3,field-sales
TXN-000001847,CUST-00576,PROD-0099,SITE-011,2024-05-13T11:55:50Z,35,4569.95,field-sales
TXN-000001848,CUST-00639,PROD-0101,SITE-010,2026-08-13T09:53:25Z,23,903.67,distributor
TXN-000001849,CUST-00106,PROD-0096,SITE-004,2025-05-25T16:56:25Z,10,2367.4,distributor
TXN-000001850,CUST-00618,PROD-0042,SITE-015,2026-04-08T02:07:46Z,36,6001.56,online
TXN-000001851,CUST-00454,PROD-0102,SITE-013,2026-06-24T00:39:16Z,25,6743.5,retail
TXN-000001852,CUST-00703,PROD-0051,SITE-007,2025-12-03T21:23:49Z,20,1936.4,online
TXN-000001853,CUST-00252,PROD-0035,SITE-013,2026-04-02T11:10:31Z,2,51.02,field-sales
TXN-000001854,CUST-00650,PROD-0062,SITE-008,2026-08-07T22:57:45Z,39,11723.4,retail
TXN-000001855,CUST-00125,PROD-0069,SITE-007,2025-05-20T21:49:54Z,14,4763.5,distributor
TXN-000001856,CUST-00626,PROD-0004,SITE-007,2025-02-13T01:55:24Z,33,8333.16,distributor
TXN-000001857,CUST-00102,PROD-0094,SITE-008,2026-07-12T13:16:06Z,30,3601.2,retail
TXN-000001858,CUST-00235,PROD-0063,SITE-010,2026-07-24T22:40:03Z,2,25.7,distributor
TXN-000001859,CUST-00414,PROD-0095,SITE-015,2025-01-22T03:22:17Z,25,1427,retail
TXN-000001860,CUST-00725,PROD-0071,SITE-005,2026-04-17T12:35:41Z,25,7501,retail
TXN-000001861,CUST-00581,PROD-0008,SITE-011,2026-03-27T17:28:35Z,3,790.62,field-sales
TXN-000001862,CUST-00109,PROD-0067,SITE-008,2025-05-17T13:28:21Z,40,10178.4,online
TXN-000001863,CUST-00329,PROD-0010,SITE-012,2024-08-17T18:16:33Z,18,346.68,retail
TXN-000001864,CUST-00011,PROD-0053,SITE-005,2024-11-07T12:37:51Z,25,8278.75,retail
TXN-000001865,CUST-00765,PROD-0035,SITE-015,2026-02-11T13:19:41Z,1,188.67,field-sales
TXN-000001866,CUST-00107,PROD-0019,SITE-014,2026-03-13T20:19:30Z,21,657.09,distributor
TXN-000001867,CUST-00710,PROD-0019,SITE-010,2026-05-19T07:03:07Z,8,2862,online
TXN-000001868,CUST-00030,PROD-0013,SITE-011,2026-05-05T13:08:09Z,29,11124.11,retail
TXN-000001869,CUST-00509,PROD-0037,SITE-010,2025-09-05T11:56:09Z,3,1099.89,retail
TXN-000001870,CUST-00430,PROD-0104,SITE-014,2026-08-14T12:49:23Z,32,519.36,field-sales
TXN-000001871,CUST-00118,PROD-0028,SITE-003,2026-01-19T14:45:54Z,13,782.08,retail
TXN-000001872,CUST-00700,PROD-0001,SITE-012,2025-12-31T20:12:01Z,25,5676.75,online
TXN-000001873,CUST-00134,PROD-0020,SITE-012,2025-02-24T22:01:25Z,17,2039.49,distributor
TXN-000001874,CUST-00216,PROD-0082,SITE-004,2025-12-25T15:05:45Z,14,4517.52,retail
TXN-000001875,CUST-00677,PROD-0079,SITE-002,2025-10-11T08:39:28Z,40,15296,retail
TXN-000001876,CUST-00351,PROD-0034,SITE-005,2025-03-28T07:05:00Z,20,3493,retail
TXN-000001877,CUST-00393,PROD-0020,SITE-005,2026-02-23T06:31:17Z,28,5845.56,field-sales
TXN-000001878,CUST-00184,PROD-0029,SITE-015,2025-11-04T03:43:45Z,35,1640.45,online
TXN-000001879,CUST-00146,PROD-0036,SITE-011,2026-07-03T01:47:41Z,26,7983.3,field-sales
TXN-000001880,CUST-00551,PROD-0045,SITE-005,2025-06-26T08:52:59Z,27,7745.76,retail
TXN-000001881,CUST-00345,PROD-0020,SITE-006,2025-01-10T07:17:37Z,29,623.79,online
TXN-000001882,CUST-00010,PROD-0110,SITE-015,2026-06-27T04:04:45Z,28,10331.72,distributor
TXN-000001883,CUST-00533,PROD-0050,SITE-001,2026-01-09T18:19:36Z,5,80.35,field-sales
TXN-000001884,CUST-00077,PROD-0085,SITE-010,2025-06-16T10:20:09Z,35,10965.5,field-sales
TXN-000001885,CUST-00785,PROD-0076,SITE-011,2025-11-13T19:57:38Z,19,2763.36,online
TXN-000001886,CUST-00284,PROD-0087,SITE-006,2024-09-05T16:08:06Z,17,1263.61,field-sales
TXN-000001887,CUST-00021,PROD-0110,SITE-007,2025-11-26T18:29:21Z,14,1403.5,online
TXN-000001888,CUST-00773,PROD-0006,SITE-009,2025-02-05T11:43:34Z,24,9325.92,field-sales
TXN-000001889,CUST-00526,PROD-0105,SITE-014,2026-05-12T06:42:22Z,19,1345.58,retail
TXN-000001890,CUST-00661,PROD-0086,SITE-003,2026-06-19T18:30:38Z,11,686.84,retail
TXN-000001891,CUST-00306,PROD-0062,SITE-011,2025-04-27T15:01:12Z,28,1489.04,retail
TXN-000001892,CUST-00135,PROD-0031,SITE-010,2026-03-29T19:59:51Z,5,1627.15,retail
TXN-000001893,CUST-00430,PROD-0091,SITE-015,2025-03-04T18:54:14Z,40,2811.2,online
TXN-000001894,CUST-00515,PROD-0039,SITE-011,2025-12-17T12:13:37Z,37,7808.48,field-sales
TXN-000001895,CUST-00766,PROD-0100,SITE-004,2025-09-10T02:40:44Z,39,3845.01,retail
TXN-000001896,CUST-00606,PROD-0048,SITE-001,2025-11-09T21:16:57Z,2,329.42,field-sales
TXN-000001897,CUST-00439,PROD-0069,SITE-005,2026-06-28T20:43:14Z,28,4987.36,field-sales
TXN-000001898,CUST-00183,PROD-0012,SITE-015,2025-10-20T08:45:59Z,13,190.97,distributor
TXN-000001899,CUST-00204,PROD-0051,SITE-007,2026-08-19T14:24:56Z,14,3714.62,online
TXN-000001900,CUST-00465,PROD-0017,SITE-001,2024-10-21T15:43:26Z,5,142.5,distributor
TXN-000001901,CUST-00789,PROD-0050,SITE-015,2025-10-16T02:18:12Z,34,6401.86,field-sales
TXN-000001902,CUST-00455,PROD-0012,SITE-006,2024-09-01T03:58:09Z,8,2897.36,distributor
TXN-000001903,CUST-00617,PROD-0058,SITE-004,2025-06-01T00:41:46Z,32,1679.68,distributor
TXN-000001904,CUST-00674,PROD-0111,SITE-015,2024-06-24T09:57:52Z,5,1029.4,distributor
TXN-000001905,CUST-00290,PROD-0100,SITE-015,2026-06-09T00:54:53Z,28,9835.84,retail
TXN-000001906,CUST-00707,PROD-0042,SITE-006,2026-03-14T23:41:25Z,14,4261.04,retail
TXN-000001907,CUST-00491,PROD-0108,SITE-003,2024-09-20T22:47:44Z,15,2886.15,field-sales
TXN-000001908,CUST-00654,PROD-0094,SITE-009,2025-08-23T10:58:32Z,34,13007.04,distributor
TXN-000001909,CUST-00096,PROD-0014,SITE-003,2025-11-23T03:00:05Z,3,539.61,retail
TXN-000001910,CUST-00713,PROD-0018,SITE-003,2026-05-21T11:18:57Z,24,2360.64,retail
TXN-000001911,CUST-00411,PROD-0055,SITE-011,2026-08-20T08:58:48Z,12,4721.52,distributor
TXN-000001912,CUST-00069,PROD-0118,SITE-003,2024-06-11T18:05:33Z,9,3072.24,distributor
TXN-000001913,CUST-00240,PROD-0115,SITE-009,2025-10-05T11:33:10Z,37,1139.6,distributor
TXN-000001914,CUST-00373,PROD-0107,SITE-010,2025-07-31T17:18:01Z,35,5437.95,online
TXN-000001915,CUST-00436,PROD-0066,SITE-007,2025-10-25T13:26:46Z,11,4135.34,retail
TXN-000001916,CUST-00051,PROD-0043,SITE-013,2025-09-02T14:25:15Z,32,11834.88,distributor
TXN-000001917,CUST-00046,PROD-0011,SITE-006,2024-08-06T03:23:55Z,36,11454.12,online
TXN-000001918,CUST-00184,PROD-0043,SITE-005,2025-02-25T15:48:06Z,6,786.72,distributor
TXN-000001919,CUST-00633,PROD-0061,SITE-002,2026-03-18T22:25:00Z,3,1047.54,online
TXN-000001920,CUST-00792,PROD-0080,SITE-006,2025-09-29T06:00:23Z,34,2781.54,distributor
TXN-000001921,CUST-00004,PROD-0029,SITE-015,2026-05-18T07:29:04Z,30,8902.5,retail
TXN-000001922,CUST-00066,PROD-0038,SITE-005,2025-05-24T00:36:39Z,19,5533.94,online
TXN-000001923,CUST-00703,PROD-0057,SITE-015,2025-09-10T15:44:45Z,10,1007.3,retail
TXN-000001924,CUST-00235,PROD-0056,SITE-007,2026-08-15T14:32:12Z,6,178.14,field-sales
TXN-000001925,CUST-00371,PROD-0101,SITE-007,2025-02-22T05:53:35Z,34,7366.1,retail
TXN-000001926,CUST-00041,PROD-0048,SITE-011,2025-11-24T19:08:22Z,29,2773.27,field-sales
TXN-000001927,CUST-00343,PROD-0068,SITE-007,2025-01-07T07:01:35Z,21,4378.29,retail
TXN-000001928,CUST-00200,PROD-0043,SITE-009,2024-07-07T09:20:14Z,39,788.19,online
TXN-000001929,CUST-00369,PROD-0084,SITE-015,2026-06-28T10:00:56Z,23,280.14,online
TXN-000001930,CUST-00792,PROD-0031,SITE-003,2026-07-29T16:59:42Z,27,2545.56,field-sales
TXN-000001931,CUST-00791,PROD-0004,SITE-011,2026-01-16T22:59:38Z,16,5406.72,field-sales
TXN-000001932,CUST-00679,PROD-0029,SITE-005,2025-01-04T03:41:35Z,2,730.24,online
TXN-000001933,CUST-00431,PROD-0054,SITE-008,2024-07-11T03:43:52Z,29,10439.42,distributor
TXN-000001934,CUST-00140,PROD-0081,SITE-012,2025-11-23T05:53:59Z,22,4202,distributor
TXN-000001935,CUST-00302,PROD-0027,SITE-008,2024-12-09T23:10:20Z,27,4072.95,online
TXN-000001936,CUST-00588,PROD-0074,SITE-006,2026-05-13T04:47:48Z,34,5628.36,distributor
TXN-000001937,CUST-00501,PROD-0052,SITE-009,2024-09-23T07:45:17Z,10,3584.4,online
TXN-000001938,CUST-00042,PROD-0052,SITE-011,2025-07-24T08:57:50Z,31,2377.7,field-sales
TXN-000001939,CUST-00683,PROD-0101,SITE-015,2025-06-21T17:40:28Z,32,4523.2,online
TXN-000001940,CUST-00776,PROD-0116,SITE-014,2025-07-15T05:08:50Z,5,1501.75,online
TXN-000001941,CUST-00092,PROD-0097,SITE-008,2024-12-28T07:02:18Z,4,423.16,distributor
TXN-000001942,CUST-00344,PROD-0086,SITE-012,2024-10-14T23:43:27Z,12,2831.04,online
TXN-000001943,CUST-00258,PROD-0084,SITE-010,2025-01-02T07:29:19Z,28,1682.52,distributor
TXN-000001944,CUST-00581,PROD-0021,SITE-008,2026-08-15T18:56:32Z,16,2759.2,retail
TXN-000001945,CUST-00524,PROD-0016,SITE-010,2025-10-10T16:00:31Z,5,1546.6,online
TXN-000001946,CUST-00445,PROD-0105,SITE-014,2025-09-11T20:40:36Z,1,213.65,retail
TXN-000001947,CUST-00103,PROD-0099,SITE-005,2026-03-11T13:18:59Z,18,5934.06,retail
TXN-000001948,CUST-00742,PROD-0004,SITE-005,2024-09-04T16:37:42Z,40,7403.6,online
TXN-000001949,CUST-00038,PROD-0044,SITE-013,2024-07-20T11:43:52Z,39,610.35,field-sales
TXN-000001950,CUST-00526,PROD-0025,SITE-005,2026-06-08T05:05:46Z,4,1394.72,field-sales
TXN-000001951,CUST-00432,PROD-0077,SITE-010,2026-06-06T11:49:48Z,25,7828.5,distributor
TXN-000001952,CUST-00550,PROD-0071,SITE-011,2025-07-17T20:18:12Z,26,675.48,online
TXN-000001953,CUST-00579,PROD-0036,SITE-011,2026-01-30T08:57:18Z,5,1659.45,field-sales
TXN-000001954,CUST-00068,PROD-0051,SITE-002,2026-05-22T19:52:05Z,7,2095.66,field-sales
TXN-000001955,CUST-00192,PROD-0102,SITE-015,2026-03-12T16:51:17Z,23,1079.16,field-sales
TXN-000001956,CUST-00604,PROD-0005,SITE-005,2025-06-18T06:10:47Z,22,5300.02,field-sales
TXN-000001957,CUST-00078,PROD-0030,SITE-005,2025-10-23T21:38:27Z,28,9623.04,distributor
TXN-000001958,CUST-00503,PROD-0058,SITE-012,2025-03-05T23:16:06Z,40,1358.4,online
TXN-000001959,CUST-00369,PROD-0064,SITE-014,2024-03-28T08:42:44Z,19,2159.92,retail
TXN-000001960,CUST-00600,PROD-0018,SITE-011,2025-08-28T18:05:30Z,30,8338.2,distributor
TXN-000001961,CUST-00193,PROD-0015,SITE-001,2024-12-04T06:16:13Z,37,5232.17,retail
TXN-000001962,CUST-00401,PROD-0088,SITE-009,2025-07-01T21:51:23Z,33,10093.38,field-sales
TXN-000001963,CUST-00721,PROD-0011,SITE-013,2026-06-27T17:57:26Z,36,4907.88,distributor
TXN-000001964,CUST-00489,PROD-0061,SITE-001,2025-05-29T03:18:55Z,3,1154.37,retail
TXN-000001965,CUST-00248,PROD-0082,SITE-014,2025-07-28T02:06:31Z,14,1634.08,field-sales
TXN-000001966,CUST-00087,PROD-0096,SITE-001,2026-03-26T03:35:17Z,33,9658.11,retail
TXN-000001967,CUST-00171,PROD-0044,SITE-011,2025-05-25T20:16:03Z,30,2682.6,retail
TXN-000001968,CUST-00444,PROD-0018,SITE-010,2025-01-26T10:04:45Z,32,4969.28,online
TXN-000001969,CUST-00209,PROD-0062,SITE-002,2025-06-14T15:32:22Z,22,8448.44,online
TXN-000001970,CUST-00317,PROD-0006,SITE-004,2025-10-28T15:32:16Z,22,435.16,field-sales
TXN-000001971,CUST-00387,PROD-0109,SITE-004,2025-06-21T10:14:57Z,40,11119.2,field-sales
TXN-000001972,CUST-00283,PROD-0065,SITE-014,2026-06-07T10:58:14Z,19,4057.26,retail
TXN-000001973,CUST-00673,PROD-0093,SITE-009,2026-04-22T22:36:35Z,1,108.19,distributor
TXN-000001974,CUST-00345,PROD-0090,SITE-007,2024-12-16T06:57:27Z,25,1430.5,field-sales
TXN-000001975,CUST-00749,PROD-0112,SITE-001,2025-03-08T06:47:19Z,3,322.05,online
TXN-000001976,CUST-00089,PROD-0059,SITE-001,2024-12-09T14:08:25Z,32,5143.36,distributor
TXN-000001977,CUST-00548,PROD-0003,SITE-002,2026-07-23T10:05:47Z,13,3361.67,field-sales
TXN-000001978,CUST-00330,PROD-0093,SITE-002,2025-03-12T20:55:18Z,26,2821.78,field-sales
TXN-000001979,CUST-00302,PROD-0060,SITE-014,2026-08-25T07:00:47Z,23,3109.14,field-sales
TXN-000001980,CUST-00718,PROD-0060,SITE-011,2026-02-02T20:37:06Z,5,1140.9,online
TXN-000001981,CUST-00544,PROD-0053,SITE-007,2024-07-02T19:53:50Z,39,15246.27,retail
TXN-000001982,CUST-00260,PROD-0032,SITE-010,2024-10-08T04:12:00Z,22,7841.02,online
TXN-000001983,CUST-00130,PROD-0016,SITE-008,2026-02-09T10:15:38Z,19,7433.75,online
TXN-000001984,CUST-00714,PROD-0055,SITE-001,2025-08-25T15:33:18Z,4,86.68,distributor
TXN-000001985,CUST-00256,PROD-0018,SITE-014,2025-06-29T02:19:01Z,13,226.98,field-sales
TXN-000001986,CUST-00274,PROD-0034,SITE-007,2025-10-21T02:36:44Z,11,1720.29,online
TXN-000001987,CUST-00652,PROD-0097,SITE-003,2025-11-29T18:14:21Z,24,2401.2,retail
TXN-000001988,CUST-00754,PROD-0033,SITE-001,2026-03-16T09:55:10Z,4,205.84,field-sales
TXN-000001989,CUST-00371,PROD-0075,SITE-002,2025-06-04T23:26:49Z,13,772.72,distributor
TXN-000001990,CUST-00499,PROD-0076,SITE-010,2026-04-07T04:30:08Z,3,131.49,distributor
TXN-000001991,CUST-00654,PROD-0031,SITE-015,2026-05-22T01:11:43Z,1,94.78,retail
TXN-000001992,CUST-00646,PROD-0036,SITE-003,2024-05-04T23:44:47Z,33,8097.87,online
TXN-000001993,CUST-00048,PROD-0072,SITE-002,2026-03-28T15:24:23Z,17,6457.11,field-sales
TXN-000001994,CUST-00509,PROD-0040,SITE-014,2024-10-05T09:49:04Z,31,2053.13,retail
TXN-000001995,CUST-00416,PROD-0085,SITE-007,2025-07-15T01:57:29Z,32,1730.56,retail
TXN-000001996,CUST-00564,PROD-0004,SITE-006,2025-02-24T21:42:17Z,15,1964.7,online
TXN-000001997,CUST-00634,PROD-0010,SITE-009,2026-07-19T12:54:20Z,40,6486.8,online
TXN-000001998,CUST-00457,PROD-0013,SITE-003,2026-08-19T23:33:49Z,16,6082.24,retail
TXN-000001999,CUST-00718,PROD-0092,SITE-002,2026-07-04T18:33:46Z,20,7396,retail
TXN-000002000,CUST-00233,PROD-0063,SITE-007,2025-06-06T02:14:18Z,8,1003.12,distributor
TXN-000002001,CUST-00038,PROD-0014,SITE-010,2026-06-25T13:01:52Z,10,3879.5,online
TXN-000002002,CUST-00224,PROD-0084,SITE-014,2025-08-06T11:51:12Z,5,793.85,online
TXN-000002003,CUST-00097,PROD-0028,SITE-002,2025-10-17T07:54:09Z,13,5068.96,online
TXN-000002004,CUST-00707,PROD-0071,SITE-001,2026-06-05T17:19:47Z,17,1193.57,online
TXN-000002005,CUST-00329,PROD-0050,SITE-005,2026-04-17T19:53:55Z,16,5727.84,online
TXN-000002006,CUST-00196,PROD-0059,SITE-014,2026-02-04T14:32:51Z,13,2048.15,distributor
TXN-000002007,CUST-00492,PROD-0081,SITE-003,2025-04-14T20:17:58Z,21,6122.76,distributor
TXN-000002008,CUST-00620,PROD-0031,SITE-008,2026-02-20T08:59:23Z,25,1130.75,online
TXN-000002009,CUST-00664,PROD-0049,SITE-010,2024-05-09T23:10:50Z,7,2004.1,field-sales
TXN-000002010,CUST-00609,PROD-0019,SITE-007,2024-04-17T06:28:58Z,28,3894.52,field-sales
TXN-000002011,CUST-00734,PROD-0023,SITE-002,2024-11-09T11:53:10Z,16,1857.28,online
TXN-000002012,CUST-00786,PROD-0085,SITE-008,2024-05-28T07:18:41Z,5,165.5,retail
TXN-000002013,CUST-00499,PROD-0099,SITE-003,2025-11-14T05:54:40Z,15,3746.7,online
TXN-000002014,CUST-00621,PROD-0108,SITE-003,2026-01-19T20:12:10Z,25,7683.25,retail
TXN-000002015,CUST-00162,PROD-0056,SITE-011,2026-01-02T12:33:10Z,36,6959.52,retail
TXN-000002016,CUST-00554,PROD-0020,SITE-005,2026-01-20T13:20:49Z,22,4964.96,online
TXN-000002017,CUST-00368,PROD-0060,SITE-006,2026-07-04T22:24:16Z,17,2637.55,field-sales
TXN-000002018,CUST-00577,PROD-0107,SITE-013,2024-04-25T11:33:44Z,14,3595.48,distributor
TXN-000002019,CUST-00492,PROD-0043,SITE-012,2025-11-16T07:25:20Z,40,1976.4,distributor
TXN-000002020,CUST-00715,PROD-0092,SITE-009,2025-12-16T18:23:23Z,13,1588.99,field-sales
TXN-000002021,CUST-00628,PROD-0106,SITE-006,2024-09-30T01:16:59Z,39,2031.9,online
TXN-000002022,CUST-00655,PROD-0107,SITE-004,2025-10-21T09:05:19Z,37,14545.07,distributor
TXN-000002023,CUST-00706,PROD-0021,SITE-005,2026-02-19T17:33:12Z,8,2997.84,distributor
TXN-000002024,CUST-00311,PROD-0065,SITE-009,2025-04-15T06:00:21Z,14,2664.48,retail
TXN-000002025,CUST-00707,PROD-0067,SITE-007,2026-02-17T14:59:26Z,23,5560.71,distributor
TXN-000002026,CUST-00202,PROD-0019,SITE-002,2025-09-16T00:16:46Z,33,13189.77,distributor
TXN-000002027,CUST-00779,PROD-0051,SITE-013,2026-01-13T17:20:34Z,2,100.04,field-sales
TXN-000002028,CUST-00203,PROD-0014,SITE-007,2025-11-20T22:48:51Z,27,1402.38,distributor
TXN-000002029,CUST-00281,PROD-0096,SITE-007,2025-11-27T03:55:18Z,1,31.07,distributor
TXN-000002030,CUST-00112,PROD-0010,SITE-001,2026-07-26T18:21:18Z,14,2845.5,retail
TXN-000002031,CUST-00596,PROD-0027,SITE-015,2026-08-17T02:56:58Z,19,2617.06,distributor
TXN-000002032,CUST-00053,PROD-0076,SITE-012,2026-06-05T13:08:35Z,1,332.37,field-sales
TXN-000002033,CUST-00436,PROD-0056,SITE-005,2026-02-27T11:30:50Z,35,5272.75,distributor
TXN-000002034,CUST-00614,PROD-0087,SITE-008,2026-08-05T08:21:55Z,25,1040.25,retail
TXN-000002035,CUST-00488,PROD-0113,SITE-005,2024-12-27T09:31:10Z,4,793.16,online
TXN-000002036,CUST-00251,PROD-0015,SITE-002,2025-08-02T08:37:33Z,38,6809.98,field-sales
TXN-000002037,CUST-00309,PROD-0107,SITE-015,2024-09-04T15:49:36Z,24,1936.56,distributor
TXN-000002038,CUST-00082,PROD-0119,SITE-009,2026-08-27T12:42:46Z,26,6362.46,distributor
TXN-000002039,CUST-00720,PROD-0019,SITE-014,2025-10-31T19:13:15Z,37,9061.67,online
TXN-000002040,CUST-00162,PROD-0087,SITE-001,2026-08-30T13:37:20Z,23,8711.48,field-sales
TXN-000002041,CUST-00744,PROD-0092,SITE-002,2025-01-04T00:47:52Z,29,6067.38,retail
TXN-000002042,CUST-00104,PROD-0064,SITE-014,2025-12-09T05:25:07Z,21,7026.18,retail
TXN-000002043,CUST-00767,PROD-0077,SITE-010,2026-03-05T08:02:31Z,6,558.48,field-sales
TXN-000002044,CUST-00162,PROD-0077,SITE-007,2024-05-10T14:53:25Z,23,7769.4,online
TXN-000002045,CUST-00300,PROD-0034,SITE-012,2025-02-22T20:06:34Z,33,7399.59,field-sales
TXN-000002046,CUST-00133,PROD-0008,SITE-014,2026-03-18T14:05:14Z,34,8096.76,online
TXN-000002047,CUST-00397,PROD-0060,SITE-005,2026-08-25T01:28:48Z,8,2464.48,online
TXN-000002048,CUST-00578,PROD-0099,SITE-007,2026-08-27T21:55:09Z,28,2977.24,online
TXN-000002049,CUST-00275,PROD-0090,SITE-007,2025-05-14T14:03:07Z,8,1033.2,online
TXN-000002050,CUST-00468,PROD-0077,SITE-004,2024-04-04T01:17:57Z,38,603.82,retail
TXN-000002051,CUST-00711,PROD-0100,SITE-003,2025-09-21T21:07:45Z,11,3281.96,retail
TXN-000002052,CUST-00008,PROD-0085,SITE-006,2025-10-04T11:51:21Z,36,6241.32,field-sales
TXN-000002053,CUST-00277,PROD-0101,SITE-013,2024-06-30T03:11:07Z,4,457.36,online
TXN-000002054,CUST-00557,PROD-0007,SITE-010,2025-06-29T09:26:06Z,8,2285.6,retail
TXN-000002055,CUST-00159,PROD-0069,SITE-003,2026-07-16T05:36:33Z,30,2988.9,online
TXN-000002056,CUST-00741,PROD-0005,SITE-002,2026-04-29T11:34:27Z,2,40.76,field-sales
TXN-000002057,CUST-00356,PROD-0120,SITE-011,2025-09-15T23:10:40Z,27,6891.75,field-sales
TXN-000002058,CUST-00547,PROD-0032,SITE-010,2024-09-27T15:13:51Z,37,11645.75,distributor
TXN-000002059,CUST-00289,PROD-0077,SITE-007,2025-09-28T07:54:57Z,11,2033.57,distributor
TXN-000002060,CUST-00461,PROD-0091,SITE-001,2025-09-01T01:43:32Z,10,3466.4,retail
TXN-000002061,CUST-00709,PROD-0027,SITE-005,2025-02-01T15:40:43Z,26,6734.26,distributor
TXN-000002062,CUST-00633,PROD-0051,SITE-008,2026-08-23T12:59:24Z,37,2656.6,online
TXN-000002063,CUST-00053,PROD-0070,SITE-015,2025-02-01T21:48:07Z,4,1008.36,distributor
TXN-000002064,CUST-00655,PROD-0064,SITE-014,2025-06-14T05:54:05Z,15,1782.6,field-sales
TXN-000002065,CUST-00501,PROD-0055,SITE-015,2025-05-04T02:35:24Z,9,2291.58,field-sales
TXN-000002066,CUST-00125,PROD-0059,SITE-006,2026-04-26T06:34:50Z,25,5572.25,retail
TXN-000002067,CUST-00302,PROD-0028,SITE-006,2024-04-03T03:46:14Z,9,2875.23,retail
TXN-000002068,CUST-00552,PROD-0100,SITE-012,2025-08-16T05:15:07Z,16,6190.88,field-sales
TXN-000002069,CUST-00038,PROD-0111,SITE-007,2025-12-05T01:38:49Z,30,6075,retail
TXN-000002070,CUST-00578,PROD-0010,SITE-005,2026-06-30T02:21:43Z,21,1852.41,field-sales
TXN-000002071,CUST-00071,PROD-0014,SITE-009,2025-11-19T09:29:34Z,23,2350.14,distributor
TXN-000002072,CUST-00192,PROD-0111,SITE-010,2025-12-25T05:33:50Z,26,1796.34,field-sales
TXN-000002073,CUST-00035,PROD-0088,SITE-008,2026-07-31T23:26:05Z,37,7696.74,distributor
TXN-000002074,CUST-00232,PROD-0086,SITE-005,2026-08-30T14:44:01Z,40,3342.4,retail
TXN-000002075,CUST-00268,PROD-0019,SITE-005,2025-04-01T17:25:38Z,30,4038.6,field-sales
TXN-000002076,CUST-00506,PROD-0053,SITE-012,2025-10-24T23:35:57Z,12,2932.44,online
TXN-000002077,CUST-00354,PROD-0086,SITE-013,2025-11-29T09:38:13Z,35,10129,retail
TXN-000002078,CUST-00513,PROD-0018,SITE-006,2026-08-30T02:33:58Z,35,3224.2,field-sales
TXN-000002079,CUST-00458,PROD-0045,SITE-009,2025-10-28T20:08:05Z,34,4041.58,retail
TXN-000002080,CUST-00677,PROD-0078,SITE-013,2025-03-21T22:55:40Z,12,3502.68,distributor
TXN-000002081,CUST-00187,PROD-0112,SITE-007,2025-08-16T03:49:37Z,22,3754.52,field-sales
TXN-000002082,CUST-00435,PROD-0023,SITE-009,2024-12-25T10:04:57Z,25,687.25,online
TXN-000002083,CUST-00002,PROD-0113,SITE-002,2025-11-14T02:23:48Z,30,8240.7,retail
TXN-000002084,CUST-00018,PROD-0036,SITE-014,2026-03-28T22:18:14Z,19,1004.91,retail
TXN-000002085,CUST-00567,PROD-0052,SITE-012,2025-08-15T09:01:12Z,11,4232.69,field-sales
TXN-000002086,CUST-00124,PROD-0106,SITE-013,2025-01-11T14:33:16Z,4,747.28,distributor
TXN-000002087,CUST-00455,PROD-0029,SITE-009,2025-11-28T05:53:24Z,15,1717.65,online
TXN-000002088,CUST-00131,PROD-0011,SITE-003,2026-06-28T11:22:38Z,39,697.32,online
TXN-000002089,CUST-00400,PROD-0070,SITE-009,2024-12-13T01:01:38Z,1,366.3,online
TXN-000002090,CUST-00706,PROD-0084,SITE-010,2025-05-21T23:51:17Z,37,8047.87,online
TXN-000002091,CUST-00333,PROD-0046,SITE-002,2026-07-18T12:59:53Z,24,2482.8,retail
TXN-000002092,CUST-00657,PROD-0031,SITE-011,2026-07-07T17:51:15Z,37,7625.7,online
TXN-000002093,CUST-00682,PROD-0020,SITE-011,2025-06-27T09:27:26Z,30,11026.5,retail
TXN-000002094,CUST-00263,PROD-0027,SITE-014,2026-02-17T04:14:08Z,39,3759.99,online
TXN-000002095,CUST-00136,PROD-0070,SITE-007,2024-04-08T15:11:02Z,35,13951.35,distributor
TXN-000002096,CUST-00608,PROD-0096,SITE-002,2025-09-11T02:09:33Z,28,8009.12,retail
TXN-000002097,CUST-00108,PROD-0096,SITE-005,2026-01-29T08:17:06Z,14,3362.94,distributor
TXN-000002098,CUST-00543,PROD-0103,SITE-008,2024-12-17T12:43:34Z,30,458.4,retail
TXN-000002099,CUST-00771,PROD-0103,SITE-006,2024-11-10T01:32:32Z,27,2604.42,online
TXN-000002100,CUST-00175,PROD-0047,SITE-005,2025-02-25T10:37:59Z,12,184.8,field-sales
TXN-000002101,CUST-00178,PROD-0036,SITE-009,2026-08-08T22:04:54Z,40,9928.8,field-sales
TXN-000002102,CUST-00606,PROD-0030,SITE-012,2025-10-15T21:25:28Z,16,5271.84,distributor
TXN-000002103,CUST-00366,PROD-0061,SITE-010,2025-02-17T07:54:19Z,4,1383.68,field-sales
TXN-000002104,CUST-00188,PROD-0032,SITE-004,2024-05-30T21:11:24Z,31,6157.53,retail
TXN-000002105,CUST-00464,PROD-0099,SITE-012,2026-08-11T14:54:07Z,34,12260.4,retail
TXN-000002106,CUST-00606,PROD-0007,SITE-010,2025-11-24T01:56:52Z,30,5101.5,field-sales
TXN-000002107,CUST-00207,PROD-0036,SITE-010,2024-12-03T05:05:13Z,25,393.5,field-sales
TXN-000002108,CUST-00551,PROD-0062,SITE-011,2025-01-08T08:10:09Z,1,213.56,distributor
TXN-000002109,CUST-00683,PROD-0095,SITE-002,2026-04-11T16:53:06Z,25,1301.75,distributor
TXN-000002110,CUST-00020,PROD-0012,SITE-013,2026-06-16T16:56:25Z,17,2262.19,retail
TXN-000002111,CUST-00022,PROD-0036,SITE-004,2026-01-04T02:09:45Z,29,4041.15,online
TXN-000002112,CUST-00026,PROD-0010,SITE-013,2026-03-01T06:48:22Z,33,2596.44,field-sales
TXN-000002113,CUST-00061,PROD-0107,SITE-014,2026-05-23T12:38:35Z,21,6279.84,field-sales
TXN-000002114,CUST-00246,PROD-0105,SITE-015,2024-05-19T00:14:51Z,24,6274.8,field-sales
TXN-000002115,CUST-00479,PROD-0002,SITE-003,2025-08-18T08:27:46Z,19,3599.74,field-sales
TXN-000002116,CUST-00585,PROD-0029,SITE-007,2026-04-05T10:01:22Z,20,1702.4,field-sales
TXN-000002117,CUST-00065,PROD-0055,SITE-009,2026-01-11T18:39:30Z,37,2522.29,online
TXN-000002118,CUST-00566,PROD-0011,SITE-001,2025-10-24T21:30:24Z,15,1501.65,field-sales
TXN-000002119,CUST-00463,PROD-0017,SITE-002,2024-10-19T16:11:37Z,38,9160.66,field-sales
TXN-000002120,CUST-00425,PROD-0061,SITE-009,2026-03-26T03:13:05Z,9,2038.41,distributor
TXN-000002121,CUST-00394,PROD-0087,SITE-004,2026-04-03T14:19:00Z,20,3482.4,field-sales
TXN-000002122,CUST-00494,PROD-0038,SITE-004,2025-07-28T18:39:25Z,30,3456.9,distributor
TXN-000002123,CUST-00112,PROD-0018,SITE-003,2025-06-07T08:07:34Z,27,6386.85,retail
TXN-000002124,CUST-00315,PROD-0031,SITE-002,2024-12-28T09:46:37Z,5,290.05,field-sales
TXN-000002125,CUST-00797,PROD-0044,SITE-014,2025-06-13T10:19:33Z,3,741.96,distributor
TXN-000002126,CUST-00212,PROD-0036,SITE-009,2025-01-11T01:49:27Z,22,4411,distributor
TXN-000002127,CUST-00108,PROD-0056,SITE-012,2025-11-05T12:00:33Z,36,3785.76,distributor
TXN-000002128,CUST-00039,PROD-0012,SITE-013,2024-12-24T08:05:07Z,35,2412.2,field-sales
TXN-000002129,CUST-00751,PROD-0074,SITE-014,2025-02-02T00:29:09Z,39,6280.95,online
TXN-000002130,CUST-00085,PROD-0020,SITE-012,2025-08-27T05:20:15Z,28,7507.36,distributor
TXN-000002131,CUST-00601,PROD-0050,SITE-004,2026-05-30T22:58:36Z,19,2930.75,retail
TXN-000002132,CUST-00405,PROD-0047,SITE-013,2024-09-29T12:22:32Z,11,4009.39,field-sales
TXN-000002133,CUST-00605,PROD-0053,SITE-011,2026-01-11T12:26:11Z,23,2393.38,online
TXN-000002134,CUST-00656,PROD-0106,SITE-011,2026-06-05T01:54:00Z,8,319.44,retail
TXN-000002135,CUST-00400,PROD-0050,SITE-001,2025-04-29T03:23:25Z,20,5655.8,online
TXN-000002136,CUST-00450,PROD-0103,SITE-003,2026-05-17T07:03:17Z,1,222.77,online
TXN-000002137,CUST-00724,PROD-0019,SITE-010,2026-02-10T12:23:40Z,24,7120.8,field-sales
TXN-000002138,CUST-00391,PROD-0091,SITE-015,2026-01-18T03:35:44Z,14,2751.56,field-sales
TXN-000002139,CUST-00626,PROD-0092,SITE-005,2024-07-30T12:01:05Z,27,8268.21,retail
TXN-000002140,CUST-00366,PROD-0054,SITE-010,2024-11-07T10:41:22Z,32,1927.04,distributor
TXN-000002141,CUST-00152,PROD-0100,SITE-012,2025-08-17T07:24:33Z,16,4513.28,retail
TXN-000002142,CUST-00539,PROD-0021,SITE-012,2026-02-03T04:51:17Z,7,1289.54,distributor
TXN-000002143,CUST-00693,PROD-0021,SITE-014,2025-07-03T19:31:27Z,40,7240.8,retail
TXN-000002144,CUST-00429,PROD-0045,SITE-005,2025-05-11T03:28:50Z,37,6671.84,field-sales
TXN-000002145,CUST-00583,PROD-0014,SITE-011,2026-03-13T16:03:16Z,13,1555.84,distributor
TXN-000002146,CUST-00229,PROD-0040,SITE-015,2025-06-04T16:11:18Z,22,8509.38,retail
TXN-000002147,CUST-00186,PROD-0045,SITE-006,2024-12-16T08:53:24Z,7,1699.88,retail
TXN-000002148,CUST-00298,PROD-0060,SITE-013,2025-03-05T23:42:59Z,15,3226.2,field-sales
TXN-000002149,CUST-00229,PROD-0054,SITE-011,2025-07-07T16:21:58Z,9,618.12,distributor
TXN-000002150,CUST-00613,PROD-0048,SITE-006,2026-05-07T07:20:03Z,7,71.47,online
TXN-000002151,CUST-00681,PROD-0080,SITE-005,2026-03-20T21:33:05Z,24,8844.24,online
TXN-000002152,CUST-00049,PROD-0112,SITE-015,2025-08-30T02:40:21Z,9,2822.04,field-sales
TXN-000002153,CUST-00111,PROD-0095,SITE-010,2025-06-04T23:37:47Z,4,984.52,online
TXN-000002154,CUST-00766,PROD-0050,SITE-001,2024-12-01T04:27:40Z,21,3749.34,retail
TXN-000002155,CUST-00263,PROD-0110,SITE-013,2026-04-29T17:38:42Z,21,8365.14,retail
TXN-000002156,CUST-00442,PROD-0050,SITE-013,2025-02-22T22:26:06Z,36,10398.96,retail
TXN-000002157,CUST-00254,PROD-0038,SITE-005,2026-04-07T01:09:06Z,21,5846.4,distributor
TXN-000002158,CUST-00732,PROD-0048,SITE-001,2024-06-09T15:48:51Z,11,1320.99,online
TXN-000002159,CUST-00202,PROD-0037,SITE-011,2026-05-13T20:55:29Z,10,1647.1,field-sales
TXN-000002160,CUST-00324,PROD-0051,SITE-006,2026-07-17T09:11:58Z,13,1358.89,retail
TXN-000002161,CUST-00173,PROD-0098,SITE-002,2026-01-10T20:35:15Z,19,855.57,online
TXN-000002162,CUST-00525,PROD-0049,SITE-003,2026-01-11T20:04:00Z,34,8052.56,field-sales
TXN-000002163,CUST-00398,PROD-0047,SITE-007,2025-11-08T18:40:33Z,38,2285.32,online
TXN-000002164,CUST-00344,PROD-0076,SITE-012,2024-12-01T19:45:01Z,20,441,distributor
TXN-000002165,CUST-00012,PROD-0062,SITE-004,2024-07-22T13:03:51Z,33,7468.56,retail
TXN-000002166,CUST-00656,PROD-0077,SITE-009,2024-03-17T13:00:25Z,31,1325.87,online
TXN-000002167,CUST-00208,PROD-0052,SITE-013,2025-08-08T14:04:53Z,10,2734.9,distributor
TXN-000002168,CUST-00412,PROD-0097,SITE-002,2025-03-12T08:40:20Z,23,4411.63,field-sales
TXN-000002169,CUST-00259,PROD-0071,SITE-012,2024-06-21T11:03:57Z,23,5142.8,distributor
TXN-000002170,CUST-00483,PROD-0067,SITE-013,2025-03-28T12:03:28Z,15,153.3,online
TXN-000002171,CUST-00742,PROD-0108,SITE-001,2024-06-13T00:40:13Z,28,11147.92,field-sales
TXN-000002172,CUST-00354,PROD-0058,SITE-009,2026-07-30T00:31:21Z,27,257.31,online
TXN-000002173,CUST-00235,PROD-0075,SITE-008,2025-11-10T09:57:19Z,31,9552.96,retail
TXN-000002174,CUST-00587,PROD-0092,SITE-007,2024-09-18T06:24:31Z,28,5432.56,distributor
TXN-000002175,CUST-00654,PROD-0066,SITE-007,2025-12-11T08:49:41Z,32,12193.28,online
TXN-000002176,CUST-00371,PROD-0006,SITE-003,2025-12-06T03:38:49Z,17,5144.03,field-sales
TXN-000002177,CUST-00455,PROD-0049,SITE-003,2025-04-17T03:59:23Z,36,12276.72,online
TXN-000002178,CUST-00246,PROD-0056,SITE-009,2026-03-13T12:55:57Z,9,3518.73,online
TXN-000002179,CUST-00447,PROD-0008,SITE-012,2024-05-13T08:01:30Z,30,5325.6,field-sales
TXN-000002180,CUST-00207,PROD-0101,SITE-003,2025-03-31T23:47:15Z,32,1416,distributor
TXN-000002181,CUST-00755,PROD-0038,SITE-004,2024-10-04T16:07:33Z,4,511.4,field-sales
TXN-000002182,CUST-00460,PROD-0017,SITE-002,2026-08-30T18:40:04Z,2,435.42,online
TXN-000002183,CUST-00670,PROD-0109,SITE-013,2025-03-22T09:51:13Z,28,3120.04,online
TXN-000002184,CUST-00681,PROD-0083,SITE-012,2026-04-19T09:42:00Z,7,1520.05,retail
TXN-000002185,CUST-00724,PROD-0047,SITE-011,2025-08-27T03:52:50Z,31,4916.91,distributor
TXN-000002186,CUST-00452,PROD-0113,SITE-015,2025-11-21T10:18:59Z,28,6426.56,online
TXN-000002187,CUST-00673,PROD-0118,SITE-010,2024-12-17T08:02:44Z,23,4183.01,field-sales
TXN-000002188,CUST-00303,PROD-0013,SITE-015,2026-06-16T00:05:21Z,4,741.8,retail
TXN-000002189,CUST-00712,PROD-0007,SITE-002,2025-05-31T00:15:38Z,30,10017.9,distributor
TXN-000002190,CUST-00625,PROD-0014,SITE-014,2025-11-07T22:10:29Z,4,609.64,online
TXN-000002191,CUST-00073,PROD-0108,SITE-014,2026-02-11T11:32:02Z,39,13096.59,retail
TXN-000002192,CUST-00602,PROD-0049,SITE-011,2024-11-13T18:05:12Z,16,896.64,online
TXN-000002193,CUST-00759,PROD-0017,SITE-004,2026-01-10T17:16:20Z,28,6579.72,online
TXN-000002194,CUST-00486,PROD-0066,SITE-007,2026-08-17T19:45:43Z,2,76.18,retail
TXN-000002195,CUST-00177,PROD-0053,SITE-001,2026-07-19T15:29:53Z,40,4570.8,distributor
TXN-000002196,CUST-00020,PROD-0108,SITE-003,2025-06-23T20:18:42Z,4,608.72,field-sales
TXN-000002197,CUST-00432,PROD-0087,SITE-005,2026-03-16T00:50:46Z,38,7223.42,retail
TXN-000002198,CUST-00751,PROD-0116,SITE-001,2025-08-29T18:07:01Z,13,1956.63,retail
TXN-000002199,CUST-00633,PROD-0004,SITE-010,2024-11-08T12:33:55Z,29,5793.33,online
TXN-000002200,CUST-00695,PROD-0081,SITE-014,2025-02-03T09:18:27Z,7,1355.76,retail
TXN-000002201,CUST-00336,PROD-0114,SITE-008,2025-11-09T23:40:47Z,40,10372,distributor
TXN-000002202,CUST-00217,PROD-0086,SITE-007,2025-05-29T00:27:18Z,3,515.16,retail
TXN-000002203,CUST-00665,PROD-0046,SITE-007,2025-05-03T05:15:16Z,23,7179.68,online
TXN-000002204,CUST-00009,PROD-0042,SITE-008,2026-06-22T09:11:39Z,3,155.22,field-sales
TXN-000002205,CUST-00109,PROD-0064,SITE-004,2025-06-15T19:49:00Z,34,2429.98,field-sales
TXN-000002206,CUST-00345,PROD-0069,SITE-002,2026-01-03T06:41:08Z,1,329.27,field-sales
TXN-000002207,CUST-00261,PROD-0007,SITE-004,2024-06-23T19:06:15Z,9,1782.81,online
TXN-000002208,CUST-00098,PROD-0013,SITE-007,2025-02-01T14:10:36Z,27,884.52,retail
TXN-000002209,CUST-00659,PROD-0068,SITE-007,2026-01-26T19:17:44Z,33,12534.06,distributor
TXN-000002210,CUST-00515,PROD-0035,SITE-002,2024-06-06T22:49:18Z,1,191.22,distributor
TXN-000002211,CUST-00459,PROD-0061,SITE-013,2024-11-28T14:53:34Z,27,1009.26,field-sales
TXN-000002212,CUST-00132,PROD-0003,SITE-001,2026-06-27T19:34:56Z,5,173.9,field-sales
TXN-000002213,CUST-00347,PROD-0072,SITE-013,2025-12-16T13:37:48Z,13,1545.05,field-sales
TXN-000002214,CUST-00270,PROD-0020,SITE-007,2026-04-26T20:03:40Z,37,5628.44,online
TXN-000002215,CUST-00264,PROD-0104,SITE-008,2025-04-03T12:17:32Z,28,4038.72,online
TXN-000002216,CUST-00222,PROD-0021,SITE-004,2026-08-10T15:10:11Z,32,8664.96,field-sales
TXN-000002217,CUST-00524,PROD-0025,SITE-003,2025-01-16T03:36:52Z,38,3478.9,distributor
TXN-000002218,CUST-00601,PROD-0050,SITE-004,2025-12-09T01:37:07Z,39,3568.89,field-sales
TXN-000002219,CUST-00360,PROD-0030,SITE-005,2026-08-08T18:57:57Z,16,4311.2,distributor
TXN-000002220,CUST-00669,PROD-0002,SITE-004,2025-06-29T02:18:48Z,12,4452.36,retail
TXN-000002221,CUST-00599,PROD-0027,SITE-008,2025-06-05T00:20:41Z,40,15467.2,retail
TXN-000002222,CUST-00106,PROD-0074,SITE-009,2025-05-26T02:48:29Z,10,634,field-sales
TXN-000002223,CUST-00460,PROD-0013,SITE-003,2024-09-12T23:18:09Z,25,1049.25,distributor
TXN-000002224,CUST-00378,PROD-0028,SITE-007,2025-07-05T04:01:21Z,27,5910.57,field-sales
TXN-000002225,CUST-00135,PROD-0003,SITE-013,2024-07-26T07:34:41Z,2,442.04,field-sales
TXN-000002226,CUST-00562,PROD-0097,SITE-012,2026-01-14T03:55:16Z,1,342.56,online
TXN-000002227,CUST-00109,PROD-0079,SITE-014,2025-11-08T05:46:04Z,33,6853.44,distributor
TXN-000002228,CUST-00667,PROD-0051,SITE-011,2026-06-03T03:32:12Z,5,1161.25,retail
TXN-000002229,CUST-00174,PROD-0009,SITE-009,2025-09-17T14:19:58Z,20,358.6,field-sales
TXN-000002230,CUST-00644,PROD-0087,SITE-013,2025-08-22T07:21:36Z,26,1467.96,field-sales
TXN-000002231,CUST-00708,PROD-0079,SITE-013,2026-03-22T04:15:13Z,26,3844.62,retail
TXN-000002232,CUST-00046,PROD-0092,SITE-013,2026-08-04T02:42:29Z,23,7566.08,distributor
TXN-000002233,CUST-00153,PROD-0046,SITE-001,2026-01-04T23:12:02Z,23,2784.15,field-sales
TXN-000002234,CUST-00143,PROD-0059,SITE-015,2024-08-12T11:09:27Z,26,1190.02,online
TXN-000002235,CUST-00477,PROD-0116,SITE-010,2024-11-07T11:19:33Z,14,1512.28,retail
TXN-000002236,CUST-00529,PROD-0012,SITE-012,2025-09-03T18:49:04Z,1,261.36,retail
TXN-000002237,CUST-00311,PROD-0098,SITE-011,2025-02-16T01:25:55Z,4,463.36,distributor
TXN-000002238,CUST-00177,PROD-0013,SITE-008,2025-09-29T00:44:09Z,11,2117.72,retail
TXN-000002239,CUST-00453,PROD-0096,SITE-001,2025-11-29T23:12:08Z,7,397.67,field-sales
TXN-000002240,CUST-00135,PROD-0037,SITE-007,2026-07-19T19:10:57Z,2,490.56,retail
TXN-000002241,CUST-00632,PROD-0106,SITE-008,2026-06-15T20:55:59Z,37,7630.88,online
TXN-000002242,CUST-00064,PROD-0005,SITE-006,2026-02-08T10:38:41Z,25,3221.5,retail
TXN-000002243,CUST-00631,PROD-0083,SITE-001,2026-03-14T19:02:58Z,5,1966.45,online
TXN-000002244,CUST-00604,PROD-0041,SITE-008,2025-09-09T11:49:19Z,13,441.09,online
TXN-000002245,CUST-00507,PROD-0104,SITE-010,2024-12-30T04:19:43Z,8,700.56,field-sales
TXN-000002246,CUST-00269,PROD-0023,SITE-003,2024-06-27T19:48:39Z,28,6250.72,field-sales
TXN-000002247,CUST-00599,PROD-0021,SITE-013,2025-10-28T20:02:18Z,29,3823.07,distributor
TXN-000002248,CUST-00072,PROD-0007,SITE-004,2025-10-06T19:25:10Z,31,6725.76,retail
TXN-000002249,CUST-00055,PROD-0070,SITE-015,2024-04-20T12:27:19Z,9,2096.73,online
TXN-000002250,CUST-00546,PROD-0027,SITE-011,2026-04-24T21:06:59Z,16,2074.24,retail
TXN-000002251,CUST-00411,PROD-0114,SITE-002,2026-07-12T21:48:50Z,32,5275.52,field-sales
TXN-000002252,CUST-00762,PROD-0069,SITE-002,2026-07-10T13:21:53Z,4,201.72,distributor
TXN-000002253,CUST-00251,PROD-0099,SITE-007,2025-03-18T06:50:33Z,26,4741.36,retail
TXN-000002254,CUST-00028,PROD-0120,SITE-011,2025-10-08T13:11:43Z,5,1454.65,online
TXN-000002255,CUST-00666,PROD-0114,SITE-008,2025-12-09T20:38:54Z,37,579.05,distributor
TXN-000002256,CUST-00220,PROD-0118,SITE-011,2026-05-19T16:15:00Z,18,2867.94,online
TXN-000002257,CUST-00084,PROD-0068,SITE-012,2025-10-10T20:15:26Z,12,582,retail
TXN-000002258,CUST-00250,PROD-0053,SITE-014,2025-09-19T12:03:09Z,26,6693.18,online
TXN-000002259,CUST-00371,PROD-0117,SITE-006,2025-09-13T16:27:42Z,19,4325.73,online
TXN-000002260,CUST-00770,PROD-0035,SITE-004,2025-08-24T02:32:35Z,24,6560.64,distributor
TXN-000002261,CUST-00440,PROD-0114,SITE-001,2025-02-07T11:47:42Z,32,9988.16,distributor
TXN-000002262,CUST-00129,PROD-0060,SITE-009,2025-06-24T12:18:37Z,28,7349.16,retail
TXN-000002263,CUST-00144,PROD-0034,SITE-010,2026-03-09T04:13:20Z,5,99.1,online
TXN-000002264,CUST-00054,PROD-0115,SITE-007,2026-02-04T09:29:08Z,23,8922.16,distributor
TXN-000002265,CUST-00618,PROD-0103,SITE-014,2025-07-26T06:50:49Z,8,1026.56,distributor
TXN-000002266,CUST-00177,PROD-0013,SITE-002,2026-08-29T17:03:33Z,40,6018.4,online
TXN-000002267,CUST-00453,PROD-0018,SITE-013,2025-07-17T09:54:04Z,6,1041.9,online
TXN-000002268,CUST-00069,PROD-0071,SITE-013,2026-01-08T22:02:58Z,21,317.73,retail
TXN-000002269,CUST-00102,PROD-0074,SITE-004,2026-01-20T09:40:47Z,4,739.6,retail
TXN-000002270,CUST-00501,PROD-0024,SITE-012,2025-04-10T09:00:26Z,15,3397.35,distributor
TXN-000002271,CUST-00154,PROD-0063,SITE-002,2024-10-07T23:28:47Z,2,583.52,distributor
TXN-000002272,CUST-00620,PROD-0094,SITE-010,2025-04-29T09:54:13Z,7,1311.38,online
TXN-000002273,CUST-00675,PROD-0078,SITE-013,2024-10-13T01:19:14Z,16,2159.84,retail
TXN-000002274,CUST-00789,PROD-0052,SITE-012,2024-10-04T12:35:05Z,8,2129.6,field-sales
TXN-000002275,CUST-00708,PROD-0050,SITE-002,2024-05-28T04:58:50Z,35,13401.85,distributor
TXN-000002276,CUST-00405,PROD-0087,SITE-001,2026-02-16T06:51:09Z,16,3910.72,retail
TXN-000002277,CUST-00376,PROD-0096,SITE-006,2026-05-07T00:42:03Z,40,5909.2,distributor
TXN-000002278,CUST-00714,PROD-0111,SITE-012,2024-11-07T14:40:48Z,28,1265.6,distributor
TXN-000002279,CUST-00798,PROD-0039,SITE-007,2025-06-10T19:23:27Z,9,2298.24,retail
TXN-000002280,CUST-00642,PROD-0063,SITE-005,2025-08-25T15:52:42Z,9,926.73,retail
TXN-000002281,CUST-00778,PROD-0068,SITE-012,2025-01-07T15:11:38Z,36,4802.04,retail
TXN-000002282,CUST-00660,PROD-0087,SITE-010,2026-04-08T20:47:14Z,9,1709.19,distributor
TXN-000002283,CUST-00284,PROD-0064,SITE-005,2025-03-04T14:37:14Z,27,9181.08,online
TXN-000002284,CUST-00309,PROD-0004,SITE-009,2025-09-29T15:38:19Z,20,4307,field-sales
TXN-000002285,CUST-00253,PROD-0047,SITE-003,2025-06-25T17:33:26Z,21,1248.66,field-sales
TXN-000002286,CUST-00038,PROD-0066,SITE-007,2024-07-30T02:16:38Z,36,4949.28,distributor
TXN-000002287,CUST-00213,PROD-0055,SITE-012,2024-08-12T09:58:26Z,8,2964.24,distributor
TXN-000002288,CUST-00519,PROD-0056,SITE-015,2025-09-12T15:23:22Z,5,1118.65,distributor
TXN-000002289,CUST-00015,PROD-0087,SITE-005,2024-08-04T01:11:02Z,37,4062.97,retail
TXN-000002290,CUST-00715,PROD-0115,SITE-006,2026-03-27T22:42:06Z,39,9884.94,field-sales
TXN-000002291,CUST-00169,PROD-0035,SITE-006,2025-08-25T16:46:29Z,3,911.61,online
TXN-000002292,CUST-00532,PROD-0014,SITE-010,2024-05-15T07:26:19Z,16,2395.36,field-sales
TXN-000002293,CUST-00449,PROD-0092,SITE-001,2025-09-24T20:15:19Z,17,2853.11,field-sales
TXN-000002294,CUST-00403,PROD-0090,SITE-009,2024-06-05T01:58:57Z,17,5907.67,retail
TXN-000002295,CUST-00311,PROD-0038,SITE-010,2026-01-11T21:32:03Z,14,1122.38,retail
TXN-000002296,CUST-00496,PROD-0021,SITE-003,2024-09-26T08:44:31Z,31,8704.49,field-sales
TXN-000002297,CUST-00552,PROD-0062,SITE-013,2024-10-30T08:11:21Z,38,7729.2,distributor
TXN-000002298,CUST-00738,PROD-0025,SITE-012,2026-07-18T10:07:18Z,10,3622.8,distributor
TXN-000002299,CUST-00382,PROD-0065,SITE-014,2026-04-27T04:03:31Z,16,4538.56,distributor
TXN-000002300,CUST-00476,PROD-0013,SITE-002,2025-12-19T22:16:43Z,6,930.78,online
TXN-000002301,CUST-00560,PROD-0019,SITE-008,2024-04-25T03:56:49Z,11,1577.73,retail
TXN-000002302,CUST-00643,PROD-0037,SITE-010,2024-09-25T08:39:59Z,1,83.59,online
TXN-000002303,CUST-00109,PROD-0078,SITE-015,2026-02-09T17:52:37Z,29,3299.33,retail
TXN-000002304,CUST-00541,PROD-0030,SITE-005,2025-11-03T13:33:24Z,34,8927.04,field-sales
TXN-000002305,CUST-00009,PROD-0098,SITE-002,2024-06-23T06:20:10Z,12,4611,retail
TXN-000002306,CUST-00266,PROD-0004,SITE-004,2026-02-28T08:27:36Z,8,2040.4,online
TXN-000002307,CUST-00110,PROD-0065,SITE-011,2025-06-25T11:57:26Z,40,14662.8,retail
TXN-000002308,CUST-00436,PROD-0045,SITE-003,2026-03-24T04:27:01Z,8,1858.48,retail
TXN-000002309,CUST-00387,PROD-0008,SITE-006,2024-04-10T06:32:44Z,14,5199.32,field-sales
TXN-000002310,CUST-00133,PROD-0030,SITE-009,2026-08-01T05:15:49Z,28,1846.04,field-sales
TXN-000002311,CUST-00727,PROD-0068,SITE-007,2025-12-03T12:11:09Z,37,10835.08,field-sales
TXN-000002312,CUST-00776,PROD-0093,SITE-014,2025-08-22T11:14:44Z,11,1223.75,retail
TXN-000002313,CUST-00705,PROD-0102,SITE-009,2024-07-15T16:56:53Z,15,3215.1,retail
TXN-000002314,CUST-00134,PROD-0100,SITE-008,2026-04-04T08:25:14Z,10,1834.6,online
TXN-000002315,CUST-00789,PROD-0010,SITE-006,2026-07-12T14:07:02Z,19,3593.66,field-sales
TXN-000002316,CUST-00663,PROD-0058,SITE-001,2025-11-27T23:54:30Z,31,3650.25,field-sales
TXN-000002317,CUST-00281,PROD-0010,SITE-011,2025-11-04T11:48:28Z,5,1888.1,retail
TXN-000002318,CUST-00556,PROD-0093,SITE-007,2025-11-28T19:18:33Z,30,6866.7,online
TXN-000002319,CUST-00550,PROD-0074,SITE-010,2025-08-18T22:37:56Z,5,832.1,distributor
TXN-000002320,CUST-00793,PROD-0088,SITE-015,2024-08-01T06:34:52Z,22,4401.76,field-sales
TXN-000002321,CUST-00040,PROD-0119,SITE-003,2025-08-15T01:35:12Z,15,4878.6,distributor
TXN-000002322,CUST-00475,PROD-0119,SITE-001,2026-05-15T06:16:35Z,39,4359.42,distributor
TXN-000002323,CUST-00774,PROD-0106,SITE-015,2025-06-08T14:57:09Z,9,628.38,field-sales
TXN-000002324,CUST-00239,PROD-0048,SITE-012,2026-05-19T22:07:32Z,14,5558.42,online
TXN-000002325,CUST-00567,PROD-0103,SITE-003,2026-06-18T18:48:33Z,6,101.34,online
TXN-000002326,CUST-00023,PROD-0012,SITE-009,2025-10-22T00:09:21Z,8,1488.8,online
TXN-000002327,CUST-00619,PROD-0058,SITE-015,2026-07-26T01:21:48Z,1,274.78,field-sales
TXN-000002328,CUST-00756,PROD-0006,SITE-008,2026-03-23T15:42:53Z,9,2605.68,distributor
TXN-000002329,CUST-00286,PROD-0085,SITE-009,2024-12-16T13:58:33Z,3,37.41,online
TXN-000002330,CUST-00595,PROD-0058,SITE-014,2024-08-01T23:06:17Z,12,474.84,online
TXN-000002331,CUST-00298,PROD-0117,SITE-014,2025-05-30T21:02:44Z,22,5691.62,online
TXN-000002332,CUST-00159,PROD-0107,SITE-008,2024-07-14T00:15:10Z,40,1645.6,distributor
TXN-000002333,CUST-00170,PROD-0016,SITE-003,2026-03-07T14:52:03Z,7,194.74,distributor
TXN-000002334,CUST-00653,PROD-0097,SITE-002,2025-02-11T12:38:13Z,34,7317.82,retail
TXN-000002335,CUST-00052,PROD-0102,SITE-005,2026-05-04T07:09:30Z,16,395.04,field-sales
TXN-000002336,CUST-00415,PROD-0026,SITE-014,2025-01-23T19:05:50Z,11,3216.4,retail
TXN-000002337,CUST-00592,PROD-0040,SITE-005,2026-06-09T10:16:02Z,4,1091.12,online
TXN-000002338,CUST-00676,PROD-0084,SITE-001,2024-07-13T04:37:24Z,35,1215.2,field-sales
TXN-000002339,CUST-00058,PROD-0029,SITE-005,2026-01-01T20:49:16Z,33,5266.14,online
TXN-000002340,CUST-00596,PROD-0019,SITE-006,2025-01-20T13:46:45Z,2,420.1,retail
TXN-000002341,CUST-00614,PROD-0079,SITE-011,2026-06-09T16:26:24Z,16,4246.56,online
TXN-000002342,CUST-00658,PROD-0074,SITE-002,2024-11-08T16:46:01Z,39,6800.82,distributor
TXN-000002343,CUST-00774,PROD-0036,SITE-001,2024-11-19T09:24:00Z,12,3597.24,field-sales
TXN-000002344,CUST-00038,PROD-0022,SITE-004,2024-08-15T03:01:07Z,33,890.01,field-sales
TXN-000002345,CUST-00492,PROD-0059,SITE-014,2025-10-12T01:45:49Z,29,9997.75,retail
TXN-000002346,CUST-00399,PROD-0076,SITE-013,2025-09-15T00:38:17Z,21,601.23,field-sales
TXN-000002347,CUST-00046,PROD-0065,SITE-012,2025-12-30T18:38:17Z,23,1856.79,field-sales
TXN-000002348,CUST-00128,PROD-0062,SITE-010,2026-05-31T22:07:18Z,4,1358.44,distributor
TXN-000002349,CUST-00464,PROD-0053,SITE-012,2025-03-08T03:53:48Z,10,2459.8,field-sales
TXN-000002350,CUST-00779,PROD-0009,SITE-008,2025-02-08T12:08:43Z,40,6423.6,retail
TXN-000002351,CUST-00757,PROD-0025,SITE-006,2026-01-22T00:18:12Z,25,1518.75,retail
TXN-000002352,CUST-00661,PROD-0035,SITE-012,2026-07-10T15:25:33Z,1,287.4,retail
TXN-000002353,CUST-00702,PROD-0084,SITE-009,2025-04-18T13:08:23Z,21,1497.72,distributor
TXN-000002354,CUST-00271,PROD-0003,SITE-008,2025-12-16T07:57:34Z,8,2076.4,retail
TXN-000002355,CUST-00267,PROD-0103,SITE-008,2025-04-01T00:58:46Z,18,766.98,distributor
TXN-000002356,CUST-00435,PROD-0102,SITE-004,2024-07-05T06:40:30Z,21,1959.09,retail
TXN-000002357,CUST-00386,PROD-0098,SITE-013,2025-03-26T12:10:18Z,4,1012.96,distributor
TXN-000002358,CUST-00763,PROD-0001,SITE-006,2025-09-18T13:42:48Z,24,3080.64,distributor
TXN-000002359,CUST-00167,PROD-0054,SITE-008,2026-03-05T13:11:10Z,35,5132.4,distributor
TXN-000002360,CUST-00372,PROD-0063,SITE-002,2026-06-25T17:25:16Z,1,188.44,retail
TXN-000002361,CUST-00652,PROD-0075,SITE-007,2026-03-08T19:04:42Z,24,8282.4,retail
TXN-000002362,CUST-00113,PROD-0057,SITE-004,2024-09-18T22:24:25Z,36,10469.88,retail
TXN-000002363,CUST-00760,PROD-0023,SITE-006,2025-08-16T01:32:59Z,14,3161.34,retail
TXN-000002364,CUST-00449,PROD-0098,SITE-014,2026-02-14T04:24:15Z,11,2077.24,field-sales
TXN-000002365,CUST-00629,PROD-0075,SITE-013,2024-04-27T21:21:38Z,5,1156.5,distributor
TXN-000002366,CUST-00056,PROD-0055,SITE-005,2026-03-01T00:31:34Z,4,1194.04,field-sales
TXN-000002367,CUST-00090,PROD-0015,SITE-011,2024-10-31T15:31:40Z,27,4486.05,distributor
TXN-000002368,CUST-00344,PROD-0001,SITE-002,2025-02-08T04:16:08Z,6,424.02,online
TXN-000002369,CUST-00300,PROD-0012,SITE-015,2025-05-07T12:56:03Z,13,1771.51,online
TXN-000002370,CUST-00626,PROD-0064,SITE-002,2025-11-19T14:01:47Z,9,873,field-sales
TXN-000002371,CUST-00751,PROD-0027,SITE-007,2024-12-25T06:06:26Z,4,1147.68,field-sales
TXN-000002372,CUST-00336,PROD-0025,SITE-011,2025-08-25T13:19:41Z,19,901.36,online
TXN-000002373,CUST-00122,PROD-0013,SITE-002,2025-04-22T12:15:23Z,26,7948.72,field-sales
TXN-000002374,CUST-00460,PROD-0066,SITE-007,2025-10-25T09:32:29Z,21,7395.15,distributor
TXN-000002375,CUST-00309,PROD-0074,SITE-006,2025-04-24T18:42:33Z,32,11433.28,distributor
TXN-000002376,CUST-00473,PROD-0112,SITE-010,2025-08-19T17:16:38Z,36,2669.4,field-sales
TXN-000002377,CUST-00692,PROD-0030,SITE-012,2025-06-08T16:54:21Z,28,7122.36,online
TXN-000002378,CUST-00701,PROD-0064,SITE-009,2025-09-21T00:10:14Z,11,689.81,field-sales
TXN-000002379,CUST-00704,PROD-0012,SITE-006,2025-11-17T11:53:53Z,20,1654.2,online
TXN-000002380,CUST-00684,PROD-0093,SITE-009,2026-07-27T13:58:19Z,22,5123.14,retail
TXN-000002381,CUST-00476,PROD-0104,SITE-008,2025-01-28T18:15:26Z,40,8833.6,distributor
TXN-000002382,CUST-00534,PROD-0001,SITE-002,2025-02-14T17:12:51Z,14,201.32,online
TXN-000002383,CUST-00181,PROD-0068,SITE-006,2026-02-25T23:13:17Z,3,1030.35,online
TXN-000002384,CUST-00600,PROD-0120,SITE-010,2024-11-16T12:32:53Z,26,5330.52,online
TXN-000002385,CUST-00157,PROD-0072,SITE-014,2025-05-12T05:15:58Z,15,4668.3,distributor
TXN-000002386,CUST-00671,PROD-0096,SITE-013,2026-08-26T21:48:35Z,37,10919.07,distributor
TXN-000002387,CUST-00757,PROD-0119,SITE-014,2025-10-04T04:06:00Z,10,2615.7,retail
TXN-000002388,CUST-00738,PROD-0022,SITE-001,2026-02-23T14:15:45Z,16,2097.92,online
TXN-000002389,CUST-00576,PROD-0038,SITE-013,2026-07-01T12:19:20Z,32,2000,online
TXN-000002390,CUST-00157,PROD-0082,SITE-007,2025-12-04T14:48:07Z,16,4637.92,field-sales
TXN-000002391,CUST-00573,PROD-0065,SITE-010,2025-02-09T05:25:55Z,12,3835.68,online
TXN-000002392,CUST-00263,PROD-0056,SITE-003,2026-01-08T14:59:59Z,9,3592.98,distributor
TXN-000002393,CUST-00400,PROD-0106,SITE-013,2025-07-05T03:10:01Z,23,5106.92,field-sales
TXN-000002394,CUST-00270,PROD-0042,SITE-010,2026-01-02T15:53:51Z,28,8099.84,distributor
TXN-000002395,CUST-00423,PROD-0010,SITE-015,2026-03-17T22:52:17Z,5,1420.5,field-sales
TXN-000002396,CUST-00167,PROD-0076,SITE-009,2024-08-31T03:50:13Z,11,3994.98,retail
TXN-000002397,CUST-00006,PROD-0044,SITE-014,2024-08-13T13:33:24Z,20,4303.8,online
TXN-000002398,CUST-00093,PROD-0078,SITE-002,2025-07-24T07:49:56Z,34,11438.62,retail
TXN-000002399,CUST-00149,PROD-0066,SITE-002,2025-10-21T11:15:24Z,2,438.84,retail
TXN-000002400,CUST-00560,PROD-0066,SITE-008,2026-01-17T06:37:30Z,9,210.6,retail
TXN-000002401,CUST-00031,PROD-0045,SITE-001,2025-03-06T15:56:57Z,20,6422.8,distributor
TXN-000002402,CUST-00742,PROD-0027,SITE-005,2026-08-23T18:05:33Z,32,5116.8,distributor
TXN-000002403,CUST-00146,PROD-0072,SITE-009,2024-07-27T12:53:40Z,16,3681.12,distributor
TXN-000002404,CUST-00142,PROD-0046,SITE-007,2026-06-22T10:43:14Z,1,320.25,retail
TXN-000002405,CUST-00682,PROD-0096,SITE-010,2025-10-23T23:38:04Z,26,1316.12,retail
TXN-000002406,CUST-00333,PROD-0114,SITE-012,2024-09-12T14:10:26Z,14,3325.7,field-sales
TXN-000002407,CUST-00405,PROD-0022,SITE-003,2026-04-13T03:49:23Z,19,1756.17,retail
TXN-000002408,CUST-00099,PROD-0057,SITE-012,2024-11-23T22:19:09Z,21,6679.26,distributor
TXN-000002409,CUST-00058,PROD-0113,SITE-003,2025-04-23T20:28:11Z,3,736.74,online
TXN-000002410,CUST-00602,PROD-0096,SITE-001,2025-09-10T02:26:57Z,36,9893.88,online
TXN-000002411,CUST-00164,PROD-0075,SITE-011,2024-07-21T18:15:43Z,3,336.78,distributor
TXN-000002412,CUST-00690,PROD-0053,SITE-004,2026-08-06T13:18:11Z,3,1104.03,online
TXN-000002413,CUST-00711,PROD-0039,SITE-012,2025-07-30T11:50:32Z,23,4278.46,retail
TXN-000002414,CUST-00272,PROD-0118,SITE-012,2024-12-22T15:52:17Z,31,9539.32,online
TXN-000002415,CUST-00531,PROD-0119,SITE-007,2025-12-11T17:14:40Z,13,4956.9,online
TXN-000002416,CUST-00340,PROD-0095,SITE-002,2024-10-16T10:16:00Z,6,624.78,field-sales
TXN-000002417,CUST-00360,PROD-0041,SITE-014,2026-01-31T16:56:13Z,23,2130.49,distributor
TXN-000002418,CUST-00453,PROD-0095,SITE-003,2026-08-06T12:51:55Z,3,556.38,online
TXN-000002419,CUST-00084,PROD-0034,SITE-013,2025-07-28T00:47:36Z,37,2275.5,distributor
TXN-000002420,CUST-00003,PROD-0094,SITE-003,2025-12-15T15:16:11Z,4,1488.68,distributor
TXN-000002421,CUST-00144,PROD-0066,SITE-008,2025-03-16T01:41:50Z,33,12842.28,field-sales
TXN-000002422,CUST-00214,PROD-0109,SITE-006,2025-12-21T14:44:14Z,5,1590.25,distributor
TXN-000002423,CUST-00175,PROD-0092,SITE-001,2025-04-09T11:23:58Z,10,1910,retail
TXN-000002424,CUST-00798,PROD-0065,SITE-012,2024-12-12T01:26:25Z,1,333.77,retail
TXN-000002425,CUST-00136,PROD-0088,SITE-009,2025-11-25T14:08:57Z,21,6163.92,field-sales
TXN-000002426,CUST-00020,PROD-0029,SITE-015,2026-08-25T08:24:43Z,10,2894.5,online
TXN-000002427,CUST-00537,PROD-0001,SITE-001,2024-06-16T19:18:43Z,19,6341.25,online
TXN-000002428,CUST-00044,PROD-0052,SITE-005,2026-03-11T19:46:05Z,22,8522.58,retail
TXN-000002429,CUST-00324,PROD-0007,SITE-008,2025-10-24T00:23:05Z,16,774.56,field-sales
TXN-000002430,CUST-00161,PROD-0053,SITE-001,2024-11-30T09:33:00Z,18,332.64,distributor
TXN-000002431,CUST-00783,PROD-0096,SITE-013,2026-01-14T19:54:56Z,18,1319.76,retail
TXN-000002432,CUST-00502,PROD-0107,SITE-010,2024-10-06T00:00:55Z,2,231.78,distributor
TXN-000002433,CUST-00592,PROD-0068,SITE-003,2025-07-13T19:00:53Z,35,9065.7,online
TXN-000002434,CUST-00439,PROD-0020,SITE-012,2025-07-27T13:46:49Z,29,11552.44,retail
TXN-000002435,CUST-00014,PROD-0019,SITE-001,2025-05-17T06:18:02Z,3,677.34,online
TXN-000002436,CUST-00380,PROD-0118,SITE-006,2026-03-03T03:58:43Z,34,3884.5,online
TXN-000002437,CUST-00241,PROD-0056,SITE-006,2024-12-30T05:58:48Z,8,3116.96,field-sales
TXN-000002438,CUST-00205,PROD-0020,SITE-013,2025-07-13T04:22:18Z,1,271.06,distributor
TXN-000002439,CUST-00071,PROD-0055,SITE-009,2026-03-23T02:28:35Z,10,2767.3,field-sales
TXN-000002440,CUST-00343,PROD-0056,SITE-013,2025-06-08T21:50:02Z,17,4528.12,online
TXN-000002441,CUST-00470,PROD-0012,SITE-009,2025-02-05T19:48:29Z,21,465.36,online
TXN-000002442,CUST-00672,PROD-0101,SITE-009,2026-05-16T16:17:45Z,3,1002.69,online
TXN-000002443,CUST-00424,PROD-0065,SITE-015,2025-08-03T09:45:00Z,32,5018.56,distributor
TXN-000002444,CUST-00567,PROD-0070,SITE-002,2025-05-28T22:22:15Z,7,1613.64,field-sales
TXN-000002445,CUST-00337,PROD-0108,SITE-001,2024-06-22T15:09:07Z,21,7850.22,field-sales
TXN-000002446,CUST-00572,PROD-0107,SITE-002,2026-08-13T05:52:24Z,36,2884.32,field-sales
TXN-000002447,CUST-00395,PROD-0016,SITE-012,2024-04-05T12:55:42Z,26,9255.48,distributor
TXN-000002448,CUST-00284,PROD-0119,SITE-011,2024-11-16T15:20:05Z,8,1799.2,retail
TXN-000002449,CUST-00001,PROD-0065,SITE-001,2026-08-30T17:26:03Z,15,4804.35,field-sales
TXN-000002450,CUST-00648,PROD-0077,SITE-015,2025-09-07T12:05:37Z,18,7153.74,online
TXN-000002451,CUST-00249,PROD-0039,SITE-004,2026-08-02T22:46:39Z,18,3477.24,retail
TXN-000002452,CUST-00751,PROD-0050,SITE-006,2026-08-16T15:15:26Z,26,8726.64,distributor
TXN-000002453,CUST-00771,PROD-0110,SITE-010,2025-09-10T05:06:36Z,25,7139,retail
TXN-000002454,CUST-00526,PROD-0079,SITE-005,2026-06-06T10:39:00Z,31,12131.54,field-sales
TXN-000002455,CUST-00643,PROD-0118,SITE-011,2025-05-13T09:22:24Z,12,2709.36,online
TXN-000002456,CUST-00588,PROD-0062,SITE-012,2026-03-28T09:34:50Z,6,2081.94,online
TXN-000002457,CUST-00312,PROD-0079,SITE-015,2024-11-18T04:32:09Z,40,2314.8,retail
TXN-000002458,CUST-00098,PROD-0115,SITE-011,2024-07-12T17:09:18Z,31,5911.7,field-sales
TXN-000002459,CUST-00351,PROD-0049,SITE-005,2026-06-20T16:31:58Z,24,4641.6,retail
TXN-000002460,CUST-00299,PROD-0112,SITE-010,2024-05-07T02:49:22Z,18,2365.02,online
TXN-000002461,CUST-00329,PROD-0046,SITE-004,2025-04-12T11:47:45Z,24,8828.64,online
TXN-000002462,CUST-00441,PROD-0041,SITE-012,2025-10-25T11:18:12Z,31,12361.87,field-sales
TXN-000002463,CUST-00001,PROD-0053,SITE-014,2025-12-30T08:04:29Z,14,1259.16,distributor
TXN-000002464,CUST-00633,PROD-0108,SITE-002,2024-08-05T22:50:55Z,2,122.18,retail
TXN-000002465,CUST-00269,PROD-0082,SITE-001,2024-12-23T02:46:52Z,18,2211.66,field-sales
TXN-000002466,CUST-00136,PROD-0068,SITE-002,2024-06-10T10:10:36Z,36,1770.12,field-sales
TXN-000002467,CUST-00210,PROD-0101,SITE-009,2025-03-02T04:00:12Z,40,10661.6,online
TXN-000002468,CUST-00398,PROD-0077,SITE-009,2026-01-07T09:22:07Z,19,3688.47,distributor
TXN-000002469,CUST-00041,PROD-0103,SITE-002,2025-02-04T13:13:06Z,18,1935.54,retail
TXN-000002470,CUST-00481,PROD-0066,SITE-012,2025-08-13T13:04:59Z,31,10572.55,online
TXN-000002471,CUST-00001,PROD-0059,SITE-002,2026-07-01T01:37:30Z,22,5465.68,retail
TXN-000002472,CUST-00114,PROD-0007,SITE-002,2025-12-15T19:29:10Z,26,4560.92,online
TXN-000002473,CUST-00359,PROD-0101,SITE-015,2026-01-24T23:42:19Z,5,807.8,retail
TXN-000002474,CUST-00708,PROD-0033,SITE-005,2025-12-24T14:55:54Z,11,4131.71,field-sales
TXN-000002475,CUST-00578,PROD-0061,SITE-004,2024-08-30T09:03:14Z,7,63.98,retail
TXN-000002476,CUST-00564,PROD-0052,SITE-011,2026-08-07T14:19:07Z,21,1529.01,retail
TXN-000002477,CUST-00163,PROD-0025,SITE-002,2026-05-12T22:09:41Z,15,5809.5,field-sales
TXN-000002478,CUST-00613,PROD-0091,SITE-011,2025-12-17T15:15:49Z,14,3653.16,field-sales
TXN-000002479,CUST-00518,PROD-0054,SITE-008,2026-04-13T01:54:18Z,26,6557.98,field-sales
TXN-000002480,CUST-00246,PROD-0098,SITE-003,2025-11-18T17:43:53Z,15,5072.25,field-sales
TXN-000002481,CUST-00571,PROD-0026,SITE-007,2025-09-20T14:28:07Z,17,838.27,online
TXN-000002482,CUST-00689,PROD-0096,SITE-008,2025-09-10T17:57:27Z,39,10112.31,retail
TXN-000002483,CUST-00374,PROD-0099,SITE-002,2026-03-10T14:03:51Z,32,265.92,field-sales
TXN-000002484,CUST-00632,PROD-0073,SITE-008,2026-08-25T04:21:31Z,33,6381.21,distributor
TXN-000002485,CUST-00250,PROD-0043,SITE-005,2026-06-12T22:43:11Z,39,6165.9,retail
TXN-000002486,CUST-00361,PROD-0097,SITE-010,2024-06-02T12:06:43Z,32,10941.44,distributor
TXN-000002487,CUST-00486,PROD-0013,SITE-004,2024-03-16T01:47:03Z,14,3293.64,field-sales
TXN-000002488,CUST-00307,PROD-0025,SITE-015,2026-03-07T22:08:39Z,4,1389.2,online
TXN-000002489,CUST-00264,PROD-0118,SITE-005,2024-10-04T16:07:13Z,18,2325.42,online
TXN-000002490,CUST-00688,PROD-0101,SITE-011,2024-10-29T03:36:42Z,37,13727.74,field-sales
TXN-000002491,CUST-00544,PROD-0011,SITE-012,2025-10-30T19:34:07Z,14,2134.16,distributor
TXN-000002492,CUST-00730,PROD-0037,SITE-001,2026-06-13T11:10:22Z,10,1588.1,online
TXN-000002493,CUST-00410,PROD-0063,SITE-002,2026-01-06T14:21:49Z,20,4480.6,field-sales
TXN-000002494,CUST-00449,PROD-0078,SITE-012,2026-05-20T14:23:12Z,7,2567.11,online
TXN-000002495,CUST-00063,PROD-0051,SITE-008,2026-04-27T18:21:04Z,24,8330.64,distributor
TXN-000002496,CUST-00037,PROD-0032,SITE-015,2025-03-21T23:29:51Z,18,2557.62,field-sales
TXN-000002497,CUST-00682,PROD-0114,SITE-004,2026-08-19T05:58:11Z,26,2100.28,field-sales
TXN-000002498,CUST-00682,PROD-0016,SITE-001,2026-07-29T03:21:31Z,5,1696,distributor
TXN-000002499,CUST-00469,PROD-0087,SITE-011,2026-04-25T17:54:53Z,10,1670.9,online
TXN-000002500,CUST-00359,PROD-0090,SITE-003,2025-11-29T10:54:47Z,4,1243.96,online
TXN-000002501,CUST-00100,PROD-0086,SITE-011,2026-04-23T17:20:22Z,5,1097.5,field-sales
TXN-000002502,CUST-00183,PROD-0101,SITE-002,2025-06-26T06:25:34Z,26,356.2,online
TXN-000002503,CUST-00255,PROD-0061,SITE-007,2025-06-21T19:42:33Z,6,1704.54,online
TXN-000002504,CUST-00050,PROD-0047,SITE-014,2026-02-28T15:13:22Z,19,1861.81,field-sales
TXN-000002505,CUST-00642,PROD-0051,SITE-005,2025-03-30T19:45:17Z,19,6231.05,online
TXN-000002506,CUST-00222,PROD-0019,SITE-009,2026-05-23T16:39:35Z,7,309.54,field-sales
TXN-000002507,CUST-00126,PROD-0021,SITE-002,2025-08-18T20:47:52Z,27,5226.66,field-sales
TXN-000002508,CUST-00340,PROD-0087,SITE-012,2026-02-15T07:13:42Z,12,3228.36,retail
TXN-000002509,CUST-00360,PROD-0051,SITE-011,2026-03-04T05:05:40Z,21,2360.19,field-sales
TXN-000002510,CUST-00614,PROD-0030,SITE-013,2025-05-11T16:49:38Z,13,1746.94,online
TXN-000002511,CUST-00607,PROD-0077,SITE-008,2026-05-20T19:25:45Z,37,9083.13,distributor
TXN-000002512,CUST-00722,PROD-0041,SITE-007,2025-02-20T11:22:17Z,36,6451.2,distributor
TXN-000002513,CUST-00384,PROD-0084,SITE-002,2024-09-07T08:59:41Z,28,7470.4,online
TXN-000002514,CUST-00074,PROD-0017,SITE-014,2026-05-15T18:49:35Z,28,8302.56,retail
TXN-000002515,CUST-00090,PROD-0036,SITE-009,2024-11-19T02:20:44Z,16,880.16,online
TXN-000002516,CUST-00268,PROD-0115,SITE-005,2026-07-25T07:33:26Z,4,499.04,online
TXN-000002517,CUST-00219,PROD-0038,SITE-011,2026-04-15T15:24:39Z,25,9683.75,field-sales
TXN-000002518,CUST-00567,PROD-0030,SITE-008,2024-10-28T14:48:44Z,15,5572.65,retail
TXN-000002519,CUST-00009,PROD-0036,SITE-002,2025-06-14T15:05:50Z,12,4292.88,online
TXN-000002520,CUST-00281,PROD-0106,SITE-012,2025-04-13T02:36:59Z,37,5538.16,retail
TXN-000002521,CUST-00521,PROD-0059,SITE-013,2026-07-15T15:16:24Z,18,290.52,retail
TXN-000002522,CUST-00639,PROD-0017,SITE-006,2026-01-10T04:30:55Z,26,8360.04,retail
TXN-000002523,CUST-00140,PROD-0086,SITE-014,2025-01-11T00:15:39Z,19,4020.02,retail
TXN-000002524,CUST-00037,PROD-0080,SITE-011,2026-02-16T06:23:32Z,28,7773.64,distributor
TXN-000002525,CUST-00471,PROD-0115,SITE-012,2026-05-23T01:20:11Z,33,4584.36,distributor
TXN-000002526,CUST-00588,PROD-0025,SITE-010,2026-04-23T00:12:34Z,5,897.8,distributor
TXN-000002527,CUST-00508,PROD-0041,SITE-015,2024-11-05T05:21:40Z,22,2503.6,retail
TXN-000002528,CUST-00484,PROD-0059,SITE-015,2024-06-11T19:07:46Z,26,5037.5,distributor
TXN-000002529,CUST-00691,PROD-0099,SITE-009,2025-03-10T07:41:10Z,10,2153.1,field-sales
TXN-000002530,CUST-00464,PROD-0045,SITE-013,2025-12-31T20:55:53Z,1,370.9,retail
TXN-000002531,CUST-00343,PROD-0054,SITE-005,2025-04-05T12:18:44Z,40,11358.4,field-sales
TXN-000002532,CUST-00456,PROD-0070,SITE-013,2026-06-05T10:28:34Z,34,1614.66,retail
TXN-000002533,CUST-00772,PROD-0011,SITE-008,2025-01-27T05:33:25Z,13,629.07,field-sales
TXN-000002534,CUST-00409,PROD-0090,SITE-003,2025-09-24T17:01:48Z,16,4201.44,retail
TXN-000002535,CUST-00481,PROD-0075,SITE-013,2026-03-17T04:18:17Z,19,874.19,retail
TXN-000002536,CUST-00760,PROD-0119,SITE-003,2026-07-08T21:21:48Z,30,3978.3,field-sales
TXN-000002537,CUST-00393,PROD-0024,SITE-012,2025-01-31T21:06:23Z,6,1260.42,online
TXN-000002538,CUST-00628,PROD-0069,SITE-003,2025-07-15T23:58:08Z,30,11286.6,distributor
TXN-000002539,CUST-00528,PROD-0100,SITE-010,2025-08-19T10:57:28Z,27,7960.41,online
TXN-000002540,CUST-00572,PROD-0045,SITE-007,2025-07-21T02:13:12Z,33,12332.43,online
TXN-000002541,CUST-00231,PROD-0068,SITE-015,2025-06-27T05:55:04Z,36,12354.84,field-sales
TXN-000002542,CUST-00331,PROD-0032,SITE-013,2024-08-31T12:03:05Z,18,4707.54,online
TXN-000002543,CUST-00533,PROD-0078,SITE-014,2025-03-14T21:05:58Z,39,14570.79,online
TXN-000002544,CUST-00496,PROD-0090,SITE-011,2024-12-02T04:09:35Z,17,1820.02,field-sales
TXN-000002545,CUST-00722,PROD-0014,SITE-009,2024-12-07T03:19:20Z,8,987.68,distributor
TXN-000002546,CUST-00022,PROD-0096,SITE-009,2026-03-20T12:31:36Z,13,747.24,distributor
TXN-000002547,CUST-00441,PROD-0005,SITE-003,2024-08-04T21:06:14Z,21,4765.53,retail
TXN-000002548,CUST-00385,PROD-0062,SITE-002,2025-12-21T17:49:31Z,39,15263.82,online
TXN-000002549,CUST-00400,PROD-0033,SITE-005,2024-04-28T20:21:59Z,2,770.32,field-sales
TXN-000002550,CUST-00192,PROD-0017,SITE-006,2026-07-05T10:26:52Z,8,1417.28,online
TXN-000002551,CUST-00398,PROD-0076,SITE-005,2024-04-09T14:19:18Z,29,2539.24,online
TXN-000002552,CUST-00346,PROD-0084,SITE-002,2026-07-08T23:37:29Z,30,8331,distributor
TXN-000002553,CUST-00298,PROD-0094,SITE-006,2026-08-28T06:09:56Z,39,5436.6,distributor
TXN-000002554,CUST-00461,PROD-0052,SITE-015,2025-10-04T17:49:37Z,10,2673.8,distributor
TXN-000002555,CUST-00565,PROD-0028,SITE-008,2025-03-29T13:39:38Z,21,193.2,retail
TXN-000002556,CUST-00274,PROD-0061,SITE-015,2025-04-26T02:18:41Z,17,6240.19,field-sales
TXN-000002557,CUST-00028,PROD-0107,SITE-001,2025-07-22T08:55:45Z,36,5368.32,distributor
TXN-000002558,CUST-00295,PROD-0076,SITE-009,2025-06-08T11:56:02Z,11,724.13,distributor
TXN-000002559,CUST-00273,PROD-0095,SITE-009,2025-12-09T07:13:02Z,25,2837.75,retail
TXN-000002560,CUST-00179,PROD-0028,SITE-003,2025-08-24T14:39:51Z,26,5290.48,retail
TXN-000002561,CUST-00674,PROD-0097,SITE-002,2024-12-22T19:44:10Z,6,101.34,retail
TXN-000002562,CUST-00406,PROD-0094,SITE-010,2025-04-06T17:59:39Z,13,3977.61,retail
TXN-000002563,CUST-00793,PROD-0111,SITE-002,2025-09-12T22:31:40Z,23,3683.22,field-sales
TXN-000002564,CUST-00611,PROD-0039,SITE-002,2025-05-16T01:13:57Z,34,9930.04,field-sales
TXN-000002565,CUST-00143,PROD-0077,SITE-011,2024-08-09T02:47:13Z,28,4791.08,retail
TXN-000002566,CUST-00564,PROD-0043,SITE-013,2026-08-20T04:48:44Z,6,2100.24,online
TXN-000002567,CUST-00253,PROD-0028,SITE-004,2026-04-23T09:30:50Z,5,1967.55,online
TXN-000002568,CUST-00466,PROD-0107,SITE-015,2025-03-16T01:30:28Z,3,808.2,distributor
TXN-000002569,CUST-00240,PROD-0004,SITE-008,2026-07-22T05:54:20Z,26,9164.48,retail
TXN-000002570,CUST-00749,PROD-0011,SITE-008,2026-08-19T13:07:47Z,4,1033.36,online
TXN-000002571,CUST-00333,PROD-0057,SITE-010,2026-07-07T11:13:09Z,6,1377.66,online
TXN-000002572,CUST-00359,PROD-0073,SITE-002,2026-04-26T15:59:58Z,34,3928.02,online
TXN-000002573,CUST-00378,PROD-0029,SITE-003,2026-01-17T17:59:54Z,6,796.02,retail
TXN-000002574,CUST-00310,PROD-0044,SITE-002,2026-08-26T23:50:29Z,39,6144.84,field-sales
TXN-000002575,CUST-00448,PROD-0058,SITE-008,2025-07-26T19:41:44Z,2,351.14,retail
TXN-000002576,CUST-00140,PROD-0082,SITE-007,2025-09-17T13:21:58Z,3,191.55,online
TXN-000002577,CUST-00257,PROD-0086,SITE-001,2024-07-11T11:26:06Z,14,3385.06,field-sales
TXN-000002578,CUST-00266,PROD-0118,SITE-005,2024-08-04T20:46:57Z,28,1559.04,distributor
TXN-000002579,CUST-00378,PROD-0117,SITE-010,2025-06-29T17:13:04Z,26,5797.74,retail
TXN-000002580,CUST-00223,PROD-0100,SITE-006,2026-02-25T08:23:30Z,33,12418.23,distributor
TXN-000002581,CUST-00163,PROD-0031,SITE-011,2026-04-04T22:07:38Z,26,3581.76,distributor
TXN-000002582,CUST-00671,PROD-0107,SITE-006,2026-03-29T04:26:47Z,11,2401.74,online
TXN-000002583,CUST-00317,PROD-0013,SITE-009,2024-09-18T05:04:49Z,15,879.9,online
TXN-000002584,CUST-00465,PROD-0055,SITE-012,2024-09-29T04:35:15Z,1,132.92,distributor
TXN-000002585,CUST-00696,PROD-0084,SITE-001,2025-12-16T09:21:18Z,18,5852.7,retail
TXN-000002586,CUST-00334,PROD-0036,SITE-002,2025-06-22T18:50:18Z,22,844.14,distributor
TXN-000002587,CUST-00528,PROD-0053,SITE-013,2024-09-10T01:40:46Z,14,1278.2,field-sales
TXN-000002588,CUST-00120,PROD-0073,SITE-005,2025-06-17T18:02:33Z,13,4403.49,online
TXN-000002589,CUST-00603,PROD-0020,SITE-001,2025-08-11T10:51:00Z,32,2826.24,distributor
TXN-000002590,CUST-00567,PROD-0002,SITE-011,2026-01-10T10:05:21Z,17,5785.1,retail
TXN-000002591,CUST-00615,PROD-0066,SITE-010,2025-10-02T22:32:25Z,20,6853.2,online
TXN-000002592,CUST-00539,PROD-0079,SITE-007,2026-01-04T14:15:50Z,30,3889.8,retail
TXN-000002593,CUST-00284,PROD-0025,SITE-002,2024-12-28T10:56:18Z,26,4271.54,distributor
TXN-000002594,CUST-00326,PROD-0066,SITE-006,2026-02-13T18:54:42Z,39,13445.64,online
TXN-000002595,CUST-00117,PROD-0039,SITE-014,2025-11-19T05:14:53Z,19,380.38,online
TXN-000002596,CUST-00267,PROD-0082,SITE-010,2024-05-26T05:46:33Z,3,898.89,online
TXN-000002597,CUST-00505,PROD-0100,SITE-010,2024-11-18T07:11:23Z,7,2745.47,field-sales
TXN-000002598,CUST-00104,PROD-0015,SITE-001,2025-08-12T12:18:25Z,2,196.16,online
TXN-000002599,CUST-00342,PROD-0046,SITE-002,2026-07-28T20:34:44Z,15,351,retail
TXN-000002600,CUST-00317,PROD-0011,SITE-007,2026-01-01T14:50:44Z,17,1983.39,online
TXN-000002601,CUST-00262,PROD-0066,SITE-006,2024-12-30T05:34:59Z,2,274.52,online
TXN-000002602,CUST-00592,PROD-0028,SITE-003,2025-10-20T22:58:53Z,12,3955.2,distributor
TXN-000002603,CUST-00770,PROD-0007,SITE-003,2026-08-09T02:10:27Z,19,2773.62,distributor
TXN-000002604,CUST-00260,PROD-0055,SITE-013,2026-07-31T22:55:35Z,13,2500.68,distributor
TXN-000002605,CUST-00764,PROD-0039,SITE-015,2025-11-10T16:22:01Z,5,1148.75,field-sales
TXN-000002606,CUST-00444,PROD-0117,SITE-007,2025-06-09T00:19:58Z,27,678.24,distributor
TXN-000002607,CUST-00375,PROD-0060,SITE-012,2025-06-14T04:58:23Z,33,12366.75,distributor
TXN-000002608,CUST-00119,PROD-0016,SITE-007,2024-12-24T05:18:10Z,21,3185.07,retail
TXN-000002609,CUST-00454,PROD-0093,SITE-014,2026-03-18T10:29:40Z,5,1201.8,online
TXN-000002610,CUST-00766,PROD-0005,SITE-008,2026-02-22T13:01:13Z,6,105.78,field-sales
TXN-000002611,CUST-00492,PROD-0021,SITE-001,2024-12-31T23:22:36Z,38,12439.3,online
TXN-000002612,CUST-00574,PROD-0057,SITE-003,2025-02-22T01:28:33Z,21,5692.05,retail
TXN-000002613,CUST-00361,PROD-0073,SITE-015,2026-02-27T13:34:45Z,36,13665.24,distributor
TXN-000002614,CUST-00259,PROD-0085,SITE-011,2025-11-18T07:24:23Z,39,2280.72,distributor
TXN-000002615,CUST-00122,PROD-0050,SITE-006,2024-09-03T04:55:15Z,10,471.4,field-sales
TXN-000002616,CUST-00301,PROD-0005,SITE-008,2026-05-23T16:22:41Z,30,5223.9,retail
TXN-000002617,CUST-00747,PROD-0038,SITE-008,2025-12-28T19:58:31Z,18,2653.02,online
TXN-000002618,CUST-00093,PROD-0017,SITE-013,2026-05-28T14:54:30Z,32,9543.04,distributor
TXN-000002619,CUST-00689,PROD-0116,SITE-008,2024-11-08T16:22:45Z,21,8099.7,retail
TXN-000002620,CUST-00510,PROD-0001,SITE-005,2025-10-24T20:19:17Z,36,5750.64,online
TXN-000002621,CUST-00134,PROD-0073,SITE-012,2025-06-20T07:06:16Z,31,6506.9,field-sales
TXN-000002622,CUST-00390,PROD-0047,SITE-009,2025-10-06T18:47:52Z,28,9750.72,field-sales
TXN-000002623,CUST-00666,PROD-0112,SITE-004,2026-05-28T23:21:51Z,29,8478.73,online
TXN-000002624,CUST-00582,PROD-0025,SITE-006,2026-04-04T23:23:23Z,5,1804.45,online
TXN-000002625,CUST-00651,PROD-0044,SITE-002,2025-09-13T17:55:10Z,32,4866.88,online
TXN-000002626,CUST-00512,PROD-0051,SITE-005,2026-04-23T11:22:23Z,20,5907,distributor
TXN-000002627,CUST-00645,PROD-0088,SITE-014,2024-08-22T05:48:30Z,17,4728.72,retail
TXN-000002628,CUST-00029,PROD-0046,SITE-014,2024-11-03T01:56:04Z,15,5985,field-sales
TXN-000002629,CUST-00645,PROD-0007,SITE-004,2026-07-20T10:33:41Z,13,3100.11,distributor
TXN-000002630,CUST-00781,PROD-0102,SITE-003,2026-03-21T21:47:56Z,8,1604.4,distributor
TXN-000002631,CUST-00355,PROD-0073,SITE-005,2026-02-11T03:58:29Z,39,3015.48,distributor
TXN-000002632,CUST-00187,PROD-0079,SITE-004,2024-12-07T05:31:43Z,38,11906.16,retail
TXN-000002633,CUST-00544,PROD-0089,SITE-006,2025-03-23T08:00:54Z,11,2077.13,field-sales
TXN-000002634,CUST-00401,PROD-0071,SITE-003,2025-09-24T04:23:25Z,36,6018.84,retail
TXN-000002635,CUST-00646,PROD-0058,SITE-009,2025-09-15T23:39:01Z,9,2816.37,distributor
TXN-000002636,CUST-00233,PROD-0049,SITE-012,2026-06-27T09:27:43Z,5,1208.5,retail
TXN-000002637,CUST-00437,PROD-0020,SITE-014,2026-04-29T03:09:40Z,19,6089.31,online
TXN-000002638,CUST-00594,PROD-0099,SITE-015,2025-09-18T16:45:22Z,5,1214.65,distributor
TXN-000002639,CUST-00398,PROD-0001,SITE-004,2026-03-25T14:19:53Z,39,6238.44,retail
TXN-000002640,CUST-00218,PROD-0074,SITE-003,2026-03-04T02:42:12Z,9,3523.68,online
TXN-000002641,CUST-00406,PROD-0081,SITE-013,2025-05-30T23:38:33Z,5,856.25,distributor
TXN-000002642,CUST-00464,PROD-0119,SITE-002,2025-05-16T15:47:19Z,22,1540.22,field-sales
TXN-000002643,CUST-00688,PROD-0030,SITE-002,2025-12-15T23:49:59Z,22,4995.1,distributor
TXN-000002644,CUST-00552,PROD-0118,SITE-006,2025-12-29T15:30:11Z,5,403.8,retail
TXN-000002645,CUST-00768,PROD-0087,SITE-007,2024-03-18T23:33:26Z,35,10984.05,distributor
TXN-000002646,CUST-00729,PROD-0027,SITE-005,2026-08-24T06:59:38Z,21,5335.68,field-sales
TXN-000002647,CUST-00486,PROD-0118,SITE-001,2026-05-04T23:12:24Z,21,6471.57,retail
TXN-000002648,CUST-00471,PROD-0012,SITE-015,2025-01-08T09:28:04Z,37,3802.49,distributor
TXN-000002649,CUST-00719,PROD-0020,SITE-009,2025-02-22T20:18:51Z,1,389.46,field-sales
TXN-000002650,CUST-00414,PROD-0003,SITE-012,2024-08-09T16:47:59Z,28,7992.88,field-sales
TXN-000002651,CUST-00488,PROD-0017,SITE-011,2024-05-20T07:16:14Z,13,1254.37,field-sales
TXN-000002652,CUST-00431,PROD-0023,SITE-013,2025-11-21T06:57:21Z,5,917.4,online
TXN-000002653,CUST-00343,PROD-0065,SITE-006,2025-04-08T17:32:32Z,27,9610.38,retail
TXN-000002654,CUST-00397,PROD-0098,SITE-013,2026-04-16T15:17:52Z,11,1847.67,distributor
TXN-000002655,CUST-00086,PROD-0104,SITE-004,2024-04-20T17:21:38Z,16,5819.36,distributor
TXN-000002656,CUST-00075,PROD-0027,SITE-003,2025-05-18T23:25:03Z,8,2832.08,online
TXN-000002657,CUST-00217,PROD-0043,SITE-012,2026-05-23T10:03:44Z,30,2799.3,online
TXN-000002658,CUST-00205,PROD-0072,SITE-012,2026-07-30T15:40:45Z,25,445,field-sales
TXN-000002659,CUST-00793,PROD-0069,SITE-002,2024-08-27T21:38:49Z,6,1075.92,online
TXN-000002660,CUST-00002,PROD-0081,SITE-011,2026-02-19T03:09:59Z,21,2983.47,retail
TXN-000002661,CUST-00633,PROD-0003,SITE-006,2026-06-20T04:18:07Z,28,10713.36,retail
TXN-000002662,CUST-00117,PROD-0040,SITE-010,2025-11-15T00:00:55Z,37,4720.09,distributor
TXN-000002663,CUST-00294,PROD-0038,SITE-013,2025-07-19T15:46:50Z,20,7745.8,field-sales
TXN-000002664,CUST-00495,PROD-0081,SITE-007,2025-01-13T09:20:21Z,32,287.04,distributor
TXN-000002665,CUST-00730,PROD-0109,SITE-011,2026-02-09T07:30:45Z,40,5078,retail
TXN-000002666,CUST-00692,PROD-0054,SITE-006,2025-09-26T19:32:33Z,11,3314.74,retail
TXN-000002667,CUST-00522,PROD-0045,SITE-004,2026-05-24T18:07:32Z,4,1019.84,retail
TXN-000002668,CUST-00196,PROD-0031,SITE-009,2026-05-06T16:31:32Z,36,4466.88,retail
TXN-000002669,CUST-00235,PROD-0044,SITE-014,2025-05-03T00:04:08Z,36,12718.8,distributor
TXN-000002670,CUST-00800,PROD-0090,SITE-010,2024-06-19T06:41:11Z,35,11688.6,retail
TXN-000002671,CUST-00595,PROD-0043,SITE-008,2026-02-09T05:37:44Z,7,596.61,distributor
TXN-000002672,CUST-00115,PROD-0021,SITE-009,2026-08-07T15:24:21Z,37,6257.44,distributor
TXN-000002673,CUST-00511,PROD-0021,SITE-007,2026-02-01T13:14:42Z,3,209.4,field-sales
TXN-000002674,CUST-00602,PROD-0047,SITE-009,2026-03-11T11:39:17Z,8,1719.04,online
TXN-000002675,CUST-00259,PROD-0039,SITE-009,2025-06-10T14:08:54Z,19,3546.73,online
TXN-000002676,CUST-00779,PROD-0055,SITE-003,2025-04-08T14:51:15Z,20,4061,retail
TXN-000002677,CUST-00369,PROD-0025,SITE-008,2026-06-13T16:39:27Z,28,2569.28,retail
TXN-000002678,CUST-00783,PROD-0077,SITE-004,2026-03-29T00:52:45Z,2,404.24,online
TXN-000002679,CUST-00659,PROD-0002,SITE-011,2024-11-21T17:46:01Z,4,1490.96,distributor
TXN-000002680,CUST-00717,PROD-0101,SITE-004,2024-11-18T16:38:05Z,8,1555.92,retail
TXN-000002681,CUST-00244,PROD-0118,SITE-003,2024-08-18T22:47:24Z,7,2395.47,online
TXN-000002682,CUST-00750,PROD-0069,SITE-004,2025-12-13T00:34:17Z,15,1310.4,online
TXN-000002683,CUST-00528,PROD-0085,SITE-010,2026-02-05T14:12:59Z,23,3787.87,retail
TXN-000002684,CUST-00286,PROD-0063,SITE-006,2024-05-16T22:25:24Z,31,4463.69,distributor
TXN-000002685,CUST-00505,PROD-0082,SITE-008,2025-09-15T14:49:53Z,34,1203.26,field-sales
TXN-000002686,CUST-00715,PROD-0056,SITE-006,2024-05-01T21:43:19Z,3,53.61,field-sales
TXN-000002687,CUST-00513,PROD-0054,SITE-012,2025-08-07T04:16:11Z,24,4668.48,distributor
TXN-000002688,CUST-00103,PROD-0002,SITE-002,2026-05-18T06:11:35Z,10,1168.3,online
TXN-000002689,CUST-00761,PROD-0052,SITE-006,2026-08-19T17:28:13Z,5,1773.55,retail
TXN-000002690,CUST-00063,PROD-0036,SITE-009,2026-05-22T17:14:46Z,35,2200.8,retail
TXN-000002691,CUST-00598,PROD-0100,SITE-008,2026-07-04T00:27:47Z,17,4009.96,field-sales
TXN-000002692,CUST-00029,PROD-0047,SITE-003,2025-10-10T00:21:05Z,26,7790.64,online
TXN-000002693,CUST-00368,PROD-0090,SITE-007,2025-02-05T21:38:03Z,2,797.08,distributor
TXN-000002694,CUST-00049,PROD-0063,SITE-008,2025-07-18T08:40:25Z,37,2713.58,online
TXN-000002695,CUST-00195,PROD-0056,SITE-004,2024-10-19T00:16:44Z,10,2621,online
TXN-000002696,CUST-00717,PROD-0053,SITE-011,2025-04-09T11:09:35Z,14,2707.46,retail
TXN-000002697,CUST-00478,PROD-0063,SITE-013,2025-01-13T12:39:07Z,27,4134.24,online
TXN-000002698,CUST-00799,PROD-0092,SITE-006,2024-04-09T18:44:36Z,6,2172.06,distributor
TXN-000002699,CUST-00329,PROD-0067,SITE-004,2025-07-08T08:17:33Z,34,7921.32,retail
TXN-000002700,CUST-00765,PROD-0055,SITE-012,2025-07-30T12:34:48Z,12,868.2,field-sales
TXN-000002701,CUST-00597,PROD-0057,SITE-005,2024-08-20T04:58:02Z,11,1702.69,distributor
TXN-000002702,CUST-00777,PROD-0052,SITE-011,2025-10-15T06:21:26Z,16,607.04,online
TXN-000002703,CUST-00146,PROD-0053,SITE-014,2026-04-19T07:00:40Z,40,9279.2,online
TXN-000002704,CUST-00002,PROD-0117,SITE-001,2026-04-14T12:07:48Z,40,5772.4,field-sales
TXN-000002705,CUST-00686,PROD-0077,SITE-014,2026-02-25T21:09:37Z,10,3740.7,retail
TXN-000002706,CUST-00702,PROD-0025,SITE-006,2026-03-08T10:35:57Z,6,1470.12,field-sales
TXN-000002707,CUST-00303,PROD-0039,SITE-015,2025-09-03T00:59:48Z,21,3172.89,distributor
TXN-000002708,CUST-00059,PROD-0085,SITE-015,2025-10-04T01:04:59Z,38,13905.34,distributor
TXN-000002709,CUST-00093,PROD-0006,SITE-008,2026-01-18T07:15:47Z,40,11546,online
TXN-000002710,CUST-00239,PROD-0069,SITE-002,2025-03-24T02:15:03Z,1,327.47,distributor
TXN-000002711,CUST-00517,PROD-0051,SITE-001,2026-04-09T15:48:24Z,28,10892,retail
TXN-000002712,CUST-00735,PROD-0032,SITE-001,2026-08-20T02:39:20Z,26,7858.76,distributor
TXN-000002713,CUST-00745,PROD-0059,SITE-015,2025-01-01T00:46:34Z,26,5001.1,online
TXN-000002714,CUST-00441,PROD-0025,SITE-004,2026-02-21T17:12:51Z,6,1313.22,distributor
TXN-000002715,CUST-00032,PROD-0069,SITE-007,2025-10-30T03:28:14Z,19,1899.05,retail
TXN-000002716,CUST-00337,PROD-0044,SITE-009,2025-09-26T05:54:36Z,5,536.75,online
TXN-000002717,CUST-00304,PROD-0011,SITE-002,2025-05-19T19:12:12Z,36,11498.4,field-sales
TXN-000002718,CUST-00141,PROD-0100,SITE-015,2026-07-28T17:36:43Z,3,811.44,retail
TXN-000002719,CUST-00044,PROD-0007,SITE-002,2025-12-24T01:59:42Z,20,6317,retail
TXN-000002720,CUST-00047,PROD-0078,SITE-010,2026-03-20T21:22:37Z,10,3748.9,online
TXN-000002721,CUST-00426,PROD-0085,SITE-001,2024-07-11T04:29:23Z,27,8185.05,retail
TXN-000002722,CUST-00037,PROD-0061,SITE-003,2025-08-23T02:39:57Z,28,3825.36,retail
TXN-000002723,CUST-00308,PROD-0015,SITE-012,2025-08-25T06:05:11Z,29,2730.93,distributor
TXN-000002724,CUST-00573,PROD-0055,SITE-002,2025-05-06T17:23:28Z,37,4538.05,distributor
TXN-000002725,CUST-00385,PROD-0066,SITE-004,2026-05-03T19:12:46Z,36,11738.16,distributor
TXN-000002726,CUST-00683,PROD-0028,SITE-001,2025-08-30T00:48:26Z,40,15014.8,field-sales
TXN-000002727,CUST-00279,PROD-0013,SITE-015,2026-06-02T05:58:59Z,6,481.8,distributor
TXN-000002728,CUST-00398,PROD-0106,SITE-015,2025-09-28T01:28:04Z,6,387.48,distributor
TXN-000002729,CUST-00772,PROD-0050,SITE-004,2026-07-28T14:56:47Z,10,905.4,retail
TXN-000002730,CUST-00664,PROD-0014,SITE-010,2026-05-28T06:59:06Z,10,2456.8,online
TXN-000002731,CUST-00355,PROD-0050,SITE-012,2024-09-26T07:03:31Z,6,710.04,retail
TXN-000002732,CUST-00420,PROD-0043,SITE-010,2024-05-06T17:11:55Z,23,6888.27,field-sales
TXN-000002733,CUST-00266,PROD-0014,SITE-011,2025-04-28T22:07:30Z,9,2893.86,online
TXN-000002734,CUST-00189,PROD-0010,SITE-015,2026-05-31T12:37:48Z,29,353.22,distributor
TXN-000002735,CUST-00271,PROD-0089,SITE-011,2024-08-27T07:45:37Z,18,207.18,retail
TXN-000002736,CUST-00642,PROD-0091,SITE-013,2025-08-08T04:03:31Z,35,3277.4,distributor
TXN-000002737,CUST-00433,PROD-0062,SITE-003,2025-05-07T21:05:51Z,14,3731.84,online
TXN-000002738,CUST-00554,PROD-0043,SITE-009,2024-10-05T00:37:46Z,38,5527.1,retail
TXN-000002739,CUST-00081,PROD-0028,SITE-012,2024-08-16T12:51:26Z,33,435.6,distributor
TXN-000002740,CUST-00524,PROD-0059,SITE-012,2025-03-31T11:09:22Z,11,2187.02,online
TXN-000002741,CUST-00273,PROD-0032,SITE-013,2026-03-07T03:03:39Z,12,4764.48,online
TXN-000002742,CUST-00032,PROD-0041,SITE-005,2024-11-10T11:39:25Z,31,7158.52,field-sales
TXN-000002743,CUST-00310,PROD-0004,SITE-004,2025-04-24T19:16:26Z,2,39.12,retail
TXN-000002744,CUST-00028,PROD-0023,SITE-008,2025-08-07T05:32:13Z,36,6044.4,retail
TXN-000002745,CUST-00765,PROD-0071,SITE-013,2026-01-12T06:29:48Z,28,8787.24,field-sales
TXN-000002746,CUST-00313,PROD-0110,SITE-013,2026-06-03T03:58:20Z,9,2386.44,online
TXN-000002747,CUST-00431,PROD-0088,SITE-010,2026-03-07T01:47:43Z,35,9392.25,distributor
TXN-000002748,CUST-00684,PROD-0042,SITE-009,2025-07-10T05:48:25Z,14,902.72,field-sales
TXN-000002749,CUST-00114,PROD-0008,SITE-004,2025-03-03T15:18:25Z,27,1280.07,online
TXN-000002750,CUST-00165,PROD-0098,SITE-012,2024-06-11T14:42:58Z,13,2911.48,distributor
TXN-000002751,CUST-00772,PROD-0034,SITE-015,2025-07-17T23:49:39Z,40,12920,retail
TXN-000002752,CUST-00778,PROD-0007,SITE-007,2026-02-03T11:57:09Z,6,1385.76,distributor
TXN-000002753,CUST-00209,PROD-0095,SITE-015,2026-07-09T11:24:30Z,15,2120.25,distributor
TXN-000002754,CUST-00540,PROD-0081,SITE-007,2026-08-09T20:01:28Z,37,9537.49,retail
TXN-000002755,CUST-00665,PROD-0099,SITE-009,2025-05-09T04:26:17Z,23,6859.29,field-sales
TXN-000002756,CUST-00672,PROD-0037,SITE-015,2026-03-06T14:54:19Z,6,2114.7,field-sales
TXN-000002757,CUST-00019,PROD-0070,SITE-013,2025-03-11T21:52:34Z,39,8326.89,distributor
TXN-000002758,CUST-00369,PROD-0019,SITE-001,2026-01-29T17:42:04Z,22,3028.3,field-sales
TXN-000002759,CUST-00417,PROD-0111,SITE-009,2026-02-17T06:06:40Z,6,354.24,distributor
TXN-000002760,CUST-00422,PROD-0018,SITE-007,2024-10-08T11:20:34Z,19,6687.62,field-sales
TXN-000002761,CUST-00221,PROD-0047,SITE-015,2025-11-09T09:19:04Z,11,3302.75,field-sales
TXN-000002762,CUST-00740,PROD-0036,SITE-012,2026-08-22T06:01:48Z,3,1139.79,online
TXN-000002763,CUST-00467,PROD-0086,SITE-015,2025-09-17T18:00:11Z,31,8945.98,retail
TXN-000002764,CUST-00513,PROD-0113,SITE-010,2026-01-22T19:31:40Z,9,2925.72,distributor
TXN-000002765,CUST-00177,PROD-0066,SITE-001,2025-07-05T14:56:53Z,31,5591.16,field-sales
TXN-000002766,CUST-00288,PROD-0104,SITE-005,2024-05-21T22:09:55Z,9,658.17,retail
TXN-000002767,CUST-00638,PROD-0055,SITE-009,2026-02-01T10:48:30Z,3,1035.48,field-sales
TXN-000002768,CUST-00042,PROD-0095,SITE-008,2025-11-23T11:58:17Z,22,7870.06,distributor
TXN-000002769,CUST-00668,PROD-0058,SITE-004,2025-11-26T03:17:02Z,14,1101.52,field-sales
TXN-000002770,CUST-00125,PROD-0003,SITE-012,2026-06-19T04:59:49Z,20,1337.8,distributor
TXN-000002771,CUST-00181,PROD-0009,SITE-007,2026-02-26T03:06:24Z,8,2278.16,online
TXN-000002772,CUST-00335,PROD-0091,SITE-013,2026-03-29T09:33:17Z,37,5107.11,distributor
TXN-000002773,CUST-00317,PROD-0097,SITE-009,2026-07-18T14:50:12Z,35,11200,online
TXN-000002774,CUST-00090,PROD-0043,SITE-006,2024-05-22T11:03:07Z,28,11043.76,retail
TXN-000002775,CUST-00300,PROD-0036,SITE-010,2024-03-17T13:47:38Z,37,9511.96,field-sales
TXN-000002776,CUST-00019,PROD-0038,SITE-013,2024-11-03T17:28:41Z,26,1917.76,retail
TXN-000002777,CUST-00438,PROD-0021,SITE-003,2024-09-11T10:01:19Z,30,5802.9,retail
TXN-000002778,CUST-00440,PROD-0105,SITE-003,2025-11-18T04:44:48Z,39,3979.56,online
TXN-000002779,CUST-00572,PROD-0103,SITE-002,2024-12-14T11:25:30Z,35,1997.8,retail
TXN-000002780,CUST-00767,PROD-0105,SITE-006,2026-01-02T17:54:24Z,37,4363.78,distributor
TXN-000002781,CUST-00025,PROD-0032,SITE-010,2025-08-17T18:59:24Z,1,272.11,field-sales
TXN-000002782,CUST-00016,PROD-0077,SITE-005,2026-05-19T00:43:56Z,6,1062.72,online
TXN-000002783,CUST-00451,PROD-0074,SITE-001,2025-10-24T17:43:42Z,37,9440.55,distributor
TXN-000002784,CUST-00090,PROD-0045,SITE-015,2026-01-31T08:07:31Z,11,3720.42,distributor
TXN-000002785,CUST-00049,PROD-0054,SITE-012,2026-02-10T04:49:22Z,38,13787.54,retail
TXN-000002786,CUST-00204,PROD-0064,SITE-014,2024-05-22T12:39:56Z,4,385.2,distributor
TXN-000002787,CUST-00603,PROD-0026,SITE-013,2025-09-29T09:48:51Z,14,1088.78,distributor
TXN-000002788,CUST-00547,PROD-0029,SITE-011,2026-01-12T20:29:14Z,36,12562.92,retail
TXN-000002789,CUST-00512,PROD-0041,SITE-014,2026-08-09T11:47:31Z,1,15.6,retail
TXN-000002790,CUST-00620,PROD-0010,SITE-004,2025-09-04T15:59:43Z,17,5894.92,field-sales
TXN-000002791,CUST-00362,PROD-0079,SITE-007,2025-07-18T23:47:59Z,19,3235.89,field-sales
TXN-000002792,CUST-00240,PROD-0025,SITE-002,2026-04-25T12:34:23Z,21,7226.73,field-sales
TXN-000002793,CUST-00539,PROD-0010,SITE-007,2025-03-20T14:35:20Z,19,635.93,field-sales
TXN-000002794,CUST-00352,PROD-0066,SITE-006,2025-07-29T05:49:18Z,12,3268.8,online
TXN-000002795,CUST-00787,PROD-0069,SITE-010,2026-08-16T18:23:45Z,5,1317.85,distributor
TXN-000002796,CUST-00418,PROD-0030,SITE-010,2025-10-24T23:33:47Z,6,1344.42,retail
TXN-000002797,CUST-00798,PROD-0094,SITE-005,2026-08-29T09:50:59Z,7,980.49,field-sales
TXN-000002798,CUST-00668,PROD-0112,SITE-003,2025-11-05T02:45:50Z,37,6169.38,retail
TXN-000002799,CUST-00139,PROD-0009,SITE-015,2026-03-17T17:00:28Z,29,9336.26,field-sales
TXN-000002800,CUST-00224,PROD-0008,SITE-006,2024-09-12T14:45:46Z,12,783.24,retail
TXN-000002801,CUST-00449,PROD-0100,SITE-011,2024-11-17T20:13:09Z,6,292.2,field-sales
TXN-000002802,CUST-00026,PROD-0103,SITE-010,2026-07-28T18:42:01Z,26,9505.6,online
TXN-000002803,CUST-00245,PROD-0050,SITE-010,2026-07-31T15:13:21Z,31,9511.42,retail
TXN-000002804,CUST-00650,PROD-0110,SITE-007,2025-01-29T00:07:33Z,19,4925.75,distributor
TXN-000002805,CUST-00633,PROD-0031,SITE-004,2026-07-05T15:34:36Z,26,3949.4,field-sales
TXN-000002806,CUST-00559,PROD-0119,SITE-012,2026-06-14T22:48:51Z,5,1989.15,retail
TXN-000002807,CUST-00436,PROD-0036,SITE-004,2026-01-02T18:48:26Z,9,1074.6,distributor
TXN-000002808,CUST-00014,PROD-0001,SITE-003,2025-01-06T18:38:45Z,12,1380.6,online
TXN-000002809,CUST-00443,PROD-0106,SITE-006,2025-03-01T13:45:20Z,5,531.9,field-sales
TXN-000002810,CUST-00458,PROD-0060,SITE-004,2024-05-14T21:53:34Z,9,1480.41,field-sales
TXN-000002811,CUST-00602,PROD-0032,SITE-006,2025-04-01T19:17:22Z,1,135.5,field-sales
TXN-000002812,CUST-00164,PROD-0034,SITE-003,2026-04-18T08:23:19Z,20,1848.4,field-sales
TXN-000002813,CUST-00707,PROD-0118,SITE-005,2024-08-24T22:42:46Z,25,3962,online
TXN-000002814,CUST-00373,PROD-0031,SITE-015,2026-02-07T20:33:19Z,23,9123.87,distributor
TXN-000002815,CUST-00084,PROD-0108,SITE-005,2026-03-11T08:25:49Z,39,4848.09,online
TXN-000002816,CUST-00417,PROD-0006,SITE-008,2025-07-01T22:12:58Z,8,2421.6,online
TXN-000002817,CUST-00714,PROD-0013,SITE-013,2025-08-11T01:37:04Z,22,6590.32,retail
TXN-000002818,CUST-00752,PROD-0095,SITE-002,2026-07-17T19:55:05Z,26,3355.3,online
TXN-000002819,CUST-00280,PROD-0118,SITE-003,2026-05-23T21:56:20Z,24,6737.04,field-sales
TXN-000002820,CUST-00451,PROD-0006,SITE-007,2024-10-19T21:02:54Z,35,6653.15,field-sales
TXN-000002821,CUST-00457,PROD-0070,SITE-014,2024-11-01T03:31:29Z,27,232.74,distributor
TXN-000002822,CUST-00705,PROD-0084,SITE-002,2025-01-13T02:10:16Z,32,5471.36,online
TXN-000002823,CUST-00038,PROD-0044,SITE-015,2026-03-12T10:27:43Z,1,123.53,retail
TXN-000002824,CUST-00575,PROD-0051,SITE-009,2026-07-22T06:37:30Z,22,1846.9,distributor
TXN-000002825,CUST-00244,PROD-0017,SITE-005,2025-08-05T18:32:15Z,1,221.91,field-sales
TXN-000002826,CUST-00179,PROD-0106,SITE-001,2024-10-18T00:51:59Z,1,235.25,online
TXN-000002827,CUST-00123,PROD-0068,SITE-006,2025-04-29T23:28:24Z,7,2195.55,distributor
TXN-000002828,CUST-00429,PROD-0022,SITE-006,2026-01-26T13:16:12Z,15,4913.7,retail
TXN-000002829,CUST-00280,PROD-0020,SITE-009,2026-01-28T08:57:45Z,23,3441.72,retail
TXN-000002830,CUST-00553,PROD-0082,SITE-011,2024-10-17T10:07:25Z,5,1933,online
TXN-000002831,CUST-00569,PROD-0059,SITE-001,2024-08-28T05:46:19Z,26,7561.06,online
TXN-000002832,CUST-00699,PROD-0094,SITE-012,2026-03-02T10:08:28Z,31,12240.97,field-sales
TXN-000002833,CUST-00138,PROD-0067,SITE-013,2026-04-20T19:12:06Z,30,5670.9,retail
TXN-000002834,CUST-00434,PROD-0037,SITE-006,2025-11-21T19:21:08Z,39,2418,retail
TXN-000002835,CUST-00342,PROD-0116,SITE-002,2025-08-31T07:08:57Z,40,8856.4,field-sales
TXN-000002836,CUST-00371,PROD-0066,SITE-001,2025-06-25T15:34:30Z,38,8076.52,online
TXN-000002837,CUST-00193,PROD-0008,SITE-006,2024-07-09T05:30:50Z,29,2173.26,retail
TXN-000002838,CUST-00198,PROD-0089,SITE-004,2025-12-06T13:56:33Z,20,7233.6,online
TXN-000002839,CUST-00332,PROD-0041,SITE-009,2025-05-15T04:25:40Z,22,7365.38,retail
TXN-000002840,CUST-00440,PROD-0034,SITE-003,2026-05-02T00:13:30Z,15,5974.95,retail
TXN-000002841,CUST-00311,PROD-0044,SITE-010,2025-10-27T14:29:17Z,8,2707.6,retail
TXN-000002842,CUST-00737,PROD-0086,SITE-013,2026-07-05T02:42:18Z,12,785.52,distributor
TXN-000002843,CUST-00403,PROD-0054,SITE-011,2026-08-03T16:29:07Z,19,6542.84,distributor
TXN-000002844,CUST-00225,PROD-0077,SITE-015,2024-10-06T22:14:36Z,34,13533.02,retail
TXN-000002845,CUST-00383,PROD-0087,SITE-013,2026-07-20T21:57:50Z,11,3986.18,field-sales
TXN-000002846,CUST-00088,PROD-0049,SITE-011,2025-02-28T13:48:01Z,27,5403.51,distributor
TXN-000002847,CUST-00053,PROD-0014,SITE-008,2025-09-03T22:55:57Z,5,1603.35,field-sales
TXN-000002848,CUST-00334,PROD-0080,SITE-003,2025-09-13T05:31:00Z,29,7493.31,online
TXN-000002849,CUST-00401,PROD-0013,SITE-003,2025-07-20T04:35:40Z,35,11996.25,retail
TXN-000002850,CUST-00261,PROD-0026,SITE-012,2026-07-09T21:25:21Z,31,6778.77,retail
TXN-000002851,CUST-00243,PROD-0049,SITE-005,2025-03-04T21:35:41Z,28,1052.52,retail
TXN-000002852,CUST-00681,PROD-0113,SITE-008,2026-07-31T02:55:09Z,9,2423.79,retail
TXN-000002853,CUST-00798,PROD-0011,SITE-015,2024-08-17T02:14:28Z,28,5083.4,online
TXN-000002854,CUST-00085,PROD-0039,SITE-013,2024-07-26T16:08:01Z,13,1209,online
TXN-000002855,CUST-00134,PROD-0076,SITE-005,2025-11-03T20:11:39Z,31,4587.07,retail
TXN-000002856,CUST-00722,PROD-0113,SITE-010,2024-09-30T01:47:25Z,15,1400.1,online
TXN-000002857,CUST-00551,PROD-0001,SITE-004,2024-07-08T19:16:50Z,3,193.38,distributor
TXN-000002858,CUST-00797,PROD-0007,SITE-009,2025-04-19T05:19:56Z,11,136.84,online
TXN-000002859,CUST-00311,PROD-0079,SITE-005,2026-03-02T13:40:41Z,25,9130.25,distributor
TXN-000002860,CUST-00557,PROD-0023,SITE-002,2026-07-07T23:31:40Z,36,10629.36,distributor
TXN-000002861,CUST-00153,PROD-0049,SITE-004,2025-12-31T13:39:08Z,16,1687.2,distributor
TXN-000002862,CUST-00722,PROD-0052,SITE-009,2026-06-17T20:45:54Z,20,280.8,retail
TXN-000002863,CUST-00087,PROD-0113,SITE-015,2024-09-28T17:22:09Z,26,8263.32,retail
TXN-000002864,CUST-00657,PROD-0101,SITE-011,2026-08-02T07:40:56Z,20,6664,distributor
TXN-000002865,CUST-00293,PROD-0071,SITE-011,2025-05-07T18:27:20Z,26,4010.5,distributor
TXN-000002866,CUST-00003,PROD-0060,SITE-013,2026-08-27T09:25:35Z,26,2868.32,retail
TXN-000002867,CUST-00408,PROD-0007,SITE-007,2026-01-27T00:06:11Z,17,6362.42,retail
TXN-000002868,CUST-00241,PROD-0098,SITE-008,2025-03-09T01:41:32Z,27,1217.97,field-sales
TXN-000002869,CUST-00456,PROD-0102,SITE-015,2024-08-27T00:51:46Z,6,799.74,online
TXN-000002870,CUST-00368,PROD-0021,SITE-009,2025-03-09T18:10:40Z,1,295.63,distributor
TXN-000002871,CUST-00088,PROD-0082,SITE-014,2025-06-04T10:17:46Z,6,151.14,retail
TXN-000002872,CUST-00619,PROD-0067,SITE-014,2025-10-05T13:46:29Z,26,2826.72,distributor
TXN-000002873,CUST-00355,PROD-0016,SITE-002,2025-02-04T07:20:20Z,1,317.46,field-sales
TXN-000002874,CUST-00648,PROD-0022,SITE-015,2025-10-27T23:55:56Z,23,8039.42,online
TXN-000002875,CUST-00032,PROD-0108,SITE-007,2025-12-13T22:23:57Z,21,1832.88,online
TXN-000002876,CUST-00711,PROD-0117,SITE-009,2025-03-12T01:33:59Z,3,1026.6,online
TXN-000002877,CUST-00686,PROD-0070,SITE-014,2024-07-13T14:36:07Z,13,3346.07,online
TXN-000002878,CUST-00530,PROD-0013,SITE-014,2026-07-27T01:33:18Z,3,577.2,retail
TXN-000002879,CUST-00624,PROD-0096,SITE-014,2025-07-03T17:46:04Z,29,4151.93,retail
TXN-000002880,CUST-00250,PROD-0010,SITE-009,2026-07-27T21:13:26Z,1,118.11,distributor
TXN-000002881,CUST-00395,PROD-0006,SITE-007,2026-07-20T23:00:02Z,14,466.2,distributor
TXN-000002882,CUST-00301,PROD-0018,SITE-015,2026-08-26T06:26:22Z,14,5502.84,field-sales
TXN-000002883,CUST-00370,PROD-0104,SITE-002,2026-03-31T18:01:38Z,8,256.56,retail
TXN-000002884,CUST-00250,PROD-0097,SITE-014,2026-05-17T21:31:28Z,22,7187.84,distributor
TXN-000002885,CUST-00102,PROD-0076,SITE-006,2026-02-12T04:36:06Z,6,1530.78,retail
TXN-000002886,CUST-00182,PROD-0017,SITE-002,2025-05-08T01:05:03Z,8,3160.96,distributor
TXN-000002887,CUST-00018,PROD-0070,SITE-010,2026-06-27T10:34:45Z,13,192.14,retail
TXN-000002888,CUST-00536,PROD-0087,SITE-009,2025-10-19T05:40:05Z,8,1102.08,retail
TXN-000002889,CUST-00618,PROD-0054,SITE-006,2026-05-30T14:49:16Z,30,547.8,retail
TXN-000002890,CUST-00181,PROD-0113,SITE-007,2026-08-21T03:30:58Z,10,2074.5,field-sales
TXN-000002891,CUST-00198,PROD-0028,SITE-004,2026-03-13T15:01:35Z,14,170.24,online
TXN-000002892,CUST-00634,PROD-0032,SITE-007,2024-08-18T09:54:33Z,1,82.09,distributor
TXN-000002893,CUST-00514,PROD-0095,SITE-004,2024-11-18T00:52:29Z,3,891.84,online
TXN-000002894,CUST-00203,PROD-0042,SITE-001,2026-01-15T22:29:19Z,3,841.17,distributor
TXN-000002895,CUST-00650,PROD-0065,SITE-011,2026-06-06T14:43:49Z,31,1884.8,retail
TXN-000002896,CUST-00245,PROD-0038,SITE-003,2024-12-29T23:40:16Z,1,369.08,field-sales
TXN-000002897,CUST-00290,PROD-0059,SITE-001,2025-05-21T05:50:04Z,14,3519.6,retail
TXN-000002898,CUST-00680,PROD-0047,SITE-009,2025-09-20T19:43:23Z,7,1960.63,field-sales
TXN-000002899,CUST-00642,PROD-0048,SITE-010,2025-11-16T03:36:18Z,13,4355.13,field-sales
TXN-000002900,CUST-00492,PROD-0098,SITE-007,2025-11-29T07:01:39Z,23,7570.22,distributor
TXN-000002901,CUST-00623,PROD-0093,SITE-002,2025-10-22T21:43:28Z,27,4055.94,distributor
TXN-000002902,CUST-00193,PROD-0010,SITE-011,2025-07-05T21:09:50Z,7,1962.31,field-sales
TXN-000002903,CUST-00520,PROD-0118,SITE-008,2025-02-26T00:43:17Z,35,8219.4,field-sales
TXN-000002904,CUST-00660,PROD-0004,SITE-007,2025-10-21T09:34:14Z,16,3655.68,field-sales
TXN-000002905,CUST-00581,PROD-0051,SITE-006,2025-02-20T04:23:13Z,23,7141.5,field-sales
TXN-000002906,CUST-00546,PROD-0109,SITE-007,2026-07-20T20:38:54Z,26,1691.82,distributor
TXN-000002907,CUST-00173,PROD-0073,SITE-006,2026-02-10T21:24:54Z,26,1568.84,distributor
TXN-000002908,CUST-00273,PROD-0113,SITE-003,2024-09-14T03:45:03Z,36,3637.8,field-sales
TXN-000002909,CUST-00312,PROD-0020,SITE-007,2026-04-20T01:16:36Z,12,2862.36,online
TXN-000002910,CUST-00450,PROD-0109,SITE-012,2025-03-25T22:25:03Z,6,189.84,distributor
TXN-000002911,CUST-00579,PROD-0096,SITE-004,2025-04-20T17:35:01Z,19,6035.73,retail
TXN-000002912,CUST-00263,PROD-0075,SITE-004,2025-10-29T08:01:14Z,11,1292.39,field-sales
TXN-000002913,CUST-00531,PROD-0032,SITE-004,2025-12-20T15:10:48Z,17,675.07,distributor
TXN-000002914,CUST-00107,PROD-0040,SITE-007,2026-05-03T03:01:06Z,36,7804.8,field-sales
TXN-000002915,CUST-00203,PROD-0095,SITE-008,2025-03-03T00:58:27Z,18,5439.96,retail
TXN-000002916,CUST-00161,PROD-0112,SITE-013,2024-09-15T23:00:23Z,6,121.62,retail
TXN-000002917,CUST-00532,PROD-0033,SITE-001,2025-12-31T06:48:31Z,22,660.44,retail
TXN-000002918,CUST-00527,PROD-0001,SITE-001,2025-04-18T01:16:03Z,19,7027.15,retail
TXN-000002919,CUST-00610,PROD-0091,SITE-014,2025-05-08T11:39:39Z,35,386.4,retail
TXN-000002920,CUST-00248,PROD-0032,SITE-005,2025-01-10T16:26:27Z,13,2071.29,online
TXN-000002921,CUST-00105,PROD-0085,SITE-014,2024-09-09T08:58:36Z,16,2493.12,retail
TXN-000002922,CUST-00262,PROD-0116,SITE-008,2026-06-20T22:10:28Z,37,12953.33,field-sales
TXN-000002923,CUST-00545,PROD-0082,SITE-008,2025-08-30T04:18:47Z,5,756.2,online
TXN-000002924,CUST-00492,PROD-0099,SITE-003,2025-04-09T01:28:24Z,4,153.76,distributor
TXN-000002925,CUST-00481,PROD-0068,SITE-003,2025-11-05T21:47:32Z,18,5839.56,distributor
TXN-000002926,CUST-00771,PROD-0052,SITE-008,2025-12-30T10:15:32Z,40,6938,retail
TXN-000002927,CUST-00751,PROD-0111,SITE-008,2025-09-10T13:31:35Z,40,15082.4,online
TXN-000002928,CUST-00393,PROD-0013,SITE-009,2025-05-23T08:08:59Z,25,9751.5,distributor
TXN-000002929,CUST-00172,PROD-0002,SITE-012,2025-09-21T14:30:13Z,23,920,field-sales
TXN-000002930,CUST-00720,PROD-0047,SITE-008,2025-03-06T05:25:43Z,34,7480.34,distributor
TXN-000002931,CUST-00375,PROD-0035,SITE-014,2025-09-22T10:07:04Z,27,9104.94,field-sales
TXN-000002932,CUST-00060,PROD-0072,SITE-012,2026-05-20T12:53:27Z,29,2496.03,distributor
TXN-000002933,CUST-00628,PROD-0086,SITE-004,2024-11-09T19:05:14Z,31,5910.15,distributor
TXN-000002934,CUST-00116,PROD-0039,SITE-013,2024-07-07T09:07:27Z,11,790.9,online
TXN-000002935,CUST-00365,PROD-0005,SITE-009,2025-04-01T18:01:52Z,13,3037.84,field-sales
TXN-000002936,CUST-00510,PROD-0062,SITE-010,2026-01-31T21:43:02Z,19,5906.15,retail
TXN-000002937,CUST-00404,PROD-0026,SITE-014,2024-10-26T16:32:32Z,1,321.59,field-sales
TXN-000002938,CUST-00131,PROD-0011,SITE-009,2024-09-23T21:09:19Z,14,1196.3,field-sales
TXN-000002939,CUST-00563,PROD-0025,SITE-003,2026-05-19T15:55:47Z,11,2970.33,retail
TXN-000002940,CUST-00107,PROD-0064,SITE-011,2025-05-22T23:36:49Z,29,9636.7,online
TXN-000002941,CUST-00579,PROD-0101,SITE-015,2026-03-10T08:14:50Z,40,8877.6,field-sales
TXN-000002942,CUST-00045,PROD-0029,SITE-008,2025-07-29T19:49:55Z,34,5456.66,retail
TXN-000002943,CUST-00404,PROD-0093,SITE-014,2025-07-12T10:06:25Z,20,3775.6,online
TXN-000002944,CUST-00715,PROD-0010,SITE-007,2025-12-31T23:34:43Z,34,13414.7,field-sales
TXN-000002945,CUST-00033,PROD-0068,SITE-007,2024-11-05T03:57:02Z,13,2842.45,distributor
TXN-000002946,CUST-00675,PROD-0067,SITE-015,2025-09-23T09:14:07Z,14,1803.48,retail
TXN-000002947,CUST-00130,PROD-0054,SITE-011,2024-11-07T09:07:59Z,40,10416.8,online
TXN-000002948,CUST-00523,PROD-0026,SITE-014,2025-04-01T05:15:36Z,5,1990.95,distributor
TXN-000002949,CUST-00414,PROD-0052,SITE-006,2026-05-24T10:55:33Z,15,5013.6,field-sales
TXN-000002950,CUST-00281,PROD-0091,SITE-015,2025-12-23T07:40:05Z,31,9118.65,field-sales
TXN-000002951,CUST-00444,PROD-0063,SITE-006,2026-07-17T07:44:13Z,7,346.36,online
TXN-000002952,CUST-00032,PROD-0094,SITE-013,2026-07-10T13:28:23Z,23,6143.3,retail
TXN-000002953,CUST-00158,PROD-0083,SITE-013,2026-06-06T12:31:45Z,20,5600.8,online
TXN-000002954,CUST-00787,PROD-0037,SITE-012,2024-09-05T07:25:07Z,40,1662.8,retail
TXN-000002955,CUST-00554,PROD-0069,SITE-004,2025-08-30T08:54:08Z,2,295.64,field-sales
TXN-000002956,CUST-00316,PROD-0083,SITE-013,2026-04-10T06:04:22Z,13,3521.31,distributor
TXN-000002957,CUST-00643,PROD-0102,SITE-003,2026-07-18T08:27:26Z,6,1524.84,field-sales
TXN-000002958,CUST-00032,PROD-0022,SITE-002,2025-11-12T12:42:27Z,22,8500.8,distributor
TXN-000002959,CUST-00025,PROD-0075,SITE-014,2025-09-07T06:43:53Z,21,982.59,field-sales
TXN-000002960,CUST-00318,PROD-0001,SITE-012,2026-08-21T17:36:33Z,8,2981.76,field-sales
TXN-000002961,CUST-00182,PROD-0105,SITE-011,2024-12-14T09:01:50Z,16,6280,field-sales
TXN-000002962,CUST-00675,PROD-0093,SITE-014,2026-06-15T18:51:52Z,27,1820.34,distributor
TXN-000002963,CUST-00229,PROD-0020,SITE-004,2025-12-27T00:01:44Z,36,9402.84,retail
TXN-000002964,CUST-00630,PROD-0097,SITE-008,2025-06-21T00:34:47Z,28,2821.84,distributor
TXN-000002965,CUST-00767,PROD-0008,SITE-005,2024-08-26T13:38:17Z,34,9052.84,online
TXN-000002966,CUST-00173,PROD-0086,SITE-005,2024-10-10T03:05:00Z,32,1899.52,distributor
TXN-000002967,CUST-00494,PROD-0103,SITE-003,2025-01-12T16:01:32Z,8,2305.12,retail
TXN-000002968,CUST-00481,PROD-0101,SITE-012,2026-08-19T18:17:17Z,29,5351.95,distributor
TXN-000002969,CUST-00127,PROD-0104,SITE-004,2024-05-13T01:12:42Z,32,3190.72,retail
TXN-000002970,CUST-00484,PROD-0036,SITE-001,2026-06-24T10:16:01Z,12,456.36,field-sales
TXN-000002971,CUST-00407,PROD-0052,SITE-012,2026-06-07T02:57:56Z,11,322.85,online
TXN-000002972,CUST-00683,PROD-0061,SITE-014,2025-09-11T01:32:03Z,7,83.79,field-sales
TXN-000002973,CUST-00089,PROD-0053,SITE-011,2024-07-12T11:30:40Z,15,2755.95,distributor
TXN-000002974,CUST-00764,PROD-0082,SITE-011,2026-08-26T12:19:56Z,35,11511.85,field-sales
TXN-000002975,CUST-00400,PROD-0097,SITE-003,2026-01-23T05:25:20Z,1,173.42,field-sales
TXN-000002976,CUST-00770,PROD-0114,SITE-011,2026-04-20T20:21:47Z,33,4573.47,retail
TXN-000002977,CUST-00765,PROD-0043,SITE-015,2025-06-24T05:50:10Z,8,1975.52,distributor
TXN-000002978,CUST-00190,PROD-0057,SITE-012,2025-09-14T07:20:22Z,12,378.24,field-sales
TXN-000002979,CUST-00699,PROD-0103,SITE-002,2026-04-11T15:56:55Z,5,487.1,online
TXN-000002980,CUST-00050,PROD-0048,SITE-011,2025-06-16T16:18:20Z,21,3612,online
TXN-000002981,CUST-00454,PROD-0102,SITE-004,2024-05-29T01:25:10Z,13,3006.12,field-sales
TXN-000002982,CUST-00521,PROD-0105,SITE-003,2026-05-05T22:34:36Z,28,7187.88,retail
TXN-000002983,CUST-00139,PROD-0105,SITE-008,2026-05-25T05:27:24Z,24,1053.84,retail
TXN-000002984,CUST-00583,PROD-0076,SITE-014,2026-07-18T12:35:31Z,40,7049.2,retail
TXN-000002985,CUST-00151,PROD-0076,SITE-001,2025-04-14T04:28:37Z,22,6816.92,retail
TXN-000002986,CUST-00187,PROD-0076,SITE-004,2026-01-30T08:50:27Z,28,9858.24,field-sales
TXN-000002987,CUST-00678,PROD-0099,SITE-013,2025-08-14T10:04:10Z,35,5094.25,field-sales
TXN-000002988,CUST-00143,PROD-0046,SITE-008,2025-06-02T16:06:40Z,4,192.64,retail
TXN-000002989,CUST-00358,PROD-0105,SITE-005,2025-10-16T01:59:58Z,20,3782.4,field-sales
TXN-000002990,CUST-00556,PROD-0056,SITE-006,2026-01-09T22:09:04Z,9,3016.35,distributor
TXN-000002991,CUST-00005,PROD-0006,SITE-006,2026-02-08T00:02:21Z,15,569.4,retail
TXN-000002992,CUST-00478,PROD-0090,SITE-006,2024-04-23T22:48:24Z,25,1291.75,field-sales
TXN-000002993,CUST-00706,PROD-0089,SITE-007,2026-03-03T04:50:24Z,25,7342,field-sales
TXN-000002994,CUST-00101,PROD-0104,SITE-009,2024-03-30T17:48:01Z,9,2185.74,retail
TXN-000002995,CUST-00254,PROD-0071,SITE-009,2025-07-29T22:33:23Z,15,1864.05,field-sales
TXN-000002996,CUST-00217,PROD-0011,SITE-011,2026-03-01T11:45:27Z,15,1139.25,retail
TXN-000002997,CUST-00469,PROD-0026,SITE-002,2025-09-03T04:52:12Z,14,4782.82,distributor
TXN-000002998,CUST-00748,PROD-0045,SITE-004,2024-05-06T18:45:28Z,14,1200.22,online
TXN-000002999,CUST-00039,PROD-0089,SITE-008,2024-10-24T17:36:10Z,16,4309.76,retail
TXN-000003000,CUST-00164,PROD-0021,SITE-007,2025-10-16T13:14:22Z,8,1851.68,field-sales
TXN-000003001,CUST-00680,PROD-0073,SITE-001,2026-02-25T14:03:31Z,32,8892.48,online
TXN-000003002,CUST-00634,PROD-0112,SITE-008,2024-09-03T14:37:22Z,31,8416.5,field-sales
TXN-000003003,CUST-00117,PROD-0108,SITE-013,2025-02-07T20:42:42Z,40,15246.4,field-sales
TXN-000003004,CUST-00233,PROD-0039,SITE-009,2025-01-14T22:38:10Z,5,440.25,distributor
TXN-000003005,CUST-00798,PROD-0093,SITE-002,2025-06-08T22:14:29Z,23,4104.58,distributor
TXN-000003006,CUST-00533,PROD-0056,SITE-014,2025-11-10T07:27:03Z,27,4535.73,retail
TXN-000003007,CUST-00473,PROD-0104,SITE-010,2026-06-03T09:12:16Z,37,8951.78,online
TXN-000003008,CUST-00254,PROD-0049,SITE-009,2026-06-17T17:36:29Z,29,1588.04,online
TXN-000003009,CUST-00702,PROD-0100,SITE-003,2026-08-22T09:06:05Z,39,12878.19,distributor
TXN-000003010,CUST-00670,PROD-0040,SITE-001,2026-01-15T11:22:04Z,18,5323.68,field-sales
TXN-000003011,CUST-00640,PROD-0033,SITE-015,2026-05-15T21:54:19Z,23,190.9,distributor
TXN-000003012,CUST-00259,PROD-0081,SITE-003,2026-06-30T01:37:15Z,20,5534.8,online
TXN-000003013,CUST-00121,PROD-0048,SITE-006,2025-05-28T17:34:25Z,11,4335.76,distributor
TXN-000003014,CUST-00678,PROD-0033,SITE-004,2025-04-28T23:07:52Z,30,2020.8,field-sales
TXN-000003015,CUST-00417,PROD-0087,SITE-015,2024-04-24T01:17:33Z,1,52.86,field-sales
TXN-000003016,CUST-00180,PROD-0047,SITE-013,2025-06-10T21:59:32Z,33,10154.43,field-sales
TXN-000003017,CUST-00691,PROD-0086,SITE-003,2025-07-14T15:02:01Z,3,188.16,retail
TXN-000003018,CUST-00032,PROD-0021,SITE-014,2025-06-03T09:42:29Z,33,2641.65,field-sales
TXN-000003019,CUST-00116,PROD-0096,SITE-002,2024-08-07T07:07:50Z,8,163.2,distributor
TXN-000003020,CUST-00292,PROD-0056,SITE-011,2025-11-02T14:15:04Z,22,4555.32,field-sales
TXN-000003021,CUST-00697,PROD-0026,SITE-012,2024-07-18T23:58:40Z,38,2730.68,online
TXN-000003022,CUST-00314,PROD-0001,SITE-005,2025-06-28T11:33:34Z,17,1603.1,retail
TXN-000003023,CUST-00674,PROD-0027,SITE-014,2026-04-23T03:17:00Z,13,996.19,retail
TXN-000003024,CUST-00396,PROD-0027,SITE-007,2024-06-29T08:04:16Z,13,763.88,distributor
TXN-000003025,CUST-00620,PROD-0037,SITE-008,2026-05-18T14:12:56Z,28,8255.52,retail
TXN-000003026,CUST-00025,PROD-0050,SITE-015,2024-08-30T02:35:31Z,24,2914.56,online
TXN-000003027,CUST-00077,PROD-0007,SITE-014,2025-09-17T18:03:12Z,39,8498.49,retail
TXN-000003028,CUST-00749,PROD-0038,SITE-002,2026-01-24T17:37:00Z,26,1245.4,field-sales
TXN-000003029,CUST-00340,PROD-0089,SITE-010,2025-06-14T08:32:27Z,13,3816.28,online
TXN-000003030,CUST-00134,PROD-0120,SITE-003,2026-08-07T22:41:13Z,12,805.44,retail
TXN-000003031,CUST-00031,PROD-0110,SITE-004,2025-10-15T01:31:25Z,31,9821.42,online
TXN-000003032,CUST-00460,PROD-0065,SITE-015,2024-07-10T18:19:38Z,14,4376.54,distributor
TXN-000003033,CUST-00357,PROD-0088,SITE-005,2026-06-05T23:53:51Z,14,3021.9,online
TXN-000003034,CUST-00756,PROD-0099,SITE-008,2026-05-02T23:03:16Z,30,11895,retail
TXN-000003035,CUST-00288,PROD-0059,SITE-014,2024-04-21T22:08:41Z,21,8301.51,online
TXN-000003036,CUST-00253,PROD-0014,SITE-001,2025-10-08T04:31:15Z,17,6276.4,retail
TXN-000003037,CUST-00221,PROD-0023,SITE-007,2025-03-10T09:13:00Z,9,2122.29,field-sales
TXN-000003038,CUST-00457,PROD-0072,SITE-014,2024-10-22T08:14:36Z,35,11873.05,distributor
TXN-000003039,CUST-00487,PROD-0004,SITE-010,2026-08-09T22:51:25Z,12,817.08,retail
TXN-000003040,CUST-00204,PROD-0079,SITE-010,2025-07-09T19:48:12Z,21,6873.51,retail
TXN-000003041,CUST-00420,PROD-0098,SITE-004,2026-07-02T17:46:33Z,15,1618.65,field-sales
TXN-000003042,CUST-00673,PROD-0055,SITE-015,2024-03-31T13:13:20Z,36,12627,field-sales
TXN-000003043,CUST-00221,PROD-0102,SITE-013,2025-04-22T08:15:36Z,15,3667.05,online
TXN-000003044,CUST-00658,PROD-0061,SITE-011,2025-03-24T08:21:12Z,25,6909.5,retail
TXN-000003045,CUST-00501,PROD-0005,SITE-008,2026-04-02T23:10:44Z,13,3776.89,field-sales
TXN-000003046,CUST-00461,PROD-0076,SITE-002,2025-08-29T05:30:13Z,40,6904.8,field-sales
TXN-000003047,CUST-00523,PROD-0032,SITE-010,2025-02-09T01:21:11Z,28,9402.96,online
TXN-000003048,CUST-00160,PROD-0069,SITE-004,2024-11-07T22:31:38Z,36,7866.72,field-sales
TXN-000003049,CUST-00710,PROD-0091,SITE-005,2025-02-04T19:52:37Z,34,9609.76,distributor
TXN-000003050,CUST-00759,PROD-0072,SITE-015,2025-06-05T15:30:39Z,1,125.08,field-sales
TXN-000003051,CUST-00748,PROD-0065,SITE-013,2025-10-30T04:46:23Z,35,11648.7,field-sales
TXN-000003052,CUST-00578,PROD-0076,SITE-002,2025-08-03T05:46:03Z,24,6023.04,field-sales
TXN-000003053,CUST-00401,PROD-0049,SITE-012,2024-12-14T07:51:36Z,5,1269.4,field-sales
TXN-000003054,CUST-00430,PROD-0033,SITE-007,2026-06-27T23:13:36Z,2,422.7,online
TXN-000003055,CUST-00740,PROD-0038,SITE-003,2026-02-23T22:26:41Z,11,3762.66,online
TXN-000003056,CUST-00774,PROD-0084,SITE-003,2025-05-18T12:15:44Z,24,5694.48,distributor
TXN-000003057,CUST-00307,PROD-0010,SITE-015,2026-03-30T02:28:33Z,22,6614.74,distributor
TXN-000003058,CUST-00348,PROD-0089,SITE-007,2026-04-10T01:40:26Z,32,12548.8,retail
TXN-000003059,CUST-00583,PROD-0102,SITE-008,2026-04-18T09:50:48Z,19,7004.73,field-sales
TXN-000003060,CUST-00107,PROD-0025,SITE-006,2025-10-09T12:54:50Z,5,647.45,distributor
TXN-000003061,CUST-00659,PROD-0057,SITE-011,2025-12-26T21:06:53Z,25,2898,field-sales
TXN-000003062,CUST-00622,PROD-0003,SITE-005,2024-10-30T07:50:55Z,3,173.94,distributor
TXN-000003063,CUST-00642,PROD-0019,SITE-015,2025-11-07T02:45:15Z,22,4371.62,field-sales
TXN-000003064,CUST-00274,PROD-0039,SITE-003,2026-08-28T05:32:16Z,17,5496.44,online
TXN-000003065,CUST-00529,PROD-0033,SITE-011,2024-10-20T19:22:06Z,34,9611.46,retail
TXN-000003066,CUST-00158,PROD-0073,SITE-006,2026-07-03T23:47:24Z,4,1370.32,retail
TXN-000003067,CUST-00290,PROD-0020,SITE-008,2025-05-15T14:10:40Z,6,1882.86,retail
TXN-000003068,CUST-00324,PROD-0085,SITE-006,2025-12-19T00:33:22Z,17,4743.34,online
TXN-000003069,CUST-00603,PROD-0017,SITE-007,2026-08-08T23:31:02Z,39,3500.25,retail
TXN-000003070,CUST-00667,PROD-0087,SITE-015,2025-08-20T02:21:10Z,40,746.4,field-sales
TXN-000003071,CUST-00361,PROD-0077,SITE-009,2025-05-19T05:41:59Z,26,7830.16,online
TXN-000003072,CUST-00219,PROD-0067,SITE-003,2025-03-18T06:01:54Z,11,2024,online
TXN-000003073,CUST-00091,PROD-0095,SITE-005,2025-04-13T04:28:24Z,37,1098.53,field-sales
TXN-000003074,CUST-00103,PROD-0073,SITE-010,2025-08-29T11:13:32Z,13,3569.67,online
TXN-000003075,CUST-00616,PROD-0080,SITE-003,2025-08-21T01:06:40Z,17,1359.83,online
TXN-000003076,CUST-00558,PROD-0001,SITE-005,2025-09-12T17:16:44Z,6,2341.8,field-sales
TXN-000003077,CUST-00424,PROD-0002,SITE-015,2024-10-10T13:27:09Z,31,9990.68,online
TXN-000003078,CUST-00688,PROD-0052,SITE-001,2025-09-09T19:06:24Z,6,2095.92,retail
TXN-000003079,CUST-00253,PROD-0048,SITE-003,2026-07-04T07:29:14Z,37,11413.76,field-sales
TXN-000003080,CUST-00024,PROD-0107,SITE-006,2025-12-03T16:27:13Z,35,4711,online
TXN-000003081,CUST-00509,PROD-0032,SITE-015,2026-08-15T18:41:11Z,22,3324.64,retail
TXN-000003082,CUST-00349,PROD-0073,SITE-015,2025-05-18T17:55:38Z,22,1053.8,field-sales
TXN-000003083,CUST-00372,PROD-0002,SITE-001,2025-07-13T05:04:39Z,9,831.78,field-sales
TXN-000003084,CUST-00208,PROD-0088,SITE-002,2025-11-20T20:36:36Z,19,4229.59,distributor
TXN-000003085,CUST-00404,PROD-0078,SITE-006,2025-03-23T18:30:01Z,3,97.08,online
TXN-000003086,CUST-00436,PROD-0046,SITE-008,2026-07-05T02:36:35Z,6,2212.44,online
TXN-000003087,CUST-00292,PROD-0035,SITE-007,2025-04-24T03:51:40Z,13,4778.8,field-sales
TXN-000003088,CUST-00308,PROD-0053,SITE-008,2026-07-01T05:34:31Z,40,6167.6,field-sales
TXN-000003089,CUST-00142,PROD-0030,SITE-010,2025-01-23T15:02:45Z,6,2237.76,retail
TXN-000003090,CUST-00295,PROD-0051,SITE-001,2026-03-18T01:05:23Z,19,1034.36,retail
TXN-000003091,CUST-00206,PROD-0031,SITE-015,2026-06-12T22:30:48Z,34,11251.28,retail
TXN-000003092,CUST-00688,PROD-0067,SITE-012,2025-05-12T21:47:12Z,2,436.06,distributor
TXN-000003093,CUST-00383,PROD-0005,SITE-003,2026-02-02T23:47:16Z,4,695.96,retail
TXN-000003094,CUST-00012,PROD-0118,SITE-006,2025-07-03T15:10:32Z,5,261.25,retail
TXN-000003095,CUST-00335,PROD-0056,SITE-006,2025-10-27T15:58:55Z,30,5537.1,online
TXN-000003096,CUST-00022,PROD-0016,SITE-008,2026-01-29T11:42:57Z,20,7931.8,retail
TXN-000003097,CUST-00619,PROD-0021,SITE-013,2025-04-30T15:51:08Z,40,11262.8,retail
TXN-000003098,CUST-00103,PROD-0094,SITE-006,2025-02-11T19:58:28Z,19,7109.23,retail
TXN-000003099,CUST-00100,PROD-0112,SITE-014,2024-07-26T14:26:41Z,20,2610.4,retail
TXN-000003100,CUST-00552,PROD-0015,SITE-013,2024-07-11T09:46:42Z,12,2725.92,distributor
TXN-000003101,CUST-00747,PROD-0069,SITE-007,2026-08-11T02:16:33Z,27,9491.85,retail
TXN-000003102,CUST-00042,PROD-0022,SITE-011,2025-03-20T02:55:20Z,14,4011.84,retail
TXN-000003103,CUST-00724,PROD-0102,SITE-014,2026-01-08T21:31:08Z,17,6358.85,distributor
TXN-000003104,CUST-00526,PROD-0083,SITE-010,2026-06-16T18:19:21Z,27,1268.73,retail
TXN-000003105,CUST-00630,PROD-0034,SITE-011,2026-07-17T22:37:07Z,39,3595.41,online
TXN-000003106,CUST-00087,PROD-0097,SITE-015,2024-12-11T19:16:09Z,25,7793,online
TXN-000003107,CUST-00544,PROD-0080,SITE-001,2025-10-20T17:51:08Z,28,3445.12,retail
TXN-000003108,CUST-00555,PROD-0095,SITE-001,2025-12-26T21:29:27Z,12,2230.56,field-sales
TXN-000003109,CUST-00477,PROD-0105,SITE-005,2026-01-31T10:42:09Z,6,2056.56,field-sales
TXN-000003110,CUST-00022,PROD-0035,SITE-007,2025-10-13T19:38:34Z,8,2242.24,online
TXN-000003111,CUST-00758,PROD-0041,SITE-011,2025-11-06T09:38:18Z,11,368.72,field-sales
TXN-000003112,CUST-00575,PROD-0072,SITE-007,2025-12-28T22:55:08Z,13,1566.11,distributor
TXN-000003113,CUST-00471,PROD-0078,SITE-005,2026-07-22T00:50:32Z,25,6611.5,online
TXN-000003114,CUST-00497,PROD-0095,SITE-010,2026-06-10T14:29:18Z,5,1945.65,field-sales
TXN-000003115,CUST-00216,PROD-0079,SITE-012,2025-09-17T14:18:53Z,27,5966.19,retail
TXN-000003116,CUST-00691,PROD-0101,SITE-013,2026-06-07T11:53:07Z,1,72.17,online
TXN-000003117,CUST-00189,PROD-0072,SITE-014,2025-02-25T23:40:18Z,25,600,online
TXN-000003118,CUST-00691,PROD-0082,SITE-011,2025-07-16T19:24:38Z,20,4985.8,distributor
TXN-000003119,CUST-00053,PROD-0085,SITE-003,2026-08-21T21:47:30Z,27,2693.52,online
TXN-000003120,CUST-00134,PROD-0002,SITE-003,2024-07-24T18:53:15Z,12,3519,field-sales
TXN-000003121,CUST-00129,PROD-0069,SITE-009,2026-05-11T06:39:37Z,31,7540.75,online
TXN-000003122,CUST-00106,PROD-0098,SITE-001,2025-01-12T02:42:52Z,35,9559.9,distributor
TXN-000003123,CUST-00465,PROD-0002,SITE-013,2025-11-21T16:02:00Z,3,227.52,retail
TXN-000003124,CUST-00763,PROD-0052,SITE-005,2025-02-25T01:22:40Z,22,7443.04,retail
TXN-000003125,CUST-00548,PROD-0040,SITE-004,2025-06-16T02:44:17Z,10,1154.5,retail
TXN-000003126,CUST-00396,PROD-0015,SITE-008,2026-08-02T05:30:26Z,19,6313.13,distributor
TXN-000003127,CUST-00651,PROD-0083,SITE-004,2025-12-07T15:12:14Z,32,8025.6,retail
TXN-000003128,CUST-00584,PROD-0025,SITE-006,2026-08-27T16:25:26Z,21,8017.59,distributor
TXN-000003129,CUST-00751,PROD-0047,SITE-004,2025-01-28T14:55:34Z,25,8082.75,retail
TXN-000003130,CUST-00680,PROD-0075,SITE-006,2025-09-24T14:10:55Z,30,9510.3,retail
TXN-000003131,CUST-00089,PROD-0092,SITE-001,2024-09-30T22:54:29Z,18,3377.7,retail
TXN-000003132,CUST-00187,PROD-0091,SITE-005,2025-06-30T20:17:08Z,35,3337.6,distributor
TXN-000003133,CUST-00367,PROD-0018,SITE-012,2025-12-07T21:31:31Z,16,3183.36,retail
TXN-000003134,CUST-00279,PROD-0115,SITE-003,2025-12-28T16:08:42Z,17,3109.47,online
TXN-000003135,CUST-00108,PROD-0080,SITE-005,2025-06-10T07:25:35Z,34,6199.9,field-sales
TXN-000003136,CUST-00596,PROD-0038,SITE-014,2026-03-08T05:41:10Z,10,2730.5,field-sales
TXN-000003137,CUST-00097,PROD-0073,SITE-013,2025-02-25T10:57:29Z,17,6044.69,distributor
TXN-000003138,CUST-00483,PROD-0080,SITE-003,2024-11-17T08:05:36Z,16,4207.04,retail
TXN-000003139,CUST-00740,PROD-0004,SITE-010,2025-11-14T06:41:11Z,12,4705.44,field-sales
TXN-000003140,CUST-00662,PROD-0018,SITE-006,2025-01-15T13:01:05Z,7,1121.96,online
TXN-000003141,CUST-00180,PROD-0089,SITE-010,2025-08-14T00:52:19Z,15,5722.65,distributor
TXN-000003142,CUST-00426,PROD-0059,SITE-009,2025-12-07T10:00:12Z,17,612.85,distributor
TXN-000003143,CUST-00443,PROD-0105,SITE-002,2025-10-18T00:59:42Z,16,3901.76,online
TXN-000003144,CUST-00560,PROD-0020,SITE-006,2026-07-15T23:42:38Z,6,2157.3,distributor
TXN-000003145,CUST-00448,PROD-0082,SITE-012,2024-09-25T01:21:04Z,11,2063.05,online
TXN-000003146,CUST-00728,PROD-0055,SITE-003,2026-06-29T20:22:30Z,30,8255.7,field-sales
TXN-000003147,CUST-00438,PROD-0067,SITE-013,2024-04-04T20:20:21Z,13,4443.92,retail
TXN-000003148,CUST-00566,PROD-0014,SITE-006,2024-03-29T06:02:47Z,31,4952.25,online
TXN-000003149,CUST-00216,PROD-0058,SITE-002,2025-01-28T15:35:11Z,21,6761.16,online
TXN-000003150,CUST-00170,PROD-0059,SITE-011,2024-12-15T16:00:00Z,14,244.44,distributor
TXN-000003151,CUST-00585,PROD-0038,SITE-008,2025-10-26T18:01:36Z,4,1090.16,field-sales
TXN-000003152,CUST-00511,PROD-0022,SITE-014,2026-04-28T22:05:16Z,19,2194.31,retail
TXN-000003153,CUST-00429,PROD-0078,SITE-011,2025-02-25T02:17:27Z,30,2595.3,distributor
TXN-000003154,CUST-00293,PROD-0038,SITE-008,2025-06-03T22:53:57Z,5,745.35,online
TXN-000003155,CUST-00462,PROD-0024,SITE-002,2026-08-21T01:23:13Z,25,8764.25,online
TXN-000003156,CUST-00284,PROD-0053,SITE-013,2026-05-30T04:39:59Z,8,1868.72,online
TXN-000003157,CUST-00325,PROD-0032,SITE-009,2026-06-14T03:21:09Z,5,41,online
TXN-000003158,CUST-00596,PROD-0018,SITE-008,2024-08-30T17:04:12Z,20,2262.4,distributor
TXN-000003159,CUST-00571,PROD-0010,SITE-012,2025-08-18T18:47:49Z,26,8198.32,distributor
TXN-000003160,CUST-00230,PROD-0112,SITE-006,2026-03-17T04:08:08Z,19,5708.93,retail
TXN-000003161,CUST-00038,PROD-0108,SITE-012,2026-07-03T19:49:59Z,14,3930.78,online
TXN-000003162,CUST-00452,PROD-0007,SITE-011,2026-01-31T22:48:53Z,24,1383.12,distributor
TXN-000003163,CUST-00539,PROD-0012,SITE-012,2025-08-24T01:02:03Z,15,4703.4,distributor
TXN-000003164,CUST-00250,PROD-0035,SITE-012,2025-09-23T00:47:18Z,32,3442.88,online
TXN-000003165,CUST-00767,PROD-0115,SITE-008,2025-12-16T11:21:11Z,6,844.38,online
TXN-000003166,CUST-00372,PROD-0018,SITE-003,2024-12-02T09:49:20Z,8,610,online
TXN-000003167,CUST-00508,PROD-0036,SITE-009,2025-05-11T00:24:31Z,1,20.69,field-sales
TXN-000003168,CUST-00747,PROD-0038,SITE-012,2026-06-14T00:28:52Z,26,7164.04,retail
TXN-000003169,CUST-00445,PROD-0109,SITE-004,2025-09-24T21:40:00Z,20,3364,online
TXN-000003170,CUST-00379,PROD-0080,SITE-011,2026-06-28T00:35:23Z,15,5541.6,online
TXN-000003171,CUST-00087,PROD-0001,SITE-008,2026-01-11T13:26:44Z,10,1783.8,distributor
TXN-000003172,CUST-00111,PROD-0086,SITE-001,2026-03-25T06:33:47Z,29,3043.26,field-sales
TXN-000003173,CUST-00100,PROD-0120,SITE-010,2025-09-02T19:02:35Z,26,1147.9,online
TXN-000003174,CUST-00743,PROD-0094,SITE-001,2026-07-14T12:15:01Z,35,6792.8,online
TXN-000003175,CUST-00431,PROD-0035,SITE-002,2024-05-28T10:27:05Z,10,1874.6,online
TXN-000003176,CUST-00538,PROD-0113,SITE-005,2025-03-31T23:32:36Z,23,3857.56,retail
TXN-000003177,CUST-00023,PROD-0064,SITE-006,2026-05-09T21:37:24Z,37,13425.08,online
TXN-000003178,CUST-00502,PROD-0053,SITE-014,2025-12-07T01:28:44Z,7,2767.17,distributor
TXN-000003179,CUST-00145,PROD-0051,SITE-006,2025-05-06T01:32:08Z,22,3955.16,distributor
TXN-000003180,CUST-00478,PROD-0076,SITE-014,2026-07-10T04:43:02Z,2,527.36,field-sales
TXN-000003181,CUST-00345,PROD-0047,SITE-008,2024-11-30T09:56:23Z,20,7330.4,retail
TXN-000003182,CUST-00198,PROD-0033,SITE-004,2026-08-30T03:09:47Z,15,4033.5,online
TXN-000003183,CUST-00711,PROD-0116,SITE-013,2026-03-30T09:03:07Z,15,3758.85,field-sales
TXN-000003184,CUST-00311,PROD-0083,SITE-007,2025-04-05T11:02:15Z,19,6863.18,retail
TXN-000003185,CUST-00287,PROD-0048,SITE-008,2026-02-24T01:50:10Z,9,3084.57,online
TXN-000003186,CUST-00391,PROD-0032,SITE-010,2025-12-29T03:48:15Z,29,6885.47,online
TXN-000003187,CUST-00305,PROD-0059,SITE-010,2025-07-03T19:48:25Z,37,13083.94,distributor
TXN-000003188,CUST-00722,PROD-0035,SITE-005,2026-03-03T20:16:41Z,10,2121.7,online
TXN-000003189,CUST-00598,PROD-0047,SITE-012,2025-02-24T15:55:33Z,28,5241.88,online
TXN-000003190,CUST-00716,PROD-0068,SITE-011,2025-09-15T03:33:31Z,14,3190.6,distributor
TXN-000003191,CUST-00135,PROD-0099,SITE-001,2025-12-22T11:54:58Z,32,7699.84,retail
TXN-000003192,CUST-00312,PROD-0074,SITE-014,2026-04-20T22:13:07Z,24,7665.36,field-sales
TXN-000003193,CUST-00601,PROD-0110,SITE-012,2025-02-08T05:44:48Z,10,438.6,retail
TXN-000003194,CUST-00237,PROD-0097,SITE-014,2025-04-16T11:27:22Z,37,10693.74,online
TXN-000003195,CUST-00350,PROD-0118,SITE-015,2024-09-06T14:38:39Z,7,1382.85,retail
TXN-000003196,CUST-00244,PROD-0082,SITE-013,2025-01-30T15:35:21Z,1,205.39,distributor
TXN-000003197,CUST-00434,PROD-0107,SITE-014,2025-11-20T18:54:56Z,25,4279.25,online
TXN-000003198,CUST-00231,PROD-0069,SITE-014,2025-04-15T11:56:44Z,39,5245.89,distributor
TXN-000003199,CUST-00109,PROD-0101,SITE-010,2026-01-30T07:49:41Z,38,5939.4,online
TXN-000003200,CUST-00657,PROD-0023,SITE-004,2024-08-08T04:51:56Z,22,412.94,online
TXN-000003201,CUST-00011,PROD-0045,SITE-003,2025-02-09T02:45:07Z,31,5033.78,distributor
TXN-000003202,CUST-00021,PROD-0095,SITE-002,2025-02-25T06:14:11Z,14,3442.6,distributor
TXN-000003203,CUST-00767,PROD-0054,SITE-015,2025-12-06T04:44:02Z,4,824.2,field-sales
TXN-000003204,CUST-00081,PROD-0067,SITE-002,2024-08-04T10:43:06Z,34,9760.72,distributor
TXN-000003205,CUST-00594,PROD-0089,SITE-003,2025-10-29T05:52:47Z,25,5831.75,distributor
TXN-000003206,CUST-00475,PROD-0031,SITE-009,2024-10-10T13:39:23Z,5,170.75,retail
TXN-000003207,CUST-00767,PROD-0027,SITE-003,2025-10-23T18:04:35Z,8,1386.4,distributor
TXN-000003208,CUST-00116,PROD-0048,SITE-001,2026-08-09T22:35:49Z,3,1134.99,distributor
TXN-000003209,CUST-00061,PROD-0064,SITE-005,2025-09-20T13:46:48Z,17,5225.8,online
TXN-000003210,CUST-00141,PROD-0043,SITE-014,2025-08-15T15:07:39Z,25,539.25,online
TXN-000003211,CUST-00505,PROD-0038,SITE-007,2026-03-30T12:27:53Z,23,5072.65,retail
TXN-000003212,CUST-00282,PROD-0087,SITE-005,2025-02-16T18:54:04Z,11,3508.12,field-sales
TXN-000003213,CUST-00068,PROD-0012,SITE-005,2026-06-26T04:08:43Z,38,4150.74,retail
TXN-000003214,CUST-00423,PROD-0062,SITE-006,2026-02-18T11:57:55Z,5,718.35,distributor
TXN-000003215,CUST-00562,PROD-0025,SITE-004,2025-09-04T11:12:55Z,34,5475.02,online
TXN-000003216,CUST-00188,PROD-0042,SITE-011,2025-09-30T07:50:05Z,5,1716.2,distributor
TXN-000003217,CUST-00705,PROD-0119,SITE-010,2025-11-27T19:01:51Z,27,1887.3,online
TXN-000003218,CUST-00580,PROD-0104,SITE-011,2026-03-14T22:18:41Z,29,2126.86,distributor
TXN-000003219,CUST-00261,PROD-0104,SITE-014,2026-02-16T07:27:55Z,26,1586.26,online
TXN-000003220,CUST-00380,PROD-0069,SITE-015,2026-05-25T04:34:18Z,11,4015.77,retail
TXN-000003221,CUST-00625,PROD-0107,SITE-002,2026-07-20T05:09:32Z,24,2939.28,field-sales
TXN-000003222,CUST-00088,PROD-0006,SITE-007,2025-12-17T02:49:21Z,17,2433.21,distributor
TXN-000003223,CUST-00300,PROD-0089,SITE-013,2026-05-26T08:57:18Z,21,3318.84,distributor
TXN-000003224,CUST-00429,PROD-0032,SITE-013,2024-06-29T04:32:27Z,12,2932.56,field-sales
TXN-000003225,CUST-00195,PROD-0014,SITE-011,2025-05-24T09:45:24Z,32,2519.36,online
TXN-000003226,CUST-00359,PROD-0093,SITE-002,2026-07-10T08:40:56Z,16,3822.88,online
TXN-000003227,CUST-00242,PROD-0037,SITE-007,2024-08-16T09:28:15Z,4,1262.96,retail
TXN-000003228,CUST-00027,PROD-0055,SITE-013,2025-01-12T19:02:26Z,31,11448.92,online
TXN-000003229,CUST-00172,PROD-0047,SITE-014,2026-04-14T03:06:48Z,14,4590.6,field-sales
TXN-000003230,CUST-00443,PROD-0046,SITE-013,2024-09-02T21:41:41Z,33,5122.92,field-sales
TXN-000003231,CUST-00544,PROD-0004,SITE-008,2025-07-07T07:50:35Z,26,1117.74,retail
TXN-000003232,CUST-00441,PROD-0002,SITE-013,2024-07-02T18:40:28Z,28,10673.6,retail
TXN-000003233,CUST-00604,PROD-0075,SITE-008,2025-12-24T06:14:19Z,38,620.16,distributor
TXN-000003234,CUST-00684,PROD-0041,SITE-015,2026-05-01T10:22:57Z,12,1062.12,distributor
TXN-000003235,CUST-00594,PROD-0013,SITE-006,2026-01-30T03:25:38Z,39,12264.72,retail
TXN-000003236,CUST-00286,PROD-0019,SITE-003,2026-03-22T14:49:30Z,26,1955.98,online
TXN-000003237,CUST-00565,PROD-0020,SITE-001,2026-06-23T07:31:02Z,20,3722.6,distributor
TXN-000003238,CUST-00359,PROD-0100,SITE-015,2024-07-08T10:24:13Z,7,1261.05,online
TXN-000003239,CUST-00024,PROD-0101,SITE-006,2024-08-16T09:26:13Z,21,7022.4,retail
TXN-000003240,CUST-00178,PROD-0112,SITE-001,2024-08-22T18:57:53Z,30,1796.1,retail
TXN-000003241,CUST-00603,PROD-0056,SITE-011,2025-07-07T18:14:33Z,1,317.39,field-sales
TXN-000003242,CUST-00064,PROD-0114,SITE-003,2026-05-02T11:26:25Z,8,907.04,distributor
TXN-000003243,CUST-00198,PROD-0030,SITE-001,2025-05-15T04:44:24Z,29,2302.89,field-sales
TXN-000003244,CUST-00244,PROD-0048,SITE-008,2025-05-21T19:07:16Z,31,10293.86,distributor
TXN-000003245,CUST-00555,PROD-0084,SITE-015,2025-07-07T15:41:09Z,13,3270.8,field-sales
TXN-000003246,CUST-00130,PROD-0011,SITE-008,2026-04-10T21:33:48Z,28,2136.96,retail
TXN-000003247,CUST-00484,PROD-0099,SITE-009,2025-06-12T07:00:48Z,10,2206.5,online
TXN-000003248,CUST-00251,PROD-0010,SITE-004,2025-10-05T17:07:55Z,3,778.11,distributor
TXN-000003249,CUST-00490,PROD-0104,SITE-001,2025-01-14T06:29:49Z,11,486.42,retail
TXN-000003250,CUST-00305,PROD-0050,SITE-002,2026-02-14T18:22:26Z,10,2867.6,distributor
TXN-000003251,CUST-00649,PROD-0003,SITE-011,2025-06-15T13:37:42Z,37,14566.9,retail
TXN-000003252,CUST-00032,PROD-0032,SITE-009,2026-04-15T00:02:57Z,18,815.22,field-sales
TXN-000003253,CUST-00205,PROD-0072,SITE-002,2024-08-24T05:07:03Z,8,653.68,field-sales
TXN-000003254,CUST-00079,PROD-0025,SITE-012,2026-06-01T02:15:12Z,20,6386.4,online
TXN-000003255,CUST-00611,PROD-0004,SITE-015,2024-10-01T16:13:20Z,33,11634.81,field-sales
TXN-000003256,CUST-00115,PROD-0018,SITE-009,2026-07-05T00:29:56Z,11,4277.02,online
TXN-000003257,CUST-00243,PROD-0002,SITE-006,2024-09-25T15:06:54Z,11,774.84,retail
TXN-000003258,CUST-00602,PROD-0084,SITE-006,2026-06-09T16:35:22Z,25,8179.25,field-sales
TXN-000003259,CUST-00654,PROD-0047,SITE-001,2026-04-11T11:26:05Z,17,948.43,field-sales
TXN-000003260,CUST-00258,PROD-0079,SITE-014,2024-12-19T01:22:03Z,26,4759.82,retail
TXN-000003261,CUST-00275,PROD-0120,SITE-004,2024-09-21T22:34:33Z,7,2395.68,online
TXN-000003262,CUST-00137,PROD-0003,SITE-009,2025-04-26T15:28:59Z,15,2963.25,field-sales
TXN-000003263,CUST-00731,PROD-0041,SITE-006,2024-12-29T16:33:55Z,38,15148.32,retail
TXN-000003264,CUST-00683,PROD-0100,SITE-012,2024-03-29T00:50:05Z,25,1344.75,distributor
TXN-000003265,CUST-00577,PROD-0018,SITE-001,2024-11-26T04:04:04Z,37,4804.82,online
TXN-000003266,CUST-00680,PROD-0059,SITE-007,2025-07-10T14:52:24Z,9,1295.64,online
TXN-000003267,CUST-00726,PROD-0071,SITE-007,2026-01-28T21:55:31Z,14,4544.68,retail
TXN-000003268,CUST-00008,PROD-0034,SITE-004,2025-12-06T21:32:11Z,36,1732.32,online
TXN-000003269,CUST-00339,PROD-0115,SITE-013,2026-07-07T22:05:42Z,31,3144.95,distributor
TXN-000003270,CUST-00444,PROD-0092,SITE-013,2025-01-01T22:34:24Z,36,12044.88,field-sales
TXN-000003271,CUST-00420,PROD-0065,SITE-013,2025-07-09T14:24:18Z,27,447.66,field-sales
TXN-000003272,CUST-00631,PROD-0092,SITE-013,2026-01-19T12:45:02Z,34,9074.94,field-sales
TXN-000003273,CUST-00213,PROD-0037,SITE-014,2025-12-11T18:28:10Z,37,8463.01,distributor
TXN-000003274,CUST-00669,PROD-0105,SITE-007,2025-10-02T06:57:04Z,32,8438.08,retail
TXN-000003275,CUST-00202,PROD-0035,SITE-004,2025-02-03T21:48:47Z,17,3411.22,retail
TXN-000003276,CUST-00631,PROD-0098,SITE-013,2025-10-21T23:08:04Z,39,13745.94,retail
TXN-000003277,CUST-00754,PROD-0101,SITE-004,2026-04-21T21:49:35Z,12,1258.08,online
TXN-000003278,CUST-00702,PROD-0016,SITE-015,2025-02-19T14:57:35Z,25,7246,retail
TXN-000003279,CUST-00366,PROD-0075,SITE-005,2025-10-27T00:10:49Z,33,338.91,online
TXN-000003280,CUST-00099,PROD-0074,SITE-015,2026-01-25T12:53:42Z,11,954.14,online
TXN-000003281,CUST-00377,PROD-0078,SITE-011,2026-07-21T01:02:50Z,4,524.68,online
TXN-000003282,CUST-00716,PROD-0095,SITE-002,2026-02-15T22:13:54Z,23,633.42,online
TXN-000003283,CUST-00128,PROD-0039,SITE-015,2026-05-21T21:20:13Z,27,3444.39,retail
TXN-000003284,CUST-00302,PROD-0068,SITE-001,2024-12-24T06:54:08Z,30,5762.4,retail
TXN-000003285,CUST-00747,PROD-0052,SITE-014,2025-08-25T18:07:29Z,13,3409.77,retail
TXN-000003286,CUST-00288,PROD-0015,SITE-002,2025-01-25T09:39:31Z,5,1854.9,distributor
TXN-000003287,CUST-00151,PROD-0048,SITE-014,2026-06-02T11:52:58Z,39,7875.27,online
TXN-000003288,CUST-00354,PROD-0119,SITE-010,2025-04-12T12:36:38Z,26,7006.48,distributor
TXN-000003289,CUST-00671,PROD-0067,SITE-011,2025-11-10T06:51:12Z,32,794.24,field-sales
TXN-000003290,CUST-00440,PROD-0102,SITE-001,2025-03-25T03:17:27Z,36,2786.04,online
TXN-000003291,CUST-00681,PROD-0066,SITE-009,2025-04-30T06:44:13Z,7,1148.56,field-sales
TXN-000003292,CUST-00121,PROD-0046,SITE-007,2026-06-07T14:41:41Z,6,1423.14,distributor
TXN-000003293,CUST-00433,PROD-0008,SITE-014,2025-03-22T18:18:22Z,15,4254.45,distributor
TXN-000003294,CUST-00124,PROD-0008,SITE-012,2025-10-22T20:14:44Z,13,4064.58,field-sales
TXN-000003295,CUST-00020,PROD-0027,SITE-012,2026-01-22T09:16:53Z,3,588.18,distributor
TXN-000003296,CUST-00690,PROD-0108,SITE-001,2026-04-08T07:58:53Z,18,2041.2,online
TXN-000003297,CUST-00129,PROD-0104,SITE-002,2024-05-09T17:49:23Z,31,491.66,distributor
TXN-000003298,CUST-00335,PROD-0021,SITE-003,2025-07-11T07:33:14Z,11,1118.92,distributor
TXN-000003299,CUST-00417,PROD-0038,SITE-011,2025-05-11T20:49:23Z,4,767.6,distributor
TXN-000003300,CUST-00454,PROD-0057,SITE-009,2026-05-30T10:10:14Z,14,4780.72,online
TXN-000003301,CUST-00124,PROD-0022,SITE-015,2025-10-18T05:42:22Z,27,9092.52,online
TXN-000003302,CUST-00483,PROD-0029,SITE-008,2026-02-05T23:27:28Z,36,6456.24,retail
TXN-000003303,CUST-00321,PROD-0006,SITE-009,2025-03-26T06:34:42Z,36,6291,distributor
TXN-000003304,CUST-00775,PROD-0010,SITE-009,2026-06-11T13:38:05Z,18,2278.62,online
TXN-000003305,CUST-00526,PROD-0039,SITE-013,2025-02-25T00:11:21Z,10,1904.9,online
TXN-000003306,CUST-00447,PROD-0065,SITE-015,2025-12-15T15:07:04Z,38,6423.52,distributor
TXN-000003307,CUST-00007,PROD-0116,SITE-004,2026-03-18T06:40:46Z,3,834.42,retail
TXN-000003308,CUST-00051,PROD-0117,SITE-004,2024-06-17T19:12:58Z,33,12271.05,field-sales
TXN-000003309,CUST-00580,PROD-0039,SITE-014,2025-12-12T14:22:38Z,15,2965.95,online
TXN-000003310,CUST-00569,PROD-0010,SITE-014,2024-08-14T15:13:34Z,14,4401.32,online
TXN-000003311,CUST-00057,PROD-0028,SITE-012,2025-06-11T15:14:44Z,6,1411.14,field-sales
TXN-000003312,CUST-00090,PROD-0019,SITE-005,2026-07-24T07:21:39Z,5,427.05,retail
TXN-000003313,CUST-00495,PROD-0077,SITE-011,2025-07-07T10:14:33Z,39,13834.47,field-sales
TXN-000003314,CUST-00465,PROD-0109,SITE-002,2024-06-21T07:38:01Z,1,151.56,distributor
TXN-000003315,CUST-00178,PROD-0053,SITE-012,2025-04-10T15:29:06Z,15,3412.35,online
TXN-000003316,CUST-00363,PROD-0075,SITE-012,2026-04-23T10:53:30Z,21,1887.48,retail
TXN-000003317,CUST-00482,PROD-0096,SITE-008,2025-12-31T03:50:28Z,28,11003.16,retail
TXN-000003318,CUST-00014,PROD-0060,SITE-003,2025-10-09T06:44:10Z,25,4429,retail
TXN-000003319,CUST-00160,PROD-0076,SITE-008,2025-10-10T13:13:39Z,13,5156.84,field-sales
TXN-000003320,CUST-00744,PROD-0038,SITE-015,2026-04-17T09:29:00Z,14,1725.78,distributor
TXN-000003321,CUST-00125,PROD-0056,SITE-006,2024-09-15T09:48:21Z,11,499.07,online
TXN-000003322,CUST-00201,PROD-0071,SITE-005,2026-05-31T05:29:13Z,39,4922.58,online
TXN-000003323,CUST-00649,PROD-0019,SITE-005,2026-08-03T09:40:02Z,28,11105.64,distributor
TXN-000003324,CUST-00297,PROD-0050,SITE-015,2026-07-12T03:44:28Z,21,4047.12,online
TXN-000003325,CUST-00656,PROD-0005,SITE-014,2025-09-17T22:30:04Z,21,6812.82,distributor
TXN-000003326,CUST-00484,PROD-0066,SITE-011,2026-07-30T13:34:02Z,30,8411.1,online
TXN-000003327,CUST-00541,PROD-0002,SITE-014,2025-11-20T11:19:09Z,21,4213.23,distributor
TXN-000003328,CUST-00217,PROD-0023,SITE-001,2025-11-15T13:52:19Z,29,7062.08,retail
TXN-000003329,CUST-00520,PROD-0087,SITE-015,2024-06-10T14:36:54Z,22,2179.54,retail
TXN-000003330,CUST-00680,PROD-0045,SITE-013,2026-08-01T16:41:21Z,38,4973.06,field-sales
TXN-000003331,CUST-00215,PROD-0069,SITE-008,2025-11-30T11:40:50Z,12,4098.48,distributor
TXN-000003332,CUST-00719,PROD-0063,SITE-008,2026-01-27T14:09:40Z,26,5349.76,retail
TXN-000003333,CUST-00681,PROD-0037,SITE-011,2026-01-17T20:08:09Z,16,1049.6,field-sales
TXN-000003334,CUST-00388,PROD-0058,SITE-007,2025-10-25T11:48:42Z,40,2583.2,retail
TXN-000003335,CUST-00453,PROD-0083,SITE-008,2025-04-03T17:50:33Z,19,2831.38,field-sales
TXN-000003336,CUST-00492,PROD-0085,SITE-015,2024-11-29T21:21:49Z,18,3805.92,field-sales
TXN-000003337,CUST-00426,PROD-0057,SITE-014,2024-09-10T01:54:46Z,14,1323.7,online
TXN-000003338,CUST-00372,PROD-0019,SITE-001,2025-10-27T01:02:08Z,14,1313.76,online
TXN-000003339,CUST-00386,PROD-0026,SITE-014,2024-12-14T00:09:41Z,32,5394.56,online
TXN-000003340,CUST-00123,PROD-0038,SITE-007,2025-04-27T19:13:33Z,18,6507.18,field-sales
TXN-000003341,CUST-00790,PROD-0092,SITE-001,2024-03-29T00:24:02Z,11,474.87,retail
TXN-000003342,CUST-00586,PROD-0027,SITE-014,2026-07-26T04:45:26Z,18,2489.4,retail
TXN-000003343,CUST-00658,PROD-0093,SITE-003,2026-01-07T20:49:01Z,12,2538.72,distributor
TXN-000003344,CUST-00656,PROD-0099,SITE-008,2026-08-21T05:04:55Z,14,3700.76,distributor
TXN-000003345,CUST-00352,PROD-0102,SITE-009,2026-06-17T10:43:40Z,8,1628.96,distributor
TXN-000003346,CUST-00526,PROD-0020,SITE-015,2024-05-06T09:24:37Z,36,8383.32,distributor
TXN-000003347,CUST-00382,PROD-0061,SITE-004,2024-12-15T01:45:51Z,39,7614.36,field-sales
TXN-000003348,CUST-00434,PROD-0027,SITE-013,2024-12-13T04:03:49Z,6,1335.96,field-sales
TXN-000003349,CUST-00710,PROD-0100,SITE-013,2024-08-07T18:09:32Z,17,4460.12,retail
TXN-000003350,CUST-00713,PROD-0022,SITE-007,2026-06-16T11:03:19Z,9,2663.19,distributor
TXN-000003351,CUST-00208,PROD-0060,SITE-014,2026-01-05T04:22:03Z,34,11633.78,distributor
TXN-000003352,CUST-00290,PROD-0027,SITE-005,2025-01-25T09:23:36Z,30,8777.1,field-sales
TXN-000003353,CUST-00622,PROD-0106,SITE-009,2025-04-14T15:10:11Z,34,7675.84,distributor
TXN-000003354,CUST-00138,PROD-0084,SITE-012,2026-08-13T05:26:26Z,40,8022,distributor
TXN-000003355,CUST-00477,PROD-0024,SITE-003,2025-04-29T02:34:20Z,25,9865.75,field-sales
TXN-000003356,CUST-00752,PROD-0096,SITE-001,2025-10-11T08:42:59Z,39,7914.27,retail
TXN-000003357,CUST-00453,PROD-0016,SITE-012,2026-08-25T01:12:46Z,34,10742.64,retail
TXN-000003358,CUST-00581,PROD-0082,SITE-004,2026-07-23T10:25:59Z,3,1030.62,online
TXN-000003359,CUST-00260,PROD-0102,SITE-012,2025-05-11T12:47:28Z,36,12045.96,online
TXN-000003360,CUST-00134,PROD-0039,SITE-002,2026-04-09T22:49:59Z,13,3337.49,retail
TXN-000003361,CUST-00077,PROD-0062,SITE-013,2026-05-20T16:46:49Z,7,914.69,distributor
TXN-000003362,CUST-00271,PROD-0032,SITE-005,2024-12-11T12:43:42Z,39,15563.73,retail
TXN-000003363,CUST-00191,PROD-0010,SITE-007,2026-01-26T08:50:22Z,3,257.97,online
TXN-000003364,CUST-00719,PROD-0093,SITE-009,2026-01-27T12:04:48Z,5,1802.4,field-sales
TXN-000003365,CUST-00037,PROD-0077,SITE-001,2025-10-16T14:27:26Z,33,3066.03,distributor
TXN-000003366,CUST-00392,PROD-0049,SITE-011,2026-08-05T13:24:42Z,35,8618.05,online
TXN-000003367,CUST-00355,PROD-0092,SITE-011,2025-03-30T15:49:53Z,33,12676.62,distributor
TXN-000003368,CUST-00354,PROD-0110,SITE-005,2025-06-26T06:07:02Z,20,1163.8,distributor
TXN-000003369,CUST-00689,PROD-0094,SITE-002,2025-11-12T11:42:11Z,3,306.72,retail
TXN-000003370,CUST-00131,PROD-0091,SITE-015,2024-10-04T17:25:53Z,16,1065.76,retail
TXN-000003371,CUST-00036,PROD-0107,SITE-010,2024-10-29T04:13:14Z,18,733.32,retail
TXN-000003372,CUST-00406,PROD-0066,SITE-005,2026-05-05T03:13:02Z,15,2307.45,retail
TXN-000003373,CUST-00117,PROD-0045,SITE-010,2024-12-29T23:46:57Z,7,2619.89,distributor
TXN-000003374,CUST-00250,PROD-0098,SITE-006,2025-07-15T16:14:35Z,7,176.54,online
TXN-000003375,CUST-00374,PROD-0074,SITE-003,2024-05-06T06:19:50Z,9,2220.12,retail
TXN-000003376,CUST-00601,PROD-0056,SITE-010,2025-05-04T17:09:32Z,32,5614.4,online
TXN-000003377,CUST-00178,PROD-0010,SITE-003,2026-08-05T01:13:34Z,9,1567.26,field-sales
TXN-000003378,CUST-00344,PROD-0044,SITE-007,2026-08-27T21:02:44Z,9,2500.65,online
TXN-000003379,CUST-00309,PROD-0087,SITE-014,2025-05-28T01:31:02Z,9,3003.93,online
TXN-000003380,CUST-00546,PROD-0044,SITE-005,2025-05-24T00:06:52Z,39,6686.94,retail
TXN-000003381,CUST-00519,PROD-0023,SITE-015,2025-03-21T23:03:15Z,40,8521.2,retail
TXN-000003382,CUST-00686,PROD-0104,SITE-014,2025-04-22T21:24:37Z,18,192.06,online
TXN-000003383,CUST-00765,PROD-0080,SITE-002,2026-07-19T11:54:13Z,33,12671.01,online
TXN-000003384,CUST-00029,PROD-0011,SITE-011,2025-06-24T18:06:12Z,3,977.4,retail
TXN-000003385,CUST-00176,PROD-0024,SITE-010,2025-10-20T23:29:30Z,21,3300.57,distributor
TXN-000003386,CUST-00786,PROD-0030,SITE-001,2024-10-18T08:28:57Z,29,7397.32,retail
TXN-000003387,CUST-00708,PROD-0120,SITE-014,2025-11-22T03:07:51Z,36,12700.8,retail
TXN-000003388,CUST-00158,PROD-0069,SITE-002,2024-09-04T00:27:45Z,9,3024.81,distributor
TXN-000003389,CUST-00548,PROD-0099,SITE-003,2025-07-10T02:46:16Z,16,6360.96,retail
TXN-000003390,CUST-00557,PROD-0029,SITE-009,2024-08-11T09:09:29Z,40,5623.2,field-sales
TXN-000003391,CUST-00064,PROD-0072,SITE-009,2026-05-19T16:42:07Z,37,7381.13,field-sales
TXN-000003392,CUST-00785,PROD-0015,SITE-013,2024-06-25T11:34:50Z,29,4530.09,distributor
TXN-000003393,CUST-00572,PROD-0052,SITE-011,2026-01-29T12:35:38Z,39,3713.19,field-sales
TXN-000003394,CUST-00252,PROD-0076,SITE-011,2024-12-08T15:03:07Z,7,1052.03,distributor
TXN-000003395,CUST-00143,PROD-0029,SITE-008,2026-08-21T19:22:40Z,33,12444.3,field-sales
TXN-000003396,CUST-00190,PROD-0057,SITE-004,2026-06-20T16:13:31Z,22,329.34,online
TXN-000003397,CUST-00171,PROD-0040,SITE-009,2024-06-02T21:18:27Z,32,4492.16,field-sales
TXN-000003398,CUST-00111,PROD-0101,SITE-001,2025-10-02T17:41:55Z,19,1345.96,online
TXN-000003399,CUST-00686,PROD-0042,SITE-001,2025-10-20T14:55:08Z,31,4670.77,distributor
TXN-000003400,CUST-00241,PROD-0106,SITE-013,2024-06-10T12:23:29Z,39,4587.18,retail
TXN-000003401,CUST-00446,PROD-0023,SITE-009,2025-09-01T21:49:31Z,16,1550.4,field-sales
TXN-000003402,CUST-00619,PROD-0094,SITE-004,2025-10-04T04:07:03Z,35,3106.25,retail
TXN-000003403,CUST-00527,PROD-0007,SITE-009,2025-12-27T14:52:46Z,11,1796.08,distributor
TXN-000003404,CUST-00089,PROD-0052,SITE-005,2026-08-21T13:53:47Z,27,9110.88,retail
TXN-000003405,CUST-00287,PROD-0093,SITE-014,2026-05-31T03:29:13Z,25,815.75,field-sales
TXN-000003406,CUST-00003,PROD-0042,SITE-015,2024-12-23T12:52:47Z,4,745.24,online
TXN-000003407,CUST-00586,PROD-0034,SITE-003,2025-01-09T20:24:42Z,36,1226.16,field-sales
TXN-000003408,CUST-00325,PROD-0053,SITE-006,2025-05-27T05:50:41Z,16,3776.16,online
TXN-000003409,CUST-00212,PROD-0011,SITE-015,2025-12-02T19:57:05Z,1,124.57,distributor
TXN-000003410,CUST-00551,PROD-0054,SITE-007,2026-03-11T05:46:10Z,33,3825.69,distributor
TXN-000003411,CUST-00422,PROD-0012,SITE-014,2025-09-26T09:01:20Z,10,3615,field-sales
TXN-000003412,CUST-00488,PROD-0043,SITE-002,2024-08-04T21:39:04Z,3,67.02,field-sales
TXN-000003413,CUST-00025,PROD-0090,SITE-005,2026-04-15T02:20:16Z,35,4665.15,distributor
TXN-000003414,CUST-00244,PROD-0056,SITE-007,2026-02-21T11:22:48Z,5,452.85,retail
TXN-000003415,CUST-00174,PROD-0059,SITE-008,2026-03-01T15:33:52Z,26,3092.7,distributor
TXN-000003416,CUST-00587,PROD-0105,SITE-012,2026-02-09T16:03:46Z,37,11455.57,online
TXN-000003417,CUST-00477,PROD-0091,SITE-001,2026-06-02T23:34:22Z,29,5885.26,retail
TXN-000003418,CUST-00413,PROD-0066,SITE-008,2025-10-05T07:36:46Z,19,790.02,distributor
TXN-000003419,CUST-00205,PROD-0095,SITE-011,2026-04-13T17:10:45Z,33,9499.71,field-sales
TXN-000003420,CUST-00503,PROD-0075,SITE-015,2024-06-05T06:38:14Z,22,5831.76,retail
TXN-000003421,CUST-00227,PROD-0119,SITE-003,2026-03-08T04:56:39Z,6,267.06,online
TXN-000003422,CUST-00646,PROD-0073,SITE-010,2026-05-26T19:13:35Z,35,13713.35,retail
TXN-000003423,CUST-00732,PROD-0074,SITE-007,2025-10-14T12:08:07Z,19,6328.71,retail
TXN-000003424,CUST-00720,PROD-0060,SITE-015,2025-11-09T08:03:17Z,21,2951.55,distributor
TXN-000003425,CUST-00042,PROD-0091,SITE-007,2025-09-12T12:20:37Z,11,3604.26,field-sales
TXN-000003426,CUST-00562,PROD-0120,SITE-002,2025-10-27T13:12:18Z,12,2892.48,retail
TXN-000003427,CUST-00239,PROD-0060,SITE-011,2025-12-02T18:33:33Z,11,2431.33,distributor
TXN-000003428,CUST-00192,PROD-0003,SITE-008,2026-08-19T06:42:54Z,28,2972.76,field-sales
TXN-000003429,CUST-00598,PROD-0067,SITE-003,2025-01-10T19:05:57Z,5,1292.9,retail
TXN-000003430,CUST-00386,PROD-0082,SITE-011,2026-08-24T00:25:27Z,33,4544.1,online
TXN-000003431,CUST-00469,PROD-0111,SITE-001,2024-12-17T19:10:59Z,40,1006,distributor
TXN-000003432,CUST-00163,PROD-0089,SITE-002,2026-07-27T00:04:49Z,18,3161.7,retail
TXN-000003433,CUST-00364,PROD-0113,SITE-004,2025-09-01T20:15:04Z,18,3420.36,online
TXN-000003434,CUST-00388,PROD-0054,SITE-008,2025-05-22T23:55:21Z,31,1679.89,online
TXN-000003435,CUST-00197,PROD-0116,SITE-013,2025-10-03T13:20:29Z,8,1612.32,online
TXN-000003436,CUST-00176,PROD-0026,SITE-012,2026-07-22T13:32:15Z,17,1614.15,retail
TXN-000003437,CUST-00609,PROD-0110,SITE-006,2025-02-16T19:38:22Z,24,7845.84,field-sales
TXN-000003438,CUST-00287,PROD-0016,SITE-011,2026-03-13T02:10:49Z,31,11439.62,retail
TXN-000003439,CUST-00390,PROD-0009,SITE-007,2025-03-30T15:08:27Z,9,2023.38,field-sales
TXN-000003440,CUST-00016,PROD-0097,SITE-005,2026-07-22T20:12:20Z,38,14140.18,field-sales
TXN-000003441,CUST-00086,PROD-0099,SITE-002,2026-02-02T18:04:14Z,23,5290.92,online
TXN-000003442,CUST-00490,PROD-0007,SITE-008,2026-02-09T17:42:02Z,21,640.92,online
TXN-000003443,CUST-00796,PROD-0003,SITE-011,2024-08-02T14:49:37Z,24,3176.88,distributor
TXN-000003444,CUST-00477,PROD-0106,SITE-003,2024-08-17T23:59:54Z,29,9050.61,field-sales
TXN-000003445,CUST-00501,PROD-0059,SITE-007,2026-06-07T16:45:23Z,13,4114.5,online
TXN-000003446,CUST-00485,PROD-0104,SITE-004,2024-06-18T08:06:52Z,16,1516.96,distributor
TXN-000003447,CUST-00269,PROD-0049,SITE-008,2025-07-21T20:16:34Z,30,10126.8,distributor
TXN-000003448,CUST-00572,PROD-0087,SITE-008,2025-09-21T23:06:46Z,40,9761.2,online
TXN-000003449,CUST-00496,PROD-0120,SITE-013,2025-11-14T08:12:18Z,33,9566.37,retail
TXN-000003450,CUST-00337,PROD-0068,SITE-003,2024-09-09T01:51:16Z,9,2640.42,distributor
TXN-000003451,CUST-00618,PROD-0056,SITE-009,2026-02-01T08:33:38Z,32,12755.84,distributor
TXN-000003452,CUST-00737,PROD-0092,SITE-013,2025-01-12T08:36:24Z,40,7393.2,field-sales
TXN-000003453,CUST-00746,PROD-0107,SITE-001,2026-06-02T09:44:18Z,16,5969.12,online
TXN-000003454,CUST-00125,PROD-0104,SITE-004,2025-05-24T06:44:38Z,15,3159.6,online
TXN-000003455,CUST-00091,PROD-0112,SITE-009,2026-01-24T00:26:31Z,14,3878.98,retail
TXN-000003456,CUST-00393,PROD-0047,SITE-006,2024-12-01T01:41:25Z,23,3159.97,field-sales
TXN-000003457,CUST-00032,PROD-0002,SITE-010,2024-05-27T12:10:16Z,36,13780.44,distributor
TXN-000003458,CUST-00575,PROD-0063,SITE-011,2026-02-12T04:24:54Z,20,4075.8,field-sales
TXN-000003459,CUST-00163,PROD-0056,SITE-014,2025-07-16T15:45:44Z,36,4870.08,retail
TXN-000003460,CUST-00002,PROD-0065,SITE-007,2026-07-03T00:24:12Z,9,2451.78,retail
TXN-000003461,CUST-00158,PROD-0046,SITE-006,2025-07-02T14:01:16Z,33,7816.71,field-sales
TXN-000003462,CUST-00763,PROD-0064,SITE-004,2025-02-28T07:13:38Z,12,396.12,retail
TXN-000003463,CUST-00682,PROD-0049,SITE-009,2024-04-16T11:55:39Z,25,8915.75,retail
TXN-000003464,CUST-00086,PROD-0097,SITE-011,2025-02-14T01:02:40Z,38,1432.6,retail
TXN-000003465,CUST-00650,PROD-0067,SITE-011,2024-10-02T16:37:14Z,37,5718.72,field-sales
TXN-000003466,CUST-00516,PROD-0097,SITE-013,2026-06-05T18:46:14Z,36,14041.08,distributor
TXN-000003467,CUST-00531,PROD-0097,SITE-007,2025-09-17T09:16:08Z,4,995.76,online
TXN-000003468,CUST-00709,PROD-0013,SITE-004,2026-01-11T02:05:05Z,3,1082.1,online
TXN-000003469,CUST-00364,PROD-0091,SITE-015,2024-09-18T20:57:24Z,3,693.63,field-sales
TXN-000003470,CUST-00724,PROD-0088,SITE-004,2024-11-28T16:21:47Z,4,89.32,field-sales
TXN-000003471,CUST-00517,PROD-0095,SITE-006,2025-11-04T07:20:05Z,2,722,field-sales
TXN-000003472,CUST-00686,PROD-0060,SITE-014,2024-04-25T15:04:15Z,33,8603.76,online
TXN-000003473,CUST-00295,PROD-0067,SITE-009,2026-03-06T11:26:07Z,8,277.12,retail
TXN-000003474,CUST-00007,PROD-0051,SITE-007,2025-03-24T10:13:16Z,25,7238.75,distributor
TXN-000003475,CUST-00212,PROD-0065,SITE-005,2025-11-24T16:51:51Z,19,5049.25,distributor
TXN-000003476,CUST-00227,PROD-0067,SITE-002,2024-12-29T00:21:27Z,7,2038.12,field-sales
TXN-000003477,CUST-00361,PROD-0066,SITE-002,2024-10-15T23:42:24Z,33,7620.69,field-sales
TXN-000003478,CUST-00787,PROD-0086,SITE-009,2026-05-11T05:48:12Z,16,5042.88,distributor
TXN-000003479,CUST-00762,PROD-0037,SITE-005,2025-10-21T00:52:31Z,31,4940.78,field-sales
TXN-000003480,CUST-00439,PROD-0112,SITE-005,2026-08-03T08:57:36Z,36,12555.36,retail
TXN-000003481,CUST-00774,PROD-0118,SITE-008,2025-01-10T20:21:25Z,6,1433.46,field-sales
TXN-000003482,CUST-00399,PROD-0105,SITE-006,2025-09-10T00:40:37Z,4,1467.72,retail
TXN-000003483,CUST-00337,PROD-0074,SITE-005,2025-11-20T16:08:39Z,38,864.5,distributor
TXN-000003484,CUST-00660,PROD-0033,SITE-001,2026-01-02T05:15:50Z,16,6349.28,distributor
TXN-000003485,CUST-00206,PROD-0034,SITE-005,2026-01-05T12:06:53Z,22,394.02,online
TXN-000003486,CUST-00326,PROD-0023,SITE-015,2026-07-15T06:46:08Z,14,1656.06,field-sales
TXN-000003487,CUST-00398,PROD-0040,SITE-006,2026-04-21T04:43:59Z,32,3343.68,distributor
TXN-000003488,CUST-00100,PROD-0099,SITE-015,2025-11-25T10:58:06Z,10,3497.6,retail
TXN-000003489,CUST-00153,PROD-0097,SITE-005,2025-09-29T15:30:29Z,4,893.72,distributor
TXN-000003490,CUST-00327,PROD-0091,SITE-011,2026-01-01T05:49:30Z,18,2008.62,distributor
TXN-000003491,CUST-00218,PROD-0104,SITE-013,2026-04-04T09:57:17Z,21,7356.93,field-sales
TXN-000003492,CUST-00524,PROD-0079,SITE-014,2025-06-18T14:31:19Z,37,5683.94,field-sales
TXN-000003493,CUST-00794,PROD-0040,SITE-009,2025-09-21T01:39:31Z,7,606.13,online
TXN-000003494,CUST-00380,PROD-0007,SITE-015,2024-11-05T04:50:27Z,26,9900.54,retail
TXN-000003495,CUST-00624,PROD-0015,SITE-004,2024-08-20T05:57:13Z,10,2957.8,field-sales
TXN-000003496,CUST-00119,PROD-0062,SITE-001,2025-11-29T00:08:17Z,25,8489,online
TXN-000003497,CUST-00469,PROD-0025,SITE-007,2025-11-26T23:26:50Z,21,6041.07,field-sales
TXN-000003498,CUST-00144,PROD-0089,SITE-004,2026-04-26T11:18:43Z,37,8863.35,online
TXN-000003499,CUST-00013,PROD-0091,SITE-006,2025-01-11T11:07:20Z,15,3744.9,distributor
TXN-000003500,CUST-00351,PROD-0035,SITE-015,2024-10-22T06:47:38Z,9,1513.44,online
TXN-000003501,CUST-00182,PROD-0120,SITE-003,2026-03-26T11:47:09Z,35,6842.5,online
TXN-000003502,CUST-00194,PROD-0088,SITE-015,2024-11-15T20:05:43Z,23,3849.74,online
TXN-000003503,CUST-00552,PROD-0108,SITE-008,2024-12-26T15:52:18Z,22,4709.32,distributor
TXN-000003504,CUST-00764,PROD-0015,SITE-004,2024-10-01T22:18:40Z,20,3741.2,distributor
TXN-000003505,CUST-00513,PROD-0003,SITE-012,2026-01-17T19:06:14Z,39,14887.08,distributor
TXN-000003506,CUST-00467,PROD-0027,SITE-005,2024-07-14T20:53:49Z,25,5191.75,distributor
TXN-000003507,CUST-00142,PROD-0007,SITE-002,2026-06-23T04:24:23Z,10,1584.2,distributor
TXN-000003508,CUST-00153,PROD-0066,SITE-012,2026-01-02T17:42:31Z,13,5037.89,distributor
TXN-000003509,CUST-00453,PROD-0084,SITE-006,2025-01-19T22:02:18Z,34,3822.62,distributor
TXN-000003510,CUST-00159,PROD-0077,SITE-010,2025-10-05T23:16:38Z,36,4688.28,retail
TXN-000003511,CUST-00534,PROD-0051,SITE-013,2024-12-26T17:56:01Z,36,11201.4,distributor
TXN-000003512,CUST-00452,PROD-0074,SITE-011,2026-04-21T19:20:34Z,5,1230.55,field-sales
TXN-000003513,CUST-00077,PROD-0004,SITE-014,2025-08-24T01:16:43Z,30,5211.3,online
TXN-000003514,CUST-00429,PROD-0061,SITE-003,2026-01-15T23:17:25Z,27,6327.72,online
TXN-000003515,CUST-00423,PROD-0001,SITE-008,2026-04-04T16:30:47Z,28,7654.92,retail
TXN-000003516,CUST-00591,PROD-0093,SITE-013,2026-08-13T13:23:27Z,34,8886.24,online
TXN-000003517,CUST-00793,PROD-0013,SITE-008,2025-04-28T21:34:21Z,16,2059.04,field-sales
TXN-000003518,CUST-00290,PROD-0084,SITE-001,2025-03-26T23:42:22Z,18,5454.72,distributor
TXN-000003519,CUST-00631,PROD-0098,SITE-002,2024-11-14T04:49:44Z,39,8690.76,online
TXN-000003520,CUST-00247,PROD-0021,SITE-015,2024-04-13T01:30:31Z,1,299.79,retail
TXN-000003521,CUST-00422,PROD-0057,SITE-005,2025-10-07T06:29:18Z,2,615.32,field-sales
TXN-000003522,CUST-00750,PROD-0042,SITE-003,2026-04-24T20:22:34Z,4,434,online
TXN-000003523,CUST-00681,PROD-0029,SITE-007,2026-04-02T17:30:36Z,3,1065.21,retail
TXN-000003524,CUST-00630,PROD-0083,SITE-006,2026-08-16T00:10:07Z,28,10530.24,field-sales
TXN-000003525,CUST-00628,PROD-0006,SITE-013,2026-04-11T02:00:57Z,37,5474.89,retail
TXN-000003526,CUST-00168,PROD-0035,SITE-008,2025-08-14T13:41:26Z,23,8940.33,retail
TXN-000003527,CUST-00694,PROD-0105,SITE-005,2025-02-23T16:14:46Z,26,6562.92,online
TXN-000003528,CUST-00688,PROD-0021,SITE-014,2024-06-20T22:00:31Z,25,1187,retail
TXN-000003529,CUST-00179,PROD-0039,SITE-003,2026-04-26T19:23:56Z,38,10065.44,distributor
TXN-000003530,CUST-00732,PROD-0014,SITE-008,2026-01-17T02:02:46Z,36,8938.08,distributor
TXN-000003531,CUST-00307,PROD-0072,SITE-012,2024-10-15T18:37:06Z,22,6125.9,retail
TXN-000003532,CUST-00761,PROD-0018,SITE-001,2026-08-30T16:49:01Z,9,643.86,distributor
TXN-000003533,CUST-00013,PROD-0096,SITE-011,2025-05-20T16:46:43Z,9,1553.22,online
TXN-000003534,CUST-00206,PROD-0087,SITE-003,2025-06-15T23:52:05Z,36,12632.04,retail
TXN-000003535,CUST-00547,PROD-0115,SITE-001,2026-04-22T02:47:23Z,36,10305.36,online
TXN-000003536,CUST-00751,PROD-0085,SITE-007,2025-09-23T07:31:49Z,39,9593.61,retail
TXN-000003537,CUST-00495,PROD-0033,SITE-008,2024-08-08T12:55:17Z,34,5895.6,distributor
TXN-000003538,CUST-00588,PROD-0080,SITE-010,2025-11-18T23:58:22Z,18,406.62,field-sales
TXN-000003539,CUST-00784,PROD-0014,SITE-001,2025-09-29T15:37:32Z,39,2285.01,retail
TXN-000003540,CUST-00186,PROD-0033,SITE-007,2024-11-22T17:43:16Z,9,1088.19,field-sales
TXN-000003541,CUST-00010,PROD-0023,SITE-008,2024-07-30T13:25:02Z,25,4563.5,distributor
TXN-000003542,CUST-00608,PROD-0055,SITE-006,2025-08-22T07:59:11Z,23,1617.82,retail
TXN-000003543,CUST-00652,PROD-0024,SITE-013,2026-08-01T10:31:47Z,32,9427.84,online
TXN-000003544,CUST-00286,PROD-0096,SITE-014,2026-02-28T02:16:26Z,20,5675.6,distributor
TXN-000003545,CUST-00451,PROD-0097,SITE-009,2026-02-06T16:41:30Z,1,202.73,retail
TXN-000003546,CUST-00685,PROD-0008,SITE-004,2025-07-03T09:05:19Z,35,6220.2,field-sales
TXN-000003547,CUST-00148,PROD-0101,SITE-002,2025-12-30T05:56:01Z,11,885.06,distributor
TXN-000003548,CUST-00025,PROD-0106,SITE-008,2024-07-30T04:34:59Z,39,7771.53,retail
TXN-000003549,CUST-00155,PROD-0074,SITE-013,2026-03-01T00:20:45Z,24,1295.28,online
TXN-000003550,CUST-00325,PROD-0011,SITE-014,2025-06-30T07:01:15Z,10,2465.5,distributor
TXN-000003551,CUST-00463,PROD-0006,SITE-004,2025-04-28T07:55:27Z,1,53.79,online
TXN-000003552,CUST-00386,PROD-0109,SITE-010,2026-05-11T02:06:49Z,2,254.7,distributor
TXN-000003553,CUST-00300,PROD-0065,SITE-007,2026-07-28T13:44:56Z,9,632.34,field-sales
TXN-000003554,CUST-00431,PROD-0039,SITE-010,2026-06-03T11:44:18Z,22,6605.5,field-sales
TXN-000003555,CUST-00649,PROD-0008,SITE-008,2025-09-05T17:49:01Z,33,8938.05,online
TXN-000003556,CUST-00637,PROD-0071,SITE-014,2026-05-28T11:29:52Z,35,9664.2,retail
TXN-000003557,CUST-00787,PROD-0106,SITE-002,2026-07-12T11:41:53Z,34,5469.24,retail
TXN-000003558,CUST-00278,PROD-0077,SITE-003,2024-08-09T03:21:06Z,21,3733.17,field-sales
TXN-000003559,CUST-00329,PROD-0068,SITE-009,2025-07-05T02:02:18Z,35,4374.65,field-sales
TXN-000003560,CUST-00424,PROD-0011,SITE-012,2025-04-29T01:51:39Z,10,3746.3,retail
TXN-000003561,CUST-00741,PROD-0069,SITE-001,2026-08-15T23:05:38Z,8,2826.08,distributor
TXN-000003562,CUST-00461,PROD-0001,SITE-009,2025-06-13T01:54:22Z,27,316.98,retail
TXN-000003563,CUST-00316,PROD-0085,SITE-012,2025-05-07T19:57:05Z,2,363.26,retail
TXN-000003564,CUST-00665,PROD-0020,SITE-013,2026-02-27T14:54:12Z,40,10769.2,retail
TXN-000003565,CUST-00336,PROD-0060,SITE-008,2026-02-21T09:52:21Z,30,4424.4,retail
TXN-000003566,CUST-00080,PROD-0109,SITE-006,2025-11-16T23:34:11Z,5,364.35,online
TXN-000003567,CUST-00615,PROD-0048,SITE-007,2025-12-06T09:45:44Z,29,7961.66,retail
TXN-000003568,CUST-00101,PROD-0033,SITE-007,2025-07-27T00:38:52Z,32,2506.88,field-sales
TXN-000003569,CUST-00466,PROD-0038,SITE-004,2024-08-04T15:23:02Z,16,5395.84,retail
TXN-000003570,CUST-00314,PROD-0011,SITE-001,2025-04-14T19:04:19Z,36,7936.56,distributor
TXN-000003571,CUST-00771,PROD-0050,SITE-008,2026-08-24T00:55:30Z,22,2247.96,online
TXN-000003572,CUST-00094,PROD-0042,SITE-012,2026-02-18T13:53:35Z,23,7862.78,online
TXN-000003573,CUST-00369,PROD-0041,SITE-002,2025-05-04T02:29:40Z,9,1049.76,online
TXN-000003574,CUST-00781,PROD-0018,SITE-004,2026-01-14T05:19:45Z,25,8395.75,retail
TXN-000003575,CUST-00777,PROD-0119,SITE-006,2025-12-18T22:58:27Z,29,1427.38,retail
TXN-000003576,CUST-00533,PROD-0005,SITE-008,2025-01-13T16:12:40Z,7,906.36,online
TXN-000003577,CUST-00761,PROD-0084,SITE-003,2025-07-19T09:21:25Z,31,2843.63,field-sales
TXN-000003578,CUST-00304,PROD-0012,SITE-002,2024-12-24T09:49:51Z,10,443.7,online
TXN-000003579,CUST-00186,PROD-0036,SITE-009,2026-01-14T22:45:46Z,10,3215.2,distributor
TXN-000003580,CUST-00378,PROD-0066,SITE-015,2026-01-02T15:33:58Z,5,322.1,distributor
TXN-000003581,CUST-00605,PROD-0061,SITE-001,2026-02-17T10:38:03Z,4,1215.56,retail
TXN-000003582,CUST-00454,PROD-0039,SITE-015,2026-06-10T00:48:33Z,12,3198,retail
TXN-000003583,CUST-00560,PROD-0046,SITE-005,2024-07-16T02:34:49Z,16,2485.6,online
TXN-000003584,CUST-00451,PROD-0031,SITE-001,2024-10-25T15:45:01Z,14,4955.72,online
TXN-000003585,CUST-00560,PROD-0063,SITE-002,2025-10-13T21:58:14Z,27,8763.66,retail
TXN-000003586,CUST-00169,PROD-0030,SITE-004,2024-10-17T00:09:57Z,32,3821.44,retail
TXN-000003587,CUST-00217,PROD-0005,SITE-007,2026-01-22T08:44:18Z,17,1322.77,retail
TXN-000003588,CUST-00743,PROD-0087,SITE-013,2026-01-24T16:32:55Z,21,861.63,distributor
TXN-000003589,CUST-00351,PROD-0006,SITE-012,2026-06-19T02:56:01Z,8,1425.6,distributor
TXN-000003590,CUST-00415,PROD-0012,SITE-008,2024-10-03T12:16:34Z,24,7122.24,field-sales
TXN-000003591,CUST-00774,PROD-0068,SITE-011,2025-08-14T03:12:29Z,37,6457.98,distributor
TXN-000003592,CUST-00505,PROD-0004,SITE-005,2025-07-01T00:06:27Z,23,2058.96,distributor
TXN-000003593,CUST-00721,PROD-0112,SITE-012,2025-03-01T15:55:50Z,39,3019.77,field-sales
TXN-000003594,CUST-00656,PROD-0022,SITE-002,2026-05-12T00:16:17Z,21,8345.19,retail
TXN-000003595,CUST-00799,PROD-0065,SITE-010,2026-05-16T18:56:55Z,28,372.12,online
TXN-000003596,CUST-00291,PROD-0090,SITE-011,2026-05-12T06:44:12Z,16,1335.2,retail
TXN-000003597,CUST-00470,PROD-0064,SITE-006,2025-05-28T00:40:33Z,5,1924.9,online
TXN-000003598,CUST-00643,PROD-0111,SITE-015,2024-12-29T06:48:51Z,4,1003.12,retail
TXN-000003599,CUST-00213,PROD-0032,SITE-013,2025-09-04T21:39:26Z,3,653.7,online
TXN-000003600,CUST-00268,PROD-0061,SITE-005,2025-04-04T12:43:33Z,24,8581.2,retail
TXN-000003601,CUST-00488,PROD-0094,SITE-012,2024-03-31T00:50:10Z,16,5211.84,online
TXN-000003602,CUST-00595,PROD-0071,SITE-014,2025-04-05T06:22:08Z,40,1952.8,field-sales
TXN-000003603,CUST-00288,PROD-0099,SITE-011,2026-05-31T07:51:33Z,7,1423.59,retail
TXN-000003604,CUST-00113,PROD-0009,SITE-006,2026-08-13T05:04:40Z,38,3112.2,distributor
TXN-000003605,CUST-00073,PROD-0076,SITE-003,2026-05-10T22:07:38Z,8,702.24,retail
TXN-000003606,CUST-00627,PROD-0076,SITE-010,2025-12-15T18:07:35Z,35,6549.2,field-sales
TXN-000003607,CUST-00520,PROD-0093,SITE-011,2025-03-23T22:17:28Z,39,10163.4,distributor
TXN-000003608,CUST-00641,PROD-0071,SITE-006,2026-08-03T18:42:26Z,18,5454.36,retail
TXN-000003609,CUST-00404,PROD-0008,SITE-003,2026-07-15T16:18:55Z,11,1970.21,field-sales
TXN-000003610,CUST-00610,PROD-0002,SITE-004,2025-04-04T07:27:10Z,17,1032.92,online
TXN-000003611,CUST-00622,PROD-0028,SITE-005,2025-09-18T01:18:54Z,13,120.38,distributor
TXN-000003612,CUST-00249,PROD-0078,SITE-011,2025-04-27T11:37:58Z,32,3840.96,distributor
TXN-000003613,CUST-00338,PROD-0083,SITE-006,2025-12-03T16:21:31Z,37,1410.07,online
TXN-000003614,CUST-00358,PROD-0009,SITE-010,2026-02-11T19:04:57Z,14,1473.36,online
TXN-000003615,CUST-00762,PROD-0028,SITE-008,2026-01-26T10:15:56Z,35,12472.95,online
TXN-000003616,CUST-00316,PROD-0077,SITE-013,2025-10-21T23:08:32Z,1,214.83,field-sales
TXN-000003617,CUST-00011,PROD-0045,SITE-003,2026-08-02T07:47:54Z,6,330.36,retail
TXN-000003618,CUST-00473,PROD-0019,SITE-007,2024-06-07T13:21:14Z,37,2886.74,online
TXN-000003619,CUST-00402,PROD-0032,SITE-010,2024-11-09T12:37:19Z,14,885.5,online
TXN-000003620,CUST-00023,PROD-0117,SITE-012,2025-10-05T05:01:26Z,37,7468.08,field-sales
TXN-000003621,CUST-00243,PROD-0092,SITE-014,2026-08-21T01:04:02Z,1,340.58,field-sales
TXN-000003622,CUST-00474,PROD-0116,SITE-003,2025-05-13T19:50:07Z,10,2720.3,retail
TXN-000003623,CUST-00169,PROD-0078,SITE-006,2025-08-12T19:34:28Z,27,1030.59,distributor
TXN-000003624,CUST-00798,PROD-0081,SITE-008,2025-07-29T23:19:06Z,38,1811.84,retail
TXN-000003625,CUST-00411,PROD-0040,SITE-001,2025-01-19T16:37:17Z,29,10763.64,retail
TXN-000003626,CUST-00438,PROD-0096,SITE-011,2026-03-08T17:07:08Z,21,1122.45,retail
TXN-000003627,CUST-00725,PROD-0072,SITE-007,2024-09-03T22:29:04Z,32,5083.2,distributor
TXN-000003628,CUST-00644,PROD-0019,SITE-001,2025-04-29T10:10:26Z,5,541.15,retail
TXN-000003629,CUST-00597,PROD-0107,SITE-014,2026-04-27T12:34:33Z,20,3346.6,retail
TXN-000003630,CUST-00229,PROD-0103,SITE-012,2024-08-28T04:07:32Z,33,12668.37,online
TXN-000003631,CUST-00094,PROD-0056,SITE-005,2025-05-17T08:15:47Z,1,16.43,online
TXN-000003632,CUST-00715,PROD-0094,SITE-015,2025-10-16T21:11:38Z,38,11120.32,field-sales
TXN-000003633,CUST-00150,PROD-0108,SITE-007,2025-07-31T22:07:33Z,13,761.02,online
TXN-000003634,CUST-00440,PROD-0046,SITE-012,2024-06-02T05:18:34Z,28,5285.56,retail
TXN-000003635,CUST-00070,PROD-0061,SITE-008,2025-02-11T19:35:23Z,33,6983.13,distributor
TXN-000003636,CUST-00241,PROD-0018,SITE-013,2026-06-22T00:00:48Z,3,39.84,field-sales
TXN-000003637,CUST-00584,PROD-0051,SITE-008,2026-06-05T20:40:29Z,28,4288.76,field-sales
TXN-000003638,CUST-00442,PROD-0055,SITE-007,2026-01-27T07:53:14Z,39,9661.47,online
TXN-000003639,CUST-00054,PROD-0022,SITE-007,2024-04-10T04:16:00Z,4,240.04,online
TXN-000003640,CUST-00287,PROD-0042,SITE-004,2026-08-11T11:03:37Z,29,1975.19,field-sales
TXN-000003641,CUST-00676,PROD-0057,SITE-001,2025-09-07T12:39:10Z,10,322.4,distributor
TXN-000003642,CUST-00360,PROD-0009,SITE-005,2025-06-23T08:05:20Z,5,1502.15,field-sales
TXN-000003643,CUST-00463,PROD-0098,SITE-007,2025-03-23T12:06:10Z,38,13716.86,retail
TXN-000003644,CUST-00679,PROD-0111,SITE-006,2026-08-13T04:54:21Z,15,1121.55,retail
TXN-000003645,CUST-00413,PROD-0010,SITE-012,2025-06-26T01:38:00Z,20,1658.4,field-sales
TXN-000003646,CUST-00281,PROD-0097,SITE-007,2024-08-09T03:26:30Z,3,188.79,distributor
TXN-000003647,CUST-00200,PROD-0016,SITE-015,2024-11-22T18:36:30Z,8,698.64,distributor
TXN-000003648,CUST-00748,PROD-0040,SITE-011,2026-08-15T07:11:39Z,35,1300.95,distributor
TXN-000003649,CUST-00437,PROD-0040,SITE-010,2024-05-06T00:52:03Z,17,6102.15,retail
TXN-000003650,CUST-00296,PROD-0115,SITE-008,2024-04-19T06:32:26Z,14,4478.74,field-sales
TXN-000003651,CUST-00525,PROD-0059,SITE-015,2025-10-12T21:58:44Z,27,1808.19,online
TXN-000003652,CUST-00288,PROD-0089,SITE-009,2025-04-24T14:47:45Z,28,1447.88,online
TXN-000003653,CUST-00156,PROD-0083,SITE-012,2026-07-05T22:11:05Z,33,10522.05,online
TXN-000003654,CUST-00531,PROD-0066,SITE-001,2025-11-02T10:37:01Z,4,1131.88,online
TXN-000003655,CUST-00358,PROD-0108,SITE-011,2025-07-15T13:36:05Z,18,4524.84,distributor
TXN-000003656,CUST-00618,PROD-0003,SITE-008,2025-12-19T14:57:30Z,21,7859.67,retail
TXN-000003657,CUST-00555,PROD-0006,SITE-010,2025-08-09T21:28:28Z,39,15352.35,retail
TXN-000003658,CUST-00773,PROD-0015,SITE-004,2026-03-26T05:23:17Z,26,8886.54,distributor
TXN-000003659,CUST-00799,PROD-0013,SITE-013,2025-05-30T17:24:36Z,29,6771.5,online
TXN-000003660,CUST-00583,PROD-0012,SITE-003,2024-08-03T00:45:27Z,39,10021.83,online
TXN-000003661,CUST-00055,PROD-0113,SITE-009,2024-06-13T04:47:46Z,9,585.36,online
TXN-000003662,CUST-00232,PROD-0089,SITE-006,2026-08-11T23:21:14Z,37,3190.14,retail
TXN-000003663,CUST-00680,PROD-0032,SITE-007,2026-01-15T05:36:21Z,33,9759.42,distributor
TXN-000003664,CUST-00569,PROD-0003,SITE-011,2026-08-19T00:20:57Z,14,1648.22,retail
TXN-000003665,CUST-00273,PROD-0113,SITE-006,2026-02-18T19:16:16Z,19,2995.92,distributor
TXN-000003666,CUST-00569,PROD-0041,SITE-010,2026-04-22T04:10:54Z,1,334.47,distributor
TXN-000003667,CUST-00651,PROD-0118,SITE-001,2026-03-04T12:05:04Z,15,1148.7,online
TXN-000003668,CUST-00744,PROD-0052,SITE-009,2025-12-30T09:26:37Z,12,3021.84,online
TXN-000003669,CUST-00396,PROD-0012,SITE-011,2025-01-05T02:04:25Z,24,994.8,distributor
TXN-000003670,CUST-00635,PROD-0098,SITE-006,2025-12-15T10:19:54Z,36,1578.6,field-sales
TXN-000003671,CUST-00128,PROD-0046,SITE-004,2026-08-17T22:39:10Z,11,650.65,online
TXN-000003672,CUST-00300,PROD-0110,SITE-001,2026-01-07T01:59:16Z,39,6809.01,distributor
TXN-000003673,CUST-00322,PROD-0056,SITE-012,2024-09-24T18:19:58Z,21,1129.59,online
TXN-000003674,CUST-00310,PROD-0089,SITE-009,2025-03-30T08:11:32Z,11,1503.04,retail
TXN-000003675,CUST-00453,PROD-0038,SITE-001,2025-12-30T18:07:12Z,16,1612,online
TXN-000003676,CUST-00134,PROD-0026,SITE-008,2025-12-31T20:28:38Z,4,843.24,online
TXN-000003677,CUST-00167,PROD-0019,SITE-005,2026-08-06T03:11:46Z,40,7717.2,retail
TXN-000003678,CUST-00423,PROD-0109,SITE-002,2025-10-12T17:29:35Z,15,5332.8,field-sales
TXN-000003679,CUST-00481,PROD-0060,SITE-007,2026-08-15T18:58:59Z,14,4498.62,retail
TXN-000003680,CUST-00681,PROD-0037,SITE-009,2026-03-27T19:13:37Z,22,4416.5,online
TXN-000003681,CUST-00380,PROD-0094,SITE-012,2025-08-25T18:22:12Z,9,1145.07,retail
TXN-000003682,CUST-00743,PROD-0051,SITE-014,2024-08-13T13:45:36Z,27,3235.14,distributor
TXN-000003683,CUST-00378,PROD-0104,SITE-004,2024-07-09T01:25:32Z,17,3238.84,retail
TXN-000003684,CUST-00195,PROD-0068,SITE-010,2026-04-21T16:02:16Z,25,3965.75,field-sales
TXN-000003685,CUST-00259,PROD-0011,SITE-006,2025-11-14T01:53:04Z,14,4204.76,distributor
TXN-000003686,CUST-00041,PROD-0014,SITE-005,2025-02-16T22:57:12Z,20,4307.4,retail
TXN-000003687,CUST-00373,PROD-0110,SITE-005,2026-07-20T02:22:54Z,19,5282.95,field-sales
TXN-000003688,CUST-00105,PROD-0048,SITE-008,2024-11-11T23:42:10Z,8,2616.56,retail
TXN-000003689,CUST-00517,PROD-0071,SITE-004,2025-05-30T16:07:22Z,32,7888.96,online
TXN-000003690,CUST-00524,PROD-0064,SITE-011,2025-09-20T11:47:49Z,7,1420.93,online
TXN-000003691,CUST-00159,PROD-0024,SITE-003,2026-08-22T20:15:01Z,37,7960.92,distributor
TXN-000003692,CUST-00097,PROD-0061,SITE-008,2026-07-03T16:06:00Z,39,11226.15,retail
TXN-000003693,CUST-00601,PROD-0005,SITE-008,2024-07-25T02:50:59Z,1,94.88,distributor
TXN-000003694,CUST-00232,PROD-0117,SITE-012,2024-05-17T20:31:52Z,3,953.64,online
TXN-000003695,CUST-00545,PROD-0095,SITE-002,2026-06-02T00:34:42Z,15,3888.6,retail
TXN-000003696,CUST-00130,PROD-0059,SITE-003,2026-04-23T10:20:19Z,21,3052.14,online
TXN-000003697,CUST-00482,PROD-0030,SITE-006,2025-09-26T16:21:58Z,22,8678.78,online
TXN-000003698,CUST-00581,PROD-0093,SITE-005,2026-08-29T08:11:18Z,37,5138.93,distributor
TXN-000003699,CUST-00570,PROD-0102,SITE-003,2025-07-27T07:16:18Z,14,2690.8,field-sales
TXN-000003700,CUST-00753,PROD-0048,SITE-003,2025-05-27T09:10:48Z,39,15416.31,online
TXN-000003701,CUST-00338,PROD-0074,SITE-013,2026-01-29T22:06:01Z,32,12490.88,field-sales
TXN-000003702,CUST-00761,PROD-0049,SITE-001,2024-10-10T07:43:37Z,39,12073.62,field-sales
TXN-000003703,CUST-00349,PROD-0001,SITE-002,2024-11-16T11:44:24Z,23,1862.54,field-sales
TXN-000003704,CUST-00081,PROD-0009,SITE-006,2026-06-07T13:22:21Z,10,3503.6,field-sales
TXN-000003705,CUST-00724,PROD-0052,SITE-007,2025-11-23T19:57:13Z,39,9455.55,retail
TXN-000003706,CUST-00408,PROD-0042,SITE-011,2026-04-29T04:38:08Z,2,784.76,retail
TXN-000003707,CUST-00271,PROD-0082,SITE-015,2025-09-26T08:16:59Z,20,6395.6,online
TXN-000003708,CUST-00119,PROD-0060,SITE-015,2024-06-08T10:25:52Z,4,447.36,online
TXN-000003709,CUST-00165,PROD-0108,SITE-013,2026-06-30T06:42:04Z,39,10301.07,field-sales
TXN-000003710,CUST-00777,PROD-0112,SITE-007,2025-10-13T16:32:27Z,26,7936.24,online
TXN-000003711,CUST-00513,PROD-0014,SITE-011,2024-05-10T10:32:32Z,5,1821.4,field-sales
TXN-000003712,CUST-00748,PROD-0047,SITE-004,2026-05-11T04:56:59Z,2,262.46,field-sales
TXN-000003713,CUST-00560,PROD-0072,SITE-006,2025-01-13T06:03:19Z,17,4358.8,distributor
TXN-000003714,CUST-00465,PROD-0012,SITE-009,2026-03-29T18:02:11Z,9,3126.51,distributor
TXN-000003715,CUST-00283,PROD-0016,SITE-005,2024-11-05T05:45:55Z,22,5404.3,distributor
TXN-000003716,CUST-00486,PROD-0106,SITE-008,2024-12-20T11:12:45Z,4,1145.4,online
TXN-000003717,CUST-00604,PROD-0014,SITE-014,2025-10-01T19:40:08Z,9,2064.24,field-sales
TXN-000003718,CUST-00325,PROD-0099,SITE-001,2025-06-08T20:20:47Z,36,1308.24,field-sales
TXN-000003719,CUST-00461,PROD-0023,SITE-001,2025-01-08T23:16:25Z,20,1336.6,online
TXN-000003720,CUST-00597,PROD-0029,SITE-009,2024-08-20T00:40:20Z,38,1724.82,retail
TXN-000003721,CUST-00081,PROD-0104,SITE-006,2026-06-24T23:44:32Z,1,158.07,online
TXN-000003722,CUST-00626,PROD-0029,SITE-013,2026-08-28T14:16:25Z,30,7157.1,distributor
TXN-000003723,CUST-00439,PROD-0020,SITE-015,2026-07-02T01:00:47Z,4,823.16,field-sales
TXN-000003724,CUST-00250,PROD-0032,SITE-001,2026-05-01T17:57:14Z,24,8396.88,field-sales
TXN-000003725,CUST-00270,PROD-0079,SITE-011,2026-04-13T19:17:42Z,14,2354.24,retail
TXN-000003726,CUST-00196,PROD-0013,SITE-005,2025-07-23T22:14:07Z,28,4221.28,distributor
TXN-000003727,CUST-00359,PROD-0040,SITE-004,2024-08-03T04:38:37Z,6,103.92,distributor
TXN-000003728,CUST-00207,PROD-0114,SITE-007,2025-09-26T16:45:06Z,22,6578.66,distributor
TXN-000003729,CUST-00205,PROD-0112,SITE-001,2026-07-15T07:32:29Z,10,910,retail
TXN-000003730,CUST-00283,PROD-0096,SITE-008,2025-07-29T04:03:07Z,27,10345.05,field-sales
TXN-000003731,CUST-00302,PROD-0115,SITE-012,2026-01-16T01:03:51Z,16,4849.12,retail
TXN-000003732,CUST-00596,PROD-0005,SITE-006,2026-05-06T14:28:36Z,38,2088.86,field-sales
TXN-000003733,CUST-00228,PROD-0081,SITE-001,2025-05-07T17:24:06Z,35,4539.5,distributor
TXN-000003734,CUST-00403,PROD-0032,SITE-009,2025-09-27T01:53:05Z,9,3329.82,field-sales
TXN-000003735,CUST-00564,PROD-0080,SITE-006,2025-10-25T22:52:20Z,16,3768.96,online
TXN-000003736,CUST-00665,PROD-0052,SITE-012,2025-07-19T17:05:29Z,19,1045.19,online
TXN-000003737,CUST-00443,PROD-0057,SITE-009,2024-04-10T06:46:36Z,20,5371,field-sales
TXN-000003738,CUST-00528,PROD-0113,SITE-005,2025-01-28T15:50:21Z,35,13636,distributor
TXN-000003739,CUST-00742,PROD-0036,SITE-011,2025-08-14T16:37:30Z,31,2773.26,distributor
TXN-000003740,CUST-00052,PROD-0078,SITE-005,2026-03-27T03:18:37Z,32,9871.68,distributor
TXN-000003741,CUST-00587,PROD-0103,SITE-002,2025-07-04T11:20:57Z,7,1943.69,online
TXN-000003742,CUST-00133,PROD-0120,SITE-015,2025-04-09T19:35:49Z,21,4194.96,online
TXN-000003743,CUST-00589,PROD-0034,SITE-006,2026-04-22T06:31:30Z,19,4207.17,field-sales
TXN-000003744,CUST-00381,PROD-0008,SITE-009,2024-09-04T19:27:08Z,21,6518.19,retail
TXN-000003745,CUST-00785,PROD-0069,SITE-015,2024-05-20T09:37:54Z,12,3118.68,distributor
TXN-000003746,CUST-00793,PROD-0067,SITE-012,2026-03-12T19:03:32Z,13,1502.28,retail
TXN-000003747,CUST-00137,PROD-0052,SITE-009,2025-10-31T06:50:39Z,10,1458.8,field-sales
TXN-000003748,CUST-00022,PROD-0090,SITE-012,2025-11-15T14:36:52Z,35,902.65,online
TXN-000003749,CUST-00449,PROD-0068,SITE-015,2024-05-09T17:07:10Z,4,121.32,field-sales
TXN-000003750,CUST-00798,PROD-0058,SITE-013,2026-05-12T23:21:06Z,4,1273,field-sales
TXN-000003751,CUST-00077,PROD-0023,SITE-004,2025-05-03T23:40:43Z,4,890.2,field-sales
TXN-000003752,CUST-00760,PROD-0078,SITE-009,2026-08-26T01:24:36Z,14,395.36,distributor
TXN-000003753,CUST-00513,PROD-0057,SITE-013,2026-03-20T00:55:02Z,40,3016.8,distributor
TXN-000003754,CUST-00142,PROD-0003,SITE-010,2024-06-03T12:38:19Z,38,1718.36,field-sales
TXN-000003755,CUST-00091,PROD-0100,SITE-004,2024-12-26T22:48:42Z,2,41.32,distributor
TXN-000003756,CUST-00045,PROD-0040,SITE-008,2025-10-11T23:34:58Z,17,4972.5,retail
TXN-000003757,CUST-00624,PROD-0106,SITE-013,2025-07-20T19:54:00Z,30,3948.9,online
TXN-000003758,CUST-00409,PROD-0083,SITE-009,2024-10-19T01:22:21Z,21,2423.82,online
TXN-000003759,CUST-00297,PROD-0067,SITE-009,2026-07-01T15:29:18Z,17,688.84,online
TXN-000003760,CUST-00643,PROD-0039,SITE-010,2024-06-09T16:11:14Z,2,216.3,online
TXN-000003761,CUST-00362,PROD-0106,SITE-008,2026-07-12T07:40:01Z,31,7702.26,distributor
TXN-000003762,CUST-00421,PROD-0013,SITE-007,2025-02-21T16:33:10Z,13,3902.86,field-sales
TXN-000003763,CUST-00075,PROD-0013,SITE-015,2025-09-09T10:02:19Z,2,162.64,distributor
TXN-000003764,CUST-00761,PROD-0030,SITE-002,2024-12-11T22:41:47Z,16,1656.8,distributor
TXN-000003765,CUST-00220,PROD-0035,SITE-010,2026-02-20T13:00:07Z,20,6599.6,distributor
TXN-000003766,CUST-00319,PROD-0116,SITE-012,2024-12-17T08:26:59Z,23,2550.01,field-sales
TXN-000003767,CUST-00015,PROD-0097,SITE-003,2025-04-12T17:07:01Z,33,9730.38,online
TXN-000003768,CUST-00443,PROD-0089,SITE-003,2025-02-23T17:11:24Z,14,4863.04,distributor
TXN-000003769,CUST-00405,PROD-0114,SITE-002,2025-06-30T23:55:07Z,29,7862.48,retail
TXN-000003770,CUST-00118,PROD-0076,SITE-005,2025-05-09T23:57:57Z,5,753.1,retail
TXN-000003771,CUST-00420,PROD-0020,SITE-005,2025-10-22T14:33:48Z,39,1569.75,distributor
TXN-000003772,CUST-00767,PROD-0101,SITE-015,2026-03-16T10:41:09Z,21,7201.74,retail
TXN-000003773,CUST-00761,PROD-0066,SITE-002,2025-11-26T12:21:55Z,4,374.64,field-sales
TXN-000003774,CUST-00635,PROD-0012,SITE-007,2026-01-22T19:53:28Z,28,4912.04,retail
TXN-000003775,CUST-00712,PROD-0079,SITE-003,2026-01-30T16:36:35Z,11,2195.71,distributor
TXN-000003776,CUST-00605,PROD-0043,SITE-007,2024-10-26T04:41:45Z,38,6495.72,retail
TXN-000003777,CUST-00589,PROD-0048,SITE-001,2026-07-18T20:34:47Z,12,2223.12,retail
TXN-000003778,CUST-00030,PROD-0027,SITE-004,2025-12-18T05:09:31Z,11,2742.85,field-sales
TXN-000003779,CUST-00796,PROD-0118,SITE-007,2025-06-30T04:07:35Z,25,7201.25,online
TXN-000003780,CUST-00151,PROD-0075,SITE-006,2025-05-29T13:20:07Z,10,491,field-sales
TXN-000003781,CUST-00556,PROD-0008,SITE-011,2025-08-25T12:52:14Z,24,475.44,distributor
TXN-000003782,CUST-00357,PROD-0062,SITE-003,2024-05-08T22:49:58Z,29,8403.33,distributor
TXN-000003783,CUST-00189,PROD-0012,SITE-007,2024-10-22T11:06:44Z,39,2738.19,retail
TXN-000003784,CUST-00083,PROD-0007,SITE-014,2025-04-18T20:14:24Z,40,13185.6,field-sales
TXN-000003785,CUST-00009,PROD-0022,SITE-001,2024-10-26T20:51:42Z,20,1800.2,online
TXN-000003786,CUST-00530,PROD-0063,SITE-001,2025-03-17T07:42:11Z,18,859.86,online
TXN-000003787,CUST-00448,PROD-0087,SITE-010,2026-07-12T06:37:52Z,5,1283.7,retail
TXN-000003788,CUST-00627,PROD-0084,SITE-005,2026-01-15T11:43:36Z,2,646.5,retail
TXN-000003789,CUST-00633,PROD-0019,SITE-007,2026-01-11T04:59:07Z,26,9669.66,online
TXN-000003790,CUST-00120,PROD-0044,SITE-012,2026-07-03T06:01:26Z,12,2642.76,field-sales
TXN-000003791,CUST-00737,PROD-0078,SITE-012,2025-10-31T17:17:11Z,8,216.56,online
TXN-000003792,CUST-00541,PROD-0008,SITE-003,2024-08-27T21:12:41Z,3,711.6,distributor
TXN-000003793,CUST-00374,PROD-0067,SITE-011,2024-08-25T07:53:38Z,22,6932.86,field-sales
TXN-000003794,CUST-00668,PROD-0081,SITE-010,2024-04-22T03:48:19Z,40,3926.8,online
TXN-000003795,CUST-00705,PROD-0003,SITE-007,2025-05-02T03:18:37Z,5,484.15,online
TXN-000003796,CUST-00347,PROD-0017,SITE-003,2026-05-14T02:36:16Z,17,2740.91,field-sales
TXN-000003797,CUST-00392,PROD-0060,SITE-015,2026-04-04T05:57:33Z,30,9190.5,online
TXN-000003798,CUST-00319,PROD-0010,SITE-009,2024-12-17T11:37:50Z,15,2581.65,distributor
TXN-000003799,CUST-00738,PROD-0063,SITE-015,2026-08-24T19:28:33Z,26,8030.36,retail
TXN-000003800,CUST-00106,PROD-0070,SITE-005,2025-10-10T17:28:00Z,40,4614.4,field-sales
TXN-000003801,CUST-00530,PROD-0047,SITE-001,2026-04-07T15:55:38Z,36,6954.48,retail
TXN-000003802,CUST-00799,PROD-0034,SITE-011,2025-02-19T17:40:20Z,13,4127.5,field-sales
TXN-000003803,CUST-00774,PROD-0078,SITE-001,2025-06-08T08:56:52Z,12,123.12,retail
TXN-000003804,CUST-00111,PROD-0022,SITE-014,2026-06-22T17:31:40Z,10,1188.3,retail
TXN-000003805,CUST-00608,PROD-0096,SITE-013,2026-01-28T23:13:01Z,34,349.18,online
TXN-000003806,CUST-00481,PROD-0106,SITE-012,2025-04-11T17:12:18Z,38,4385.58,distributor
TXN-000003807,CUST-00693,PROD-0111,SITE-015,2024-10-24T16:58:47Z,25,4668,distributor
TXN-000003808,CUST-00549,PROD-0106,SITE-009,2025-07-03T20:49:56Z,12,2273.52,retail
TXN-000003809,CUST-00004,PROD-0005,SITE-002,2025-01-22T17:50:02Z,21,7893.06,field-sales
TXN-000003810,CUST-00572,PROD-0027,SITE-009,2026-07-21T00:35:25Z,19,3230.57,distributor
TXN-000003811,CUST-00122,PROD-0002,SITE-005,2026-03-30T00:38:06Z,16,2841.76,retail
TXN-000003812,CUST-00591,PROD-0084,SITE-002,2024-11-28T06:13:34Z,25,6191.75,retail
TXN-000003813,CUST-00140,PROD-0030,SITE-014,2025-03-19T08:00:00Z,32,12430.4,online
TXN-000003814,CUST-00763,PROD-0119,SITE-012,2026-07-13T17:21:23Z,33,8681.64,online
TXN-000003815,CUST-00263,PROD-0100,SITE-002,2026-07-29T11:26:42Z,39,1786.2,retail
TXN-000003816,CUST-00653,PROD-0019,SITE-008,2025-01-31T03:42:38Z,9,3156.21,field-sales
TXN-000003817,CUST-00689,PROD-0016,SITE-011,2024-05-24T04:11:59Z,4,1357.24,online
TXN-000003818,CUST-00769,PROD-0089,SITE-007,2024-04-06T02:44:27Z,19,2242.95,online
TXN-000003819,CUST-00555,PROD-0042,SITE-010,2026-03-27T08:03:06Z,25,5772.25,retail
TXN-000003820,CUST-00677,PROD-0017,SITE-007,2026-05-12T16:49:27Z,31,5053.62,distributor
TXN-000003821,CUST-00192,PROD-0085,SITE-008,2025-11-14T12:16:53Z,22,2227.72,online
TXN-000003822,CUST-00784,PROD-0063,SITE-004,2025-02-24T02:56:23Z,32,4146.56,field-sales
TXN-000003823,CUST-00577,PROD-0103,SITE-003,2026-04-16T14:34:20Z,15,1321.35,distributor
TXN-000003824,CUST-00168,PROD-0029,SITE-006,2026-06-01T05:39:35Z,4,1522.92,distributor
TXN-000003825,CUST-00397,PROD-0085,SITE-012,2024-08-27T23:29:54Z,37,4618.71,retail
TXN-000003826,CUST-00490,PROD-0120,SITE-003,2025-04-01T04:47:38Z,6,532.14,field-sales
TXN-000003827,CUST-00737,PROD-0098,SITE-013,2025-05-17T14:46:07Z,22,4741,retail
TXN-000003828,CUST-00281,PROD-0119,SITE-010,2024-09-26T17:22:40Z,7,2763.32,field-sales
TXN-000003829,CUST-00771,PROD-0001,SITE-011,2025-10-29T00:21:44Z,8,2634.24,retail
TXN-000003830,CUST-00151,PROD-0054,SITE-012,2026-04-02T22:52:39Z,5,758.15,field-sales
TXN-000003831,CUST-00469,PROD-0040,SITE-013,2026-03-05T20:10:34Z,4,538.72,distributor
TXN-000003832,CUST-00480,PROD-0018,SITE-005,2025-11-19T10:59:50Z,19,7355.47,field-sales
TXN-000003833,CUST-00698,PROD-0060,SITE-002,2025-10-14T09:35:06Z,34,6042.82,field-sales
TXN-000003834,CUST-00773,PROD-0005,SITE-014,2025-02-13T07:56:41Z,5,639.35,online
TXN-000003835,CUST-00610,PROD-0091,SITE-003,2025-01-10T22:39:41Z,4,91.36,retail
TXN-000003836,CUST-00139,PROD-0036,SITE-010,2025-01-24T08:19:09Z,12,2398.08,online
TXN-000003837,CUST-00560,PROD-0030,SITE-010,2026-02-02T08:29:01Z,35,13068.65,online
TXN-000003838,CUST-00650,PROD-0006,SITE-009,2024-09-03T19:20:56Z,35,9020.9,online
TXN-000003839,CUST-00468,PROD-0086,SITE-013,2026-05-19T07:11:01Z,30,8019.6,distributor
TXN-000003840,CUST-00442,PROD-0069,SITE-013,2025-10-27T14:38:38Z,18,245.52,field-sales
TXN-000003841,CUST-00078,PROD-0071,SITE-010,2024-09-28T00:38:39Z,21,3058.65,retail
TXN-000003842,CUST-00049,PROD-0052,SITE-008,2026-07-23T19:34:46Z,36,11848.68,distributor
TXN-000003843,CUST-00254,PROD-0111,SITE-001,2024-11-24T18:51:18Z,37,5716.13,distributor
TXN-000003844,CUST-00293,PROD-0064,SITE-011,2024-09-23T23:15:02Z,20,5535.6,distributor
TXN-000003845,CUST-00136,PROD-0017,SITE-011,2024-09-21T04:21:15Z,28,9358.16,field-sales
TXN-000003846,CUST-00055,PROD-0010,SITE-015,2026-02-16T10:21:26Z,3,1162.83,online
TXN-000003847,CUST-00042,PROD-0096,SITE-011,2025-02-08T19:37:53Z,6,659.1,distributor
TXN-000003848,CUST-00145,PROD-0088,SITE-004,2025-06-22T00:33:34Z,15,317.7,retail
TXN-000003849,CUST-00733,PROD-0091,SITE-014,2025-02-03T19:37:30Z,9,3149.37,online
TXN-000003850,CUST-00474,PROD-0031,SITE-011,2026-04-11T14:45:18Z,11,3710.19,distributor
TXN-000003851,CUST-00575,PROD-0037,SITE-013,2024-07-05T19:31:27Z,40,4242.8,online
TXN-000003852,CUST-00517,PROD-0020,SITE-001,2025-09-13T00:09:44Z,36,13260.24,field-sales
TXN-000003853,CUST-00708,PROD-0040,SITE-013,2026-03-01T21:57:36Z,1,289.03,distributor
TXN-000003854,CUST-00411,PROD-0028,SITE-003,2026-07-03T07:20:03Z,5,1989,distributor
TXN-000003855,CUST-00717,PROD-0008,SITE-009,2026-08-05T22:44:34Z,17,1641.01,distributor
TXN-000003856,CUST-00043,PROD-0010,SITE-001,2025-09-03T14:16:00Z,22,4812.5,distributor
TXN-000003857,CUST-00785,PROD-0119,SITE-002,2026-06-11T13:22:41Z,30,10737.3,field-sales
TXN-000003858,CUST-00298,PROD-0118,SITE-007,2025-08-19T19:18:07Z,31,10230.62,distributor
TXN-000003859,CUST-00005,PROD-0080,SITE-003,2026-03-01T05:00:08Z,25,5738.25,online
TXN-000003860,CUST-00187,PROD-0099,SITE-007,2026-08-16T04:41:17Z,7,1592.99,field-sales
TXN-000003861,CUST-00112,PROD-0119,SITE-006,2024-09-26T20:55:19Z,5,1915.9,online
TXN-000003862,CUST-00635,PROD-0006,SITE-002,2025-09-09T14:49:39Z,12,2373.6,distributor
TXN-000003863,CUST-00220,PROD-0025,SITE-014,2026-08-12T05:51:39Z,38,14090.4,field-sales
TXN-000003864,CUST-00745,PROD-0052,SITE-009,2024-11-29T10:40:07Z,40,12918,online
TXN-000003865,CUST-00318,PROD-0012,SITE-014,2026-02-12T14:58:09Z,36,9964.8,online
TXN-000003866,CUST-00788,PROD-0064,SITE-004,2026-08-19T07:19:59Z,36,9140.4,distributor
TXN-000003867,CUST-00789,PROD-0110,SITE-011,2026-04-15T17:03:22Z,23,8819.12,field-sales
TXN-000003868,CUST-00410,PROD-0024,SITE-002,2025-09-18T15:42:25Z,39,6948.24,retail
TXN-000003869,CUST-00048,PROD-0019,SITE-005,2026-06-04T05:08:00Z,10,2507.4,online
TXN-000003870,CUST-00279,PROD-0029,SITE-012,2025-03-12T04:06:58Z,23,8323.7,field-sales
TXN-000003871,CUST-00059,PROD-0003,SITE-005,2024-10-26T05:09:50Z,4,758.88,online
TXN-000003872,CUST-00492,PROD-0036,SITE-003,2025-12-11T03:22:32Z,13,4472.39,field-sales
TXN-000003873,CUST-00340,PROD-0110,SITE-011,2025-08-25T13:40:03Z,18,398.34,retail
TXN-000003874,CUST-00439,PROD-0024,SITE-004,2024-11-01T20:01:40Z,21,577.92,field-sales
TXN-000003875,CUST-00615,PROD-0052,SITE-012,2026-07-27T18:40:02Z,13,1378.65,distributor
TXN-000003876,CUST-00006,PROD-0037,SITE-003,2025-04-07T00:07:46Z,40,15921.6,online
TXN-000003877,CUST-00133,PROD-0010,SITE-009,2025-10-17T15:59:14Z,18,2111.76,distributor
TXN-000003878,CUST-00706,PROD-0029,SITE-009,2026-07-13T12:08:04Z,36,11181.6,retail
TXN-000003879,CUST-00657,PROD-0089,SITE-004,2025-07-19T14:51:54Z,13,970.84,distributor
TXN-000003880,CUST-00376,PROD-0101,SITE-004,2024-10-14T14:06:54Z,36,13452.84,retail
TXN-000003881,CUST-00263,PROD-0015,SITE-013,2026-06-19T06:12:55Z,16,5331.68,retail
TXN-000003882,CUST-00266,PROD-0070,SITE-012,2026-04-30T19:19:38Z,40,381.6,distributor
TXN-000003883,CUST-00772,PROD-0073,SITE-012,2026-03-04T02:18:27Z,14,2191.56,distributor
TXN-000003884,CUST-00746,PROD-0047,SITE-008,2025-06-23T14:41:45Z,34,3770.94,field-sales
TXN-000003885,CUST-00520,PROD-0014,SITE-007,2024-12-13T20:02:25Z,28,6688.36,distributor
TXN-000003886,CUST-00448,PROD-0115,SITE-009,2025-11-13T09:44:22Z,10,1851.4,distributor
TXN-000003887,CUST-00245,PROD-0052,SITE-008,2025-08-14T21:31:17Z,39,15495.48,field-sales
TXN-000003888,CUST-00443,PROD-0110,SITE-005,2025-12-19T13:59:59Z,13,4652.31,field-sales
TXN-000003889,CUST-00724,PROD-0037,SITE-013,2025-10-14T10:06:45Z,31,6837.36,retail
TXN-000003890,CUST-00081,PROD-0030,SITE-004,2024-08-30T21:41:39Z,40,3794,online
TXN-000003891,CUST-00465,PROD-0004,SITE-005,2025-04-22T10:24:47Z,13,817.57,online
TXN-000003892,CUST-00116,PROD-0091,SITE-013,2026-04-14T16:53:01Z,22,4220.7,online
TXN-000003893,CUST-00373,PROD-0085,SITE-007,2025-10-03T04:46:10Z,4,1098.8,distributor
TXN-000003894,CUST-00603,PROD-0118,SITE-012,2025-07-04T11:44:39Z,29,4131.05,distributor
TXN-000003895,CUST-00554,PROD-0007,SITE-009,2025-05-24T02:29:12Z,11,1038.62,field-sales
TXN-000003896,CUST-00432,PROD-0043,SITE-011,2024-12-04T01:28:51Z,6,776.1,distributor
TXN-000003897,CUST-00747,PROD-0021,SITE-008,2026-01-21T16:23:26Z,28,5958.12,online
TXN-000003898,CUST-00181,PROD-0024,SITE-012,2025-11-28T07:42:50Z,10,695.9,retail
TXN-000003899,CUST-00644,PROD-0108,SITE-009,2025-04-26T23:09:34Z,38,1692.9,distributor
TXN-000003900,CUST-00051,PROD-0023,SITE-003,2024-07-21T01:32:22Z,6,2086.56,online
TXN-000003901,CUST-00584,PROD-0050,SITE-007,2026-05-13T14:27:55Z,40,15670.8,retail
TXN-000003902,CUST-00653,PROD-0088,SITE-014,2025-07-20T13:48:43Z,8,3065.92,online
TXN-000003903,CUST-00326,PROD-0077,SITE-014,2026-07-29T01:45:16Z,17,4396.88,online
TXN-000003904,CUST-00284,PROD-0062,SITE-014,2024-12-06T15:33:16Z,37,3194.21,online
TXN-000003905,CUST-00557,PROD-0109,SITE-006,2025-04-17T07:02:03Z,6,1309.68,online
TXN-000003906,CUST-00408,PROD-0101,SITE-013,2025-09-15T05:06:38Z,12,2673.36,online
TXN-000003907,CUST-00301,PROD-0092,SITE-003,2026-08-21T17:58:06Z,1,356.86,online
TXN-000003908,CUST-00487,PROD-0054,SITE-015,2024-09-29T16:18:01Z,30,1703.7,retail
TXN-000003909,CUST-00547,PROD-0091,SITE-007,2025-06-11T10:12:30Z,3,310.83,field-sales
TXN-000003910,CUST-00741,PROD-0097,SITE-002,2025-03-17T11:38:34Z,14,694.96,online
TXN-000003911,CUST-00798,PROD-0078,SITE-008,2025-07-22T04:08:40Z,18,2203.74,online
TXN-000003912,CUST-00671,PROD-0084,SITE-015,2025-02-25T12:05:26Z,34,6623.88,distributor
TXN-000003913,CUST-00554,PROD-0020,SITE-013,2024-11-26T04:13:12Z,36,13556.16,online
TXN-000003914,CUST-00616,PROD-0048,SITE-002,2025-10-22T12:14:14Z,10,267.9,online
TXN-000003915,CUST-00459,PROD-0060,SITE-003,2026-06-28T17:23:20Z,36,596.88,retail
TXN-000003916,CUST-00595,PROD-0073,SITE-003,2026-05-26T14:41:15Z,39,4338.36,distributor
TXN-000003917,CUST-00243,PROD-0057,SITE-006,2026-05-26T17:52:46Z,38,15046.48,distributor
TXN-000003918,CUST-00091,PROD-0098,SITE-009,2026-07-13T18:04:19Z,23,5028.26,online
TXN-000003919,CUST-00710,PROD-0005,SITE-001,2026-02-18T07:26:17Z,20,4562.8,retail
TXN-000003920,CUST-00047,PROD-0114,SITE-006,2025-11-08T04:36:24Z,16,212.48,retail
TXN-000003921,CUST-00774,PROD-0051,SITE-002,2025-07-29T07:37:24Z,13,1431.95,distributor
TXN-000003922,CUST-00173,PROD-0001,SITE-009,2025-08-23T01:38:06Z,7,1794.66,distributor
TXN-000003923,CUST-00734,PROD-0064,SITE-002,2026-01-11T21:59:42Z,24,2755.44,retail
TXN-000003924,CUST-00033,PROD-0029,SITE-013,2025-05-19T07:01:41Z,24,3180.96,distributor
TXN-000003925,CUST-00049,PROD-0042,SITE-005,2026-05-27T07:36:13Z,23,8556.46,distributor
TXN-000003926,CUST-00759,PROD-0098,SITE-007,2025-01-10T04:17:19Z,4,1027.36,online
TXN-000003927,CUST-00391,PROD-0052,SITE-011,2026-08-08T22:45:32Z,9,404.91,online
TXN-000003928,CUST-00605,PROD-0028,SITE-013,2024-10-08T05:06:21Z,4,359.16,distributor
TXN-000003929,CUST-00192,PROD-0102,SITE-014,2026-05-26T17:21:37Z,13,112.71,distributor
TXN-000003930,CUST-00767,PROD-0018,SITE-008,2026-06-23T22:41:35Z,36,10427.4,online
TXN-000003931,CUST-00608,PROD-0107,SITE-003,2026-04-05T18:22:55Z,4,383.88,field-sales
TXN-000003932,CUST-00466,PROD-0090,SITE-012,2026-07-04T22:28:52Z,19,5869.1,field-sales
TXN-000003933,CUST-00639,PROD-0066,SITE-005,2025-02-13T23:22:34Z,32,7322.24,distributor
TXN-000003934,CUST-00671,PROD-0018,SITE-009,2025-12-01T03:56:46Z,27,7777.35,retail
TXN-000003935,CUST-00231,PROD-0043,SITE-011,2025-07-17T11:18:30Z,38,7529.7,retail
TXN-000003936,CUST-00257,PROD-0064,SITE-004,2024-10-05T16:17:25Z,20,2594.2,distributor
TXN-000003937,CUST-00591,PROD-0056,SITE-014,2024-11-09T08:43:37Z,30,7379.7,retail
TXN-000003938,CUST-00708,PROD-0017,SITE-006,2025-04-15T06:53:36Z,5,1754.35,retail
TXN-000003939,CUST-00525,PROD-0086,SITE-015,2024-09-23T03:29:46Z,27,9062.01,retail
TXN-000003940,CUST-00288,PROD-0029,SITE-009,2025-12-09T10:27:43Z,40,6202,field-sales
TXN-000003941,CUST-00699,PROD-0006,SITE-011,2025-03-31T06:59:18Z,20,7732.2,online
TXN-000003942,CUST-00490,PROD-0054,SITE-013,2025-12-24T10:29:44Z,4,1555.4,retail
TXN-000003943,CUST-00383,PROD-0040,SITE-007,2026-01-17T19:51:46Z,5,327.25,retail
TXN-000003944,CUST-00262,PROD-0015,SITE-015,2024-07-10T00:41:29Z,32,8878.72,online
TXN-000003945,CUST-00239,PROD-0008,SITE-001,2025-04-07T20:23:32Z,33,1060.62,distributor
TXN-000003946,CUST-00272,PROD-0021,SITE-014,2025-01-18T01:34:23Z,10,818.9,distributor
TXN-000003947,CUST-00029,PROD-0060,SITE-007,2026-02-23T04:45:24Z,25,6727.75,online
TXN-000003948,CUST-00430,PROD-0063,SITE-011,2025-01-27T15:07:15Z,9,565.02,online
TXN-000003949,CUST-00763,PROD-0109,SITE-007,2024-05-28T04:35:51Z,23,878.83,online
TXN-000003950,CUST-00116,PROD-0034,SITE-003,2025-01-07T13:15:06Z,17,4103.97,retail
TXN-000003951,CUST-00577,PROD-0106,SITE-006,2025-07-18T00:29:57Z,3,106.65,online
TXN-000003952,CUST-00407,PROD-0080,SITE-006,2026-05-13T00:08:06Z,18,2494.44,field-sales
TXN-000003953,CUST-00114,PROD-0092,SITE-010,2025-01-21T02:52:50Z,10,926.8,distributor
TXN-000003954,CUST-00505,PROD-0079,SITE-014,2026-05-14T05:20:34Z,5,1723.65,retail
TXN-000003955,CUST-00307,PROD-0078,SITE-014,2026-03-29T08:54:36Z,2,410.42,field-sales
TXN-000003956,CUST-00313,PROD-0114,SITE-003,2025-12-23T04:17:25Z,20,7506.6,distributor
TXN-000003957,CUST-00764,PROD-0039,SITE-014,2025-01-04T04:34:06Z,18,6114.78,retail
TXN-000003958,CUST-00287,PROD-0089,SITE-007,2026-04-17T09:36:45Z,2,477.26,field-sales
TXN-000003959,CUST-00584,PROD-0015,SITE-013,2026-01-22T13:15:44Z,25,6395.25,field-sales
TXN-000003960,CUST-00677,PROD-0034,SITE-012,2026-08-20T14:45:43Z,10,2894.3,distributor
TXN-000003961,CUST-00025,PROD-0012,SITE-006,2026-06-21T23:43:45Z,3,526.17,distributor
TXN-000003962,CUST-00054,PROD-0094,SITE-003,2026-02-22T10:32:58Z,25,8688,online
TXN-000003963,CUST-00716,PROD-0090,SITE-012,2026-08-04T07:18:41Z,13,1601.08,field-sales
TXN-000003964,CUST-00402,PROD-0018,SITE-008,2026-01-12T17:21:36Z,25,8730.5,field-sales
TXN-000003965,CUST-00494,PROD-0037,SITE-009,2024-12-11T02:32:34Z,39,12353.25,field-sales
TXN-000003966,CUST-00068,PROD-0008,SITE-007,2025-04-17T23:52:42Z,14,5293.26,field-sales
TXN-000003967,CUST-00536,PROD-0055,SITE-004,2026-06-16T12:17:18Z,19,5272.69,distributor
TXN-000003968,CUST-00486,PROD-0015,SITE-009,2026-03-21T22:49:31Z,13,725.27,retail
TXN-000003969,CUST-00185,PROD-0052,SITE-008,2025-08-15T08:14:04Z,40,6912,distributor
TXN-000003970,CUST-00762,PROD-0072,SITE-015,2025-10-10T15:29:00Z,31,2754.66,retail
TXN-000003971,CUST-00216,PROD-0035,SITE-012,2024-10-17T03:01:35Z,21,3971.94,distributor
TXN-000003972,CUST-00179,PROD-0043,SITE-015,2024-12-09T10:24:22Z,19,3785.18,field-sales
TXN-000003973,CUST-00380,PROD-0066,SITE-006,2025-06-26T19:45:33Z,26,1609.14,field-sales
TXN-000003974,CUST-00656,PROD-0031,SITE-008,2026-03-27T02:50:24Z,34,5368.26,distributor
TXN-000003975,CUST-00100,PROD-0040,SITE-002,2024-09-16T12:37:08Z,39,11081.85,retail
TXN-000003976,CUST-00662,PROD-0098,SITE-008,2025-09-23T04:05:09Z,11,391.05,online
TXN-000003977,CUST-00643,PROD-0114,SITE-008,2024-12-25T02:57:39Z,37,12703.21,online
TXN-000003978,CUST-00002,PROD-0042,SITE-002,2025-11-24T05:04:48Z,30,2866.2,field-sales
TXN-000003979,CUST-00177,PROD-0057,SITE-008,2025-02-15T13:50:23Z,37,1415.99,online
TXN-000003980,CUST-00488,PROD-0071,SITE-005,2025-03-05T08:37:08Z,10,1395.9,online
TXN-000003981,CUST-00691,PROD-0061,SITE-011,2025-01-12T05:02:08Z,15,5298.6,retail
TXN-000003982,CUST-00102,PROD-0008,SITE-013,2025-06-22T03:45:46Z,33,6609.24,online
TXN-000003983,CUST-00680,PROD-0028,SITE-005,2025-09-05T09:12:05Z,26,2829.32,field-sales
TXN-000003984,CUST-00016,PROD-0060,SITE-007,2026-03-17T22:32:08Z,31,7966.69,retail
TXN-000003985,CUST-00146,PROD-0015,SITE-011,2025-05-29T18:49:33Z,13,717.86,field-sales
TXN-000003986,CUST-00018,PROD-0035,SITE-015,2025-08-21T22:02:48Z,21,470.19,online
TXN-000003987,CUST-00080,PROD-0011,SITE-015,2025-10-18T08:14:08Z,12,3388.56,retail
TXN-000003988,CUST-00081,PROD-0027,SITE-009,2025-08-06T00:33:33Z,10,2782.3,distributor
TXN-000003989,CUST-00496,PROD-0011,SITE-003,2025-07-05T07:46:36Z,8,745.52,online
TXN-000003990,CUST-00101,PROD-0096,SITE-002,2026-04-10T14:03:10Z,34,13343.64,field-sales
TXN-000003991,CUST-00745,PROD-0085,SITE-006,2025-04-21T23:39:41Z,4,455.48,retail
TXN-000003992,CUST-00559,PROD-0060,SITE-001,2026-03-31T07:39:55Z,29,3604.99,retail
TXN-000003993,CUST-00389,PROD-0021,SITE-001,2026-03-30T09:32:01Z,1,305.85,online
TXN-000003994,CUST-00095,PROD-0064,SITE-013,2025-03-26T01:26:02Z,27,7868.88,retail
TXN-000003995,CUST-00062,PROD-0050,SITE-013,2026-06-04T02:43:14Z,7,1471.47,retail
TXN-000003996,CUST-00157,PROD-0015,SITE-003,2026-08-07T18:35:00Z,39,11160.63,distributor
TXN-000003997,CUST-00005,PROD-0076,SITE-003,2026-04-23T00:32:51Z,25,9570.75,online
TXN-000003998,CUST-00430,PROD-0063,SITE-009,2024-04-09T13:38:31Z,31,4222.51,retail
TXN-000003999,CUST-00012,PROD-0060,SITE-008,2026-08-23T11:38:00Z,10,3691.6,field-sales
TXN-000004000,CUST-00005,PROD-0050,SITE-010,2026-02-21T04:52:57Z,3,550.65,field-sales
TXN-000004001,CUST-00512,PROD-0077,SITE-007,2025-11-05T16:37:58Z,26,6383,retail
TXN-000004002,CUST-00345,PROD-0051,SITE-006,2026-04-08T09:37:43Z,22,6459.2,distributor
TXN-000004003,CUST-00703,PROD-0069,SITE-004,2026-08-18T03:54:52Z,35,11346.65,field-sales
TXN-000004004,CUST-00336,PROD-0031,SITE-013,2024-06-21T01:25:48Z,10,3892.9,retail
TXN-000004005,CUST-00539,PROD-0110,SITE-012,2025-03-31T01:44:47Z,10,1941.7,field-sales
TXN-000004006,CUST-00730,PROD-0057,SITE-010,2026-03-15T05:45:29Z,17,6556.39,distributor
TXN-000004007,CUST-00362,PROD-0106,SITE-006,2025-08-23T21:40:09Z,38,13825.54,retail
TXN-000004008,CUST-00421,PROD-0011,SITE-014,2026-06-15T10:00:56Z,3,276.21,field-sales
TXN-000004009,CUST-00436,PROD-0090,SITE-007,2024-05-18T10:12:10Z,4,533.36,online
TXN-000004010,CUST-00152,PROD-0093,SITE-006,2025-03-25T07:53:41Z,29,9062.21,retail
TXN-000004011,CUST-00239,PROD-0107,SITE-009,2026-04-08T01:03:59Z,2,73.28,online
TXN-000004012,CUST-00119,PROD-0067,SITE-005,2024-06-18T13:46:41Z,4,770,retail
TXN-000004013,CUST-00330,PROD-0074,SITE-008,2025-03-06T07:23:48Z,26,9216.22,retail
TXN-000004014,CUST-00062,PROD-0086,SITE-012,2026-08-10T15:16:58Z,29,9070.33,online
TXN-000004015,CUST-00377,PROD-0090,SITE-004,2026-08-17T19:08:32Z,15,1204.95,distributor
TXN-000004016,CUST-00391,PROD-0005,SITE-009,2024-04-24T12:36:43Z,32,12791.36,field-sales
TXN-000004017,CUST-00286,PROD-0055,SITE-009,2026-05-31T18:55:45Z,14,3689.28,field-sales
TXN-000004018,CUST-00436,PROD-0069,SITE-015,2026-01-08T09:18:30Z,33,5700.42,field-sales
TXN-000004019,CUST-00234,PROD-0029,SITE-010,2026-06-11T05:28:03Z,2,632.58,field-sales
TXN-000004020,CUST-00330,PROD-0025,SITE-011,2024-09-21T15:53:43Z,21,7924.14,distributor
TXN-000004021,CUST-00455,PROD-0037,SITE-002,2026-04-20T22:42:42Z,35,5220.6,online
TXN-000004022,CUST-00124,PROD-0045,SITE-003,2024-06-07T12:50:59Z,6,233.64,retail
TXN-000004023,CUST-00659,PROD-0073,SITE-011,2025-08-12T16:45:57Z,28,6523.72,distributor
TXN-000004024,CUST-00484,PROD-0090,SITE-002,2025-12-14T15:41:52Z,12,4230.6,field-sales
TXN-000004025,CUST-00734,PROD-0018,SITE-001,2025-01-27T06:13:13Z,28,10043.6,online
TXN-000004026,CUST-00761,PROD-0013,SITE-009,2026-08-21T08:06:08Z,4,721.08,retail
TXN-000004027,CUST-00574,PROD-0044,SITE-007,2025-10-28T13:58:07Z,12,2196.72,distributor
TXN-000004028,CUST-00416,PROD-0028,SITE-008,2024-11-09T00:04:00Z,37,13968.98,field-sales
TXN-000004029,CUST-00381,PROD-0103,SITE-013,2026-02-17T09:08:58Z,15,3350.7,retail
TXN-000004030,CUST-00527,PROD-0061,SITE-006,2024-04-22T05:53:46Z,8,1310.4,retail
TXN-000004031,CUST-00133,PROD-0089,SITE-010,2025-07-07T03:09:53Z,28,10674.44,retail
TXN-000004032,CUST-00356,PROD-0022,SITE-013,2025-12-20T09:56:13Z,27,10070.73,field-sales
TXN-000004033,CUST-00609,PROD-0109,SITE-006,2025-08-31T21:57:46Z,31,5901.78,retail
TXN-000004034,CUST-00752,PROD-0103,SITE-009,2026-05-06T14:40:42Z,30,4618.5,field-sales
TXN-000004035,CUST-00631,PROD-0094,SITE-011,2026-07-02T05:55:11Z,2,207.52,retail
TXN-000004036,CUST-00728,PROD-0020,SITE-006,2025-01-10T18:02:00Z,27,3112.83,field-sales
TXN-000004037,CUST-00046,PROD-0062,SITE-013,2026-05-25T08:04:34Z,22,3115.2,online
TXN-000004038,CUST-00337,PROD-0014,SITE-004,2026-01-31T14:28:04Z,17,515.44,distributor
TXN-000004039,CUST-00039,PROD-0118,SITE-007,2024-04-21T02:02:30Z,8,764.96,distributor
TXN-000004040,CUST-00322,PROD-0112,SITE-009,2026-03-06T14:59:11Z,39,8322.6,online
TXN-000004041,CUST-00737,PROD-0005,SITE-015,2026-02-03T00:32:35Z,29,7450.68,retail
TXN-000004042,CUST-00500,PROD-0017,SITE-015,2026-08-13T20:34:31Z,11,3319.8,retail
TXN-000004043,CUST-00471,PROD-0011,SITE-001,2025-02-01T17:54:02Z,2,496.28,field-sales
TXN-000004044,CUST-00060,PROD-0089,SITE-008,2025-08-18T14:28:41Z,17,2358.92,distributor
TXN-000004045,CUST-00128,PROD-0059,SITE-006,2024-08-13T02:17:45Z,29,6847.48,field-sales
TXN-000004046,CUST-00358,PROD-0069,SITE-006,2026-08-08T08:14:59Z,36,7713,distributor
TXN-000004047,CUST-00004,PROD-0107,SITE-006,2026-06-04T21:49:27Z,14,4780.02,retail
TXN-000004048,CUST-00312,PROD-0045,SITE-004,2024-04-18T14:13:56Z,30,11245.8,distributor
TXN-000004049,CUST-00685,PROD-0095,SITE-014,2026-01-16T01:48:36Z,30,9676.2,field-sales
TXN-000004050,CUST-00220,PROD-0074,SITE-009,2025-11-07T05:59:58Z,20,1630.4,field-sales
TXN-000004051,CUST-00691,PROD-0016,SITE-015,2024-09-30T06:34:44Z,5,1069.3,retail
TXN-000004052,CUST-00744,PROD-0016,SITE-013,2025-06-17T19:54:54Z,14,4421.48,online
TXN-000004053,CUST-00054,PROD-0021,SITE-003,2026-05-11T11:20:49Z,27,1096.2,distributor
TXN-000004054,CUST-00172,PROD-0057,SITE-005,2026-08-06T12:56:31Z,14,3862.74,online
TXN-000004055,CUST-00524,PROD-0056,SITE-011,2025-12-08T13:25:06Z,20,6287.4,online
TXN-000004056,CUST-00063,PROD-0055,SITE-008,2026-01-06T03:17:47Z,24,558.72,field-sales
TXN-000004057,CUST-00596,PROD-0086,SITE-008,2024-09-08T01:46:06Z,14,5085.36,retail
TXN-000004058,CUST-00141,PROD-0085,SITE-004,2025-10-05T23:48:38Z,24,9469.92,retail
TXN-000004059,CUST-00614,PROD-0099,SITE-006,2025-10-30T05:10:11Z,2,588.26,online
TXN-000004060,CUST-00579,PROD-0112,SITE-010,2026-06-21T16:19:13Z,35,9070.25,distributor
TXN-000004061,CUST-00092,PROD-0006,SITE-004,2026-04-18T01:53:41Z,5,164.15,retail
TXN-000004062,CUST-00680,PROD-0030,SITE-011,2025-03-06T17:03:53Z,35,8007.3,field-sales
TXN-000004063,CUST-00433,PROD-0075,SITE-001,2025-03-30T05:48:28Z,34,9924.6,distributor
TXN-000004064,CUST-00237,PROD-0040,SITE-006,2025-07-03T09:13:36Z,3,796.35,field-sales
TXN-000004065,CUST-00301,PROD-0055,SITE-001,2024-12-14T15:16:48Z,2,242.04,retail
TXN-000004066,CUST-00561,PROD-0091,SITE-004,2025-03-27T07:26:44Z,5,498.25,online
TXN-000004067,CUST-00206,PROD-0117,SITE-001,2025-05-30T05:21:22Z,16,5724.64,online
TXN-000004068,CUST-00286,PROD-0112,SITE-007,2026-06-04T13:06:46Z,38,6447.46,retail
TXN-000004069,CUST-00444,PROD-0058,SITE-013,2025-11-23T09:14:29Z,22,4587.66,online
TXN-000004070,CUST-00718,PROD-0046,SITE-012,2024-12-29T10:35:03Z,37,4316.05,retail
TXN-000004071,CUST-00519,PROD-0042,SITE-013,2026-03-02T06:08:43Z,7,2656.29,field-sales
TXN-000004072,CUST-00634,PROD-0118,SITE-003,2026-07-21T22:47:28Z,25,5324,field-sales
TXN-000004073,CUST-00407,PROD-0097,SITE-005,2025-04-23T21:01:59Z,32,11586.56,retail
TXN-000004074,CUST-00198,PROD-0051,SITE-010,2026-07-03T13:21:24Z,35,4825.1,distributor
TXN-000004075,CUST-00632,PROD-0049,SITE-008,2026-02-09T20:42:18Z,13,2480.66,retail
TXN-000004076,CUST-00284,PROD-0011,SITE-012,2024-04-13T19:17:15Z,9,2172.6,distributor
TXN-000004077,CUST-00768,PROD-0051,SITE-014,2025-03-10T04:38:15Z,14,5182.8,field-sales
TXN-000004078,CUST-00183,PROD-0072,SITE-012,2025-09-07T20:53:34Z,14,4587.52,field-sales
TXN-000004079,CUST-00232,PROD-0016,SITE-010,2024-05-09T16:15:40Z,34,8678.5,field-sales
TXN-000004080,CUST-00463,PROD-0033,SITE-007,2025-01-28T18:19:16Z,33,2838,field-sales
TXN-000004081,CUST-00194,PROD-0106,SITE-007,2025-08-28T14:00:44Z,36,13866.12,field-sales
TXN-000004082,CUST-00141,PROD-0084,SITE-001,2024-04-04T14:37:16Z,25,1502.75,retail
TXN-000004083,CUST-00142,PROD-0102,SITE-010,2024-08-07T11:49:16Z,20,7217.2,retail
TXN-000004084,CUST-00720,PROD-0102,SITE-002,2026-02-08T21:23:28Z,11,718.85,distributor
TXN-000004085,CUST-00085,PROD-0093,SITE-011,2025-04-08T17:29:01Z,28,1454.32,field-sales
TXN-000004086,CUST-00087,PROD-0104,SITE-015,2026-01-11T00:06:08Z,37,5475.63,retail
TXN-000004087,CUST-00329,PROD-0021,SITE-001,2026-05-14T19:32:22Z,3,1080.72,field-sales
TXN-000004088,CUST-00592,PROD-0023,SITE-014,2024-04-21T12:14:13Z,35,10096.8,distributor
TXN-000004089,CUST-00788,PROD-0012,SITE-007,2026-08-29T15:43:31Z,35,1900.15,retail
TXN-000004090,CUST-00624,PROD-0082,SITE-004,2026-07-23T04:32:04Z,15,751.05,field-sales
TXN-000004091,CUST-00072,PROD-0065,SITE-004,2026-05-11T21:47:01Z,12,1490.52,retail
TXN-000004092,CUST-00374,PROD-0034,SITE-012,2025-12-20T12:56:40Z,4,1063.6,field-sales
TXN-000004093,CUST-00574,PROD-0019,SITE-003,2025-06-28T13:12:31Z,8,2645.68,online
TXN-000004094,CUST-00408,PROD-0031,SITE-002,2025-12-01T01:19:54Z,4,1596.84,online
TXN-000004095,CUST-00508,PROD-0067,SITE-001,2025-07-22T23:15:46Z,5,1680.3,online
TXN-000004096,CUST-00742,PROD-0104,SITE-003,2025-10-22T21:41:14Z,5,1721.45,field-sales
TXN-000004097,CUST-00637,PROD-0008,SITE-011,2026-06-28T08:39:02Z,30,11748.6,online
TXN-000004098,CUST-00567,PROD-0078,SITE-007,2025-01-19T07:31:45Z,22,2916.1,distributor
TXN-000004099,CUST-00007,PROD-0061,SITE-012,2026-04-10T22:24:32Z,22,1111.66,online
TXN-000004100,CUST-00495,PROD-0084,SITE-005,2026-08-16T08:49:15Z,16,5981.6,field-sales
TXN-000004101,CUST-00471,PROD-0052,SITE-008,2026-01-31T22:28:42Z,28,9168.88,online
TXN-000004102,CUST-00530,PROD-0002,SITE-015,2024-10-15T11:00:18Z,19,2180.82,distributor
TXN-000004103,CUST-00076,PROD-0083,SITE-010,2025-09-15T11:31:51Z,30,11384.4,field-sales
TXN-000004104,CUST-00755,PROD-0111,SITE-010,2024-07-10T12:38:21Z,20,2753.4,online
TXN-000004105,CUST-00485,PROD-0104,SITE-010,2026-01-28T03:48:03Z,38,7927.94,retail
TXN-000004106,CUST-00643,PROD-0024,SITE-014,2025-01-30T07:22:48Z,2,788,field-sales
TXN-000004107,CUST-00171,PROD-0111,SITE-004,2026-08-05T17:13:24Z,23,4383.34,distributor
TXN-000004108,CUST-00682,PROD-0015,SITE-011,2026-07-12T10:13:50Z,17,3372.29,online
TXN-000004109,CUST-00726,PROD-0104,SITE-005,2025-10-14T13:45:42Z,36,3540.96,online
TXN-000004110,CUST-00268,PROD-0060,SITE-014,2025-10-27T15:06:12Z,4,539.68,distributor
TXN-000004111,CUST-00374,PROD-0009,SITE-008,2024-10-01T17:51:50Z,27,10011.6,retail
TXN-000004112,CUST-00119,PROD-0092,SITE-011,2025-12-15T14:28:14Z,4,246.36,online
TXN-000004113,CUST-00418,PROD-0050,SITE-009,2025-01-27T09:52:01Z,29,3056.31,distributor
TXN-000004114,CUST-00430,PROD-0057,SITE-007,2025-04-17T15:49:10Z,8,2541.04,online
TXN-000004115,CUST-00648,PROD-0078,SITE-007,2025-09-13T05:24:39Z,27,1000.35,online
TXN-000004116,CUST-00218,PROD-0104,SITE-010,2025-06-16T08:32:27Z,17,4874.24,online
TXN-000004117,CUST-00114,PROD-0112,SITE-010,2026-02-02T21:43:33Z,12,3558.6,field-sales
TXN-000004118,CUST-00031,PROD-0100,SITE-005,2026-06-05T08:53:24Z,1,86.22,distributor
TXN-000004119,CUST-00182,PROD-0035,SITE-007,2025-10-30T17:24:15Z,39,1713.66,field-sales
TXN-000004120,CUST-00087,PROD-0115,SITE-002,2025-02-03T14:15:11Z,20,5159.6,field-sales
TXN-000004121,CUST-00615,PROD-0049,SITE-001,2025-10-29T09:27:30Z,19,7098.4,field-sales
TXN-000004122,CUST-00603,PROD-0087,SITE-006,2026-01-08T10:12:18Z,38,8570.14,retail
TXN-000004123,CUST-00568,PROD-0034,SITE-011,2025-09-12T02:54:12Z,1,154.86,online
TXN-000004124,CUST-00464,PROD-0090,SITE-014,2026-01-02T06:44:42Z,33,12163.47,online
TXN-000004125,CUST-00138,PROD-0002,SITE-007,2026-05-11T11:25:08Z,2,793.06,retail
TXN-000004126,CUST-00467,PROD-0023,SITE-006,2024-05-21T21:15:57Z,5,1118.5,online
TXN-000004127,CUST-00223,PROD-0031,SITE-012,2025-12-04T02:11:36Z,14,2359.84,field-sales
TXN-000004128,CUST-00227,PROD-0107,SITE-003,2026-07-26T02:08:06Z,4,211.96,field-sales
TXN-000004129,CUST-00515,PROD-0075,SITE-011,2026-02-16T17:20:54Z,25,2271.5,distributor
TXN-000004130,CUST-00611,PROD-0104,SITE-013,2025-06-25T05:13:41Z,21,3384.99,distributor
TXN-000004131,CUST-00491,PROD-0085,SITE-012,2026-06-30T17:47:59Z,6,1371.84,field-sales
TXN-000004132,CUST-00051,PROD-0049,SITE-001,2024-10-26T19:27:45Z,32,6894.72,distributor
TXN-000004133,CUST-00671,PROD-0092,SITE-006,2026-07-06T13:21:22Z,7,1685.6,field-sales
TXN-000004134,CUST-00081,PROD-0076,SITE-011,2026-04-18T05:40:07Z,16,686.24,distributor
TXN-000004135,CUST-00658,PROD-0017,SITE-008,2025-05-14T18:05:15Z,12,3798.36,distributor
TXN-000004136,CUST-00759,PROD-0049,SITE-001,2024-06-26T21:22:15Z,10,2395.9,field-sales
TXN-000004137,CUST-00522,PROD-0005,SITE-010,2024-10-20T10:14:13Z,35,1346.8,online
TXN-000004138,CUST-00743,PROD-0115,SITE-002,2025-09-12T11:37:12Z,20,2823.8,distributor
TXN-000004139,CUST-00608,PROD-0118,SITE-006,2025-03-20T19:12:07Z,5,1140.5,online
TXN-000004140,CUST-00799,PROD-0108,SITE-015,2025-07-21T02:36:48Z,6,224.46,distributor
TXN-000004141,CUST-00344,PROD-0056,SITE-005,2026-01-10T09:04:55Z,20,4706.8,distributor
TXN-000004142,CUST-00491,PROD-0048,SITE-011,2026-03-13T01:21:50Z,11,2880.46,online
TXN-000004143,CUST-00549,PROD-0117,SITE-011,2026-07-06T14:58:04Z,26,7893.6,online
TXN-000004144,CUST-00625,PROD-0058,SITE-014,2025-06-07T10:54:11Z,34,3482.96,distributor
TXN-000004145,CUST-00730,PROD-0057,SITE-012,2025-06-04T18:12:19Z,31,10623.39,field-sales
TXN-000004146,CUST-00545,PROD-0023,SITE-013,2026-01-13T09:34:32Z,25,8845.25,online
TXN-000004147,CUST-00246,PROD-0088,SITE-005,2025-06-14T08:37:20Z,24,5730.24,field-sales
TXN-000004148,CUST-00246,PROD-0083,SITE-001,2025-08-28T11:22:05Z,35,12297.25,field-sales
TXN-000004149,CUST-00296,PROD-0026,SITE-004,2024-03-22T21:00:48Z,22,7279.8,distributor
TXN-000004150,CUST-00068,PROD-0088,SITE-012,2025-05-15T19:02:05Z,20,4384.8,distributor
TXN-000004151,CUST-00071,PROD-0027,SITE-004,2026-03-19T19:09:37Z,28,10860.08,field-sales
TXN-000004152,CUST-00191,PROD-0048,SITE-010,2025-01-19T21:56:41Z,37,3413.99,distributor
TXN-000004153,CUST-00577,PROD-0080,SITE-003,2026-06-28T19:10:32Z,18,3610.44,distributor
TXN-000004154,CUST-00051,PROD-0084,SITE-009,2026-07-04T23:22:37Z,19,2192.03,retail
TXN-000004155,CUST-00183,PROD-0083,SITE-012,2026-06-03T05:28:50Z,28,1104.04,online
TXN-000004156,CUST-00543,PROD-0066,SITE-010,2024-07-21T17:02:37Z,28,7197.12,retail
TXN-000004157,CUST-00012,PROD-0120,SITE-004,2024-07-28T03:39:17Z,24,1015.2,distributor
TXN-000004158,CUST-00338,PROD-0093,SITE-015,2026-05-27T02:28:10Z,26,3122.6,distributor
TXN-000004159,CUST-00005,PROD-0041,SITE-004,2026-01-14T14:20:13Z,9,3364.83,distributor
TXN-000004160,CUST-00780,PROD-0056,SITE-014,2024-12-01T00:21:51Z,3,99.36,field-sales
TXN-000004161,CUST-00072,PROD-0050,SITE-002,2025-04-23T23:11:57Z,32,11443.84,retail
TXN-000004162,CUST-00268,PROD-0034,SITE-002,2025-07-29T16:23:10Z,37,8702.77,online
TXN-000004163,CUST-00192,PROD-0006,SITE-009,2024-08-26T04:21:01Z,29,3144.18,distributor
TXN-000004164,CUST-00675,PROD-0061,SITE-006,2025-08-14T21:15:33Z,29,3917.9,online
TXN-000004165,CUST-00034,PROD-0084,SITE-001,2026-02-26T13:22:36Z,13,3414.97,retail
TXN-000004166,CUST-00494,PROD-0047,SITE-002,2025-07-08T09:09:43Z,4,1274.16,field-sales
TXN-000004167,CUST-00624,PROD-0005,SITE-012,2025-07-01T05:22:17Z,10,1570.3,field-sales
TXN-000004168,CUST-00517,PROD-0056,SITE-008,2025-07-28T01:10:37Z,32,5232,retail
TXN-000004169,CUST-00312,PROD-0003,SITE-011,2026-06-16T00:33:46Z,32,10858.88,online
TXN-000004170,CUST-00662,PROD-0038,SITE-011,2024-10-29T02:53:09Z,20,1906.6,distributor
TXN-000004171,CUST-00169,PROD-0110,SITE-002,2026-08-04T05:29:56Z,3,707.4,retail
TXN-000004172,CUST-00090,PROD-0007,SITE-001,2026-06-18T05:13:55Z,4,677.76,field-sales
TXN-000004173,CUST-00532,PROD-0033,SITE-001,2025-10-27T18:47:16Z,31,5903.64,field-sales
TXN-000004174,CUST-00505,PROD-0025,SITE-010,2025-07-05T00:13:59Z,40,2208,online
TXN-000004175,CUST-00021,PROD-0060,SITE-007,2025-11-07T18:16:52Z,11,3357.86,online
TXN-000004176,CUST-00799,PROD-0046,SITE-003,2026-03-05T00:58:47Z,40,1357.6,field-sales
TXN-000004177,CUST-00183,PROD-0091,SITE-010,2025-01-14T13:24:25Z,9,1846.8,field-sales
TXN-000004178,CUST-00406,PROD-0114,SITE-013,2026-02-05T22:41:01Z,37,11203.23,field-sales
TXN-000004179,CUST-00547,PROD-0060,SITE-006,2025-06-02T21:31:36Z,24,1266.96,field-sales
TXN-000004180,CUST-00178,PROD-0096,SITE-004,2026-05-22T01:23:37Z,11,2644.95,online
TXN-000004181,CUST-00113,PROD-0027,SITE-010,2024-09-17T03:21:33Z,21,8349.18,distributor
TXN-000004182,CUST-00024,PROD-0092,SITE-013,2024-08-21T17:35:04Z,28,1432.2,field-sales
TXN-000004183,CUST-00418,PROD-0109,SITE-013,2026-05-31T05:38:03Z,39,12185.94,online
TXN-000004184,CUST-00320,PROD-0078,SITE-002,2025-03-04T05:26:53Z,37,5785.32,field-sales
TXN-000004185,CUST-00224,PROD-0033,SITE-005,2024-09-27T08:34:17Z,7,1894.62,field-sales
TXN-000004186,CUST-00575,PROD-0094,SITE-014,2025-12-22T15:41:34Z,36,13185,field-sales
TXN-000004187,CUST-00708,PROD-0103,SITE-015,2026-03-24T19:46:14Z,6,2123.22,field-sales
TXN-000004188,CUST-00176,PROD-0068,SITE-014,2025-05-21T06:17:04Z,11,2452.67,retail
TXN-000004189,CUST-00443,PROD-0082,SITE-012,2025-12-23T21:51:16Z,22,7612.22,field-sales
TXN-000004190,CUST-00066,PROD-0063,SITE-010,2026-02-04T17:36:49Z,29,5640.5,retail
TXN-000004191,CUST-00340,PROD-0018,SITE-008,2025-03-06T12:07:02Z,30,7620.9,field-sales
TXN-000004192,CUST-00461,PROD-0026,SITE-014,2024-12-04T17:18:27Z,23,3017.83,online
TXN-000004193,CUST-00726,PROD-0020,SITE-001,2025-12-30T20:27:33Z,37,7028.89,online
TXN-000004194,CUST-00303,PROD-0077,SITE-008,2026-04-15T23:44:58Z,39,5272.41,online
TXN-000004195,CUST-00169,PROD-0092,SITE-001,2026-03-30T19:55:10Z,8,925.68,retail
TXN-000004196,CUST-00536,PROD-0059,SITE-012,2025-11-10T20:19:15Z,31,4428.35,field-sales
TXN-000004197,CUST-00606,PROD-0084,SITE-002,2026-07-10T21:47:39Z,30,5982.3,distributor
TXN-000004198,CUST-00140,PROD-0024,SITE-007,2024-05-17T17:19:16Z,10,2469.7,online
TXN-000004199,CUST-00625,PROD-0114,SITE-013,2024-12-31T16:42:04Z,33,3456.75,retail
TXN-000004200,CUST-00340,PROD-0056,SITE-013,2026-02-08T22:02:10Z,19,723.9,online
TXN-000004201,CUST-00140,PROD-0014,SITE-013,2026-06-13T20:11:47Z,13,283.53,retail
TXN-000004202,CUST-00597,PROD-0042,SITE-002,2024-06-07T22:36:45Z,24,5109.36,distributor
TXN-000004203,CUST-00654,PROD-0110,SITE-013,2025-04-30T05:38:34Z,40,6412.4,retail
TXN-000004204,CUST-00788,PROD-0046,SITE-015,2026-07-28T07:46:37Z,15,2217.45,online
TXN-000004205,CUST-00228,PROD-0053,SITE-006,2025-03-21T10:06:00Z,11,2840.31,retail
TXN-000004206,CUST-00538,PROD-0040,SITE-008,2025-12-16T06:49:14Z,37,8992.48,distributor
TXN-000004207,CUST-00342,PROD-0022,SITE-015,2025-03-17T16:08:18Z,5,584.2,online
TXN-000004208,CUST-00540,PROD-0009,SITE-014,2025-08-28T00:40:26Z,8,889.2,distributor
TXN-000004209,CUST-00377,PROD-0096,SITE-015,2025-12-06T23:57:45Z,40,13736.4,retail
TXN-000004210,CUST-00208,PROD-0101,SITE-011,2024-04-03T10:51:20Z,21,5862.78,retail
TXN-000004211,CUST-00355,PROD-0111,SITE-015,2025-04-15T10:51:55Z,3,689.76,online
TXN-000004212,CUST-00130,PROD-0013,SITE-014,2025-11-29T20:19:16Z,36,3432.6,field-sales
TXN-000004213,CUST-00661,PROD-0084,SITE-009,2026-02-14T15:50:22Z,13,1481.87,field-sales
TXN-000004214,CUST-00093,PROD-0107,SITE-013,2024-05-05T17:44:05Z,21,7119.42,online
TXN-000004215,CUST-00290,PROD-0092,SITE-009,2026-04-01T08:51:38Z,16,3508,distributor
TXN-000004216,CUST-00614,PROD-0047,SITE-015,2025-11-20T14:24:43Z,2,92.72,retail
TXN-000004217,CUST-00417,PROD-0040,SITE-014,2025-10-27T14:46:21Z,25,5997.25,retail
TXN-000004218,CUST-00276,PROD-0018,SITE-007,2024-03-29T18:20:47Z,13,2756,online
TXN-000004219,CUST-00457,PROD-0071,SITE-002,2026-08-08T11:48:32Z,22,1999.58,distributor
TXN-000004220,CUST-00320,PROD-0066,SITE-004,2026-04-24T05:07:28Z,32,593.28,field-sales
TXN-000004221,CUST-00293,PROD-0108,SITE-013,2026-01-26T20:30:56Z,6,127.02,retail
TXN-000004222,CUST-00800,PROD-0080,SITE-007,2024-08-19T08:53:39Z,38,6210.34,field-sales
TXN-000004223,CUST-00490,PROD-0003,SITE-015,2025-05-12T12:59:43Z,6,2300.58,retail
TXN-000004224,CUST-00160,PROD-0034,SITE-008,2025-04-21T07:35:28Z,2,284.96,online
TXN-000004225,CUST-00682,PROD-0065,SITE-012,2024-06-13T13:44:58Z,29,1635.02,retail
TXN-000004226,CUST-00692,PROD-0096,SITE-010,2025-08-06T14:39:12Z,1,162,online
TXN-000004227,CUST-00090,PROD-0081,SITE-005,2026-08-08T05:50:56Z,27,1337.31,online
TXN-000004228,CUST-00287,PROD-0063,SITE-005,2026-01-26T09:39:14Z,19,5990.89,distributor
TXN-000004229,CUST-00684,PROD-0048,SITE-006,2026-05-16T02:40:11Z,10,1173.2,online
TXN-000004230,CUST-00348,PROD-0045,SITE-004,2024-09-12T14:31:21Z,31,711.76,distributor
TXN-000004231,CUST-00424,PROD-0011,SITE-011,2026-01-24T20:05:04Z,28,1246.28,distributor
TXN-000004232,CUST-00631,PROD-0111,SITE-001,2026-06-16T02:16:44Z,8,2732.24,online
TXN-000004233,CUST-00285,PROD-0111,SITE-008,2025-12-06T09:47:30Z,5,1508.7,field-sales
TXN-000004234,CUST-00482,PROD-0108,SITE-005,2026-08-21T11:40:40Z,27,3574.26,retail
TXN-000004235,CUST-00020,PROD-0105,SITE-009,2024-12-20T12:24:33Z,25,942.75,retail
TXN-000004236,CUST-00136,PROD-0038,SITE-012,2026-07-01T05:24:52Z,16,5892.32,distributor
TXN-000004237,CUST-00179,PROD-0030,SITE-002,2025-04-08T08:17:14Z,17,5299.07,online
TXN-000004238,CUST-00417,PROD-0057,SITE-005,2025-09-25T18:46:31Z,36,4303.08,online
TXN-000004239,CUST-00622,PROD-0070,SITE-009,2026-07-08T02:58:33Z,18,4770.72,online
TXN-000004240,CUST-00435,PROD-0022,SITE-015,2026-07-05T18:52:27Z,21,1540.56,field-sales
TXN-000004241,CUST-00026,PROD-0026,SITE-003,2025-05-04T00:12:06Z,22,7067.94,distributor
TXN-000004242,CUST-00408,PROD-0040,SITE-001,2026-04-19T04:08:38Z,18,1561.5,distributor
TXN-000004243,CUST-00042,PROD-0024,SITE-015,2025-09-05T11:20:01Z,12,4122.72,distributor
TXN-000004244,CUST-00029,PROD-0034,SITE-008,2024-07-13T19:48:13Z,6,696.72,distributor
TXN-000004245,CUST-00465,PROD-0045,SITE-007,2026-05-05T18:50:06Z,27,356.13,field-sales
TXN-000004246,CUST-00172,PROD-0117,SITE-004,2024-08-02T06:21:02Z,8,770.8,online
TXN-000004247,CUST-00385,PROD-0015,SITE-007,2026-02-24T06:23:47Z,37,13605.27,retail
TXN-000004248,CUST-00326,PROD-0081,SITE-010,2026-04-12T08:38:33Z,27,5713.2,field-sales
TXN-000004249,CUST-00685,PROD-0092,SITE-015,2024-08-22T22:45:28Z,28,6163.64,distributor
TXN-000004250,CUST-00434,PROD-0001,SITE-007,2025-05-06T01:06:56Z,10,3001.2,distributor
TXN-000004251,CUST-00003,PROD-0008,SITE-014,2025-01-17T02:14:37Z,34,11340.7,online
TXN-000004252,CUST-00107,PROD-0029,SITE-004,2025-11-12T16:06:16Z,25,7879.25,distributor
TXN-000004253,CUST-00557,PROD-0080,SITE-004,2025-10-01T22:19:42Z,24,3594.24,online
TXN-000004254,CUST-00715,PROD-0080,SITE-001,2024-08-24T06:23:46Z,34,536.18,distributor
TXN-000004255,CUST-00254,PROD-0102,SITE-015,2025-09-24T21:12:07Z,38,5837.56,distributor
TXN-000004256,CUST-00682,PROD-0117,SITE-011,2025-09-17T07:59:06Z,9,1443.15,distributor
TXN-000004257,CUST-00272,PROD-0091,SITE-006,2024-10-23T07:09:38Z,12,2279.76,retail
TXN-000004258,CUST-00365,PROD-0058,SITE-004,2024-08-24T15:04:30Z,34,1721.76,retail
TXN-000004259,CUST-00707,PROD-0070,SITE-010,2025-08-11T00:24:36Z,13,4615.78,online
TXN-000004260,CUST-00022,PROD-0012,SITE-012,2025-12-16T07:37:08Z,23,1311,online
TXN-000004261,CUST-00249,PROD-0109,SITE-015,2024-09-08T09:49:28Z,18,5051.52,distributor
TXN-000004262,CUST-00643,PROD-0105,SITE-015,2026-04-26T19:39:39Z,27,2387.34,distributor
TXN-000004263,CUST-00338,PROD-0082,SITE-012,2025-01-17T09:50:03Z,35,12659.85,online
TXN-000004264,CUST-00235,PROD-0106,SITE-010,2026-01-24T16:53:23Z,1,107.39,distributor
TXN-000004265,CUST-00497,PROD-0069,SITE-007,2025-07-14T08:42:48Z,26,8776.04,field-sales
TXN-000004266,CUST-00689,PROD-0043,SITE-010,2024-10-25T02:32:04Z,13,2494.57,retail
TXN-000004267,CUST-00538,PROD-0050,SITE-013,2024-12-25T19:45:12Z,36,5122.8,online
TXN-000004268,CUST-00425,PROD-0016,SITE-008,2025-04-01T16:36:53Z,1,385.57,field-sales
TXN-000004269,CUST-00564,PROD-0087,SITE-003,2025-07-24T23:03:59Z,24,8884.08,online
TXN-000004270,CUST-00529,PROD-0081,SITE-009,2026-08-08T09:23:19Z,22,8548.1,online
TXN-000004271,CUST-00471,PROD-0091,SITE-004,2025-10-04T05:37:49Z,25,3226,distributor
TXN-000004272,CUST-00722,PROD-0099,SITE-002,2024-05-14T17:19:13Z,40,12356.4,distributor
TXN-000004273,CUST-00492,PROD-0081,SITE-008,2026-08-15T05:43:47Z,19,458.85,distributor
TXN-000004274,CUST-00309,PROD-0091,SITE-010,2024-12-22T00:12:04Z,1,185.68,online
TXN-000004275,CUST-00079,PROD-0045,SITE-005,2026-07-29T15:41:23Z,33,4975.41,online
TXN-000004276,CUST-00569,PROD-0083,SITE-015,2026-07-15T03:35:16Z,13,5005.39,field-sales
TXN-000004277,CUST-00112,PROD-0099,SITE-013,2026-04-21T14:11:08Z,10,1792.3,distributor
TXN-000004278,CUST-00449,PROD-0075,SITE-012,2026-07-20T16:50:40Z,28,3996.72,distributor
TXN-000004279,CUST-00722,PROD-0097,SITE-002,2026-04-18T17:39:30Z,31,3255,field-sales
TXN-000004280,CUST-00458,PROD-0025,SITE-007,2025-09-27T23:17:39Z,30,1781.1,retail
TXN-000004281,CUST-00532,PROD-0035,SITE-005,2024-11-09T21:41:37Z,36,6637.32,field-sales
TXN-000004282,CUST-00256,PROD-0079,SITE-011,2025-09-22T18:45:16Z,25,7915.75,field-sales
TXN-000004283,CUST-00108,PROD-0096,SITE-009,2025-07-28T09:08:15Z,37,1988.38,retail
TXN-000004284,CUST-00316,PROD-0007,SITE-008,2026-04-03T23:01:59Z,13,136.76,distributor
TXN-000004285,CUST-00668,PROD-0089,SITE-001,2026-06-25T19:07:28Z,18,4730.4,field-sales
TXN-000004286,CUST-00243,PROD-0036,SITE-009,2026-01-12T09:21:26Z,12,3011.16,distributor
TXN-000004287,CUST-00556,PROD-0028,SITE-012,2025-08-13T10:46:11Z,25,3426.5,distributor
TXN-000004288,CUST-00242,PROD-0070,SITE-015,2025-06-18T00:59:26Z,20,7247.8,online
TXN-000004289,CUST-00530,PROD-0096,SITE-014,2025-07-14T19:10:29Z,27,901.26,field-sales
TXN-000004290,CUST-00299,PROD-0032,SITE-008,2026-05-24T03:50:38Z,29,11535.04,online
TXN-000004291,CUST-00648,PROD-0035,SITE-011,2025-11-04T10:39:15Z,34,13249.8,field-sales
TXN-000004292,CUST-00421,PROD-0049,SITE-008,2024-11-16T20:23:25Z,9,700.92,field-sales
TXN-000004293,CUST-00003,PROD-0022,SITE-009,2024-10-10T06:34:53Z,19,3178.13,online
TXN-000004294,CUST-00766,PROD-0098,SITE-014,2024-09-22T03:56:07Z,34,6637.14,retail
TXN-000004295,CUST-00369,PROD-0108,SITE-013,2025-08-22T08:33:24Z,7,572.88,field-sales
TXN-000004296,CUST-00561,PROD-0113,SITE-009,2026-04-06T01:00:48Z,5,1845.3,field-sales
TXN-000004297,CUST-00702,PROD-0002,SITE-009,2026-02-21T02:30:14Z,11,3888.94,distributor
TXN-000004298,CUST-00101,PROD-0099,SITE-012,2024-03-31T08:59:02Z,40,4222.4,field-sales
TXN-000004299,CUST-00290,PROD-0046,SITE-007,2025-05-07T07:49:27Z,32,1039.04,field-sales
TXN-000004300,CUST-00190,PROD-0052,SITE-007,2025-08-21T15:22:48Z,7,784.7,distributor
TXN-000004301,CUST-00096,PROD-0086,SITE-011,2026-08-14T03:45:12Z,15,398.1,online
TXN-000004302,CUST-00778,PROD-0023,SITE-003,2026-03-11T23:43:41Z,4,1091.2,retail
TXN-000004303,CUST-00214,PROD-0045,SITE-006,2026-05-23T20:41:13Z,28,876.96,field-sales
TXN-000004304,CUST-00686,PROD-0115,SITE-004,2025-11-04T02:21:13Z,13,4513.21,distributor
TXN-000004305,CUST-00337,PROD-0036,SITE-011,2025-01-30T12:47:51Z,15,3882.9,online
TXN-000004306,CUST-00555,PROD-0095,SITE-007,2026-05-12T17:01:09Z,12,733.2,distributor
TXN-000004307,CUST-00244,PROD-0088,SITE-008,2025-06-09T17:09:11Z,32,4868.48,distributor
TXN-000004308,CUST-00466,PROD-0015,SITE-014,2024-10-06T04:04:33Z,34,12149.9,field-sales
TXN-000004309,CUST-00278,PROD-0052,SITE-006,2026-05-01T07:55:40Z,21,5220.81,retail
TXN-000004310,CUST-00493,PROD-0017,SITE-011,2025-07-20T09:59:40Z,27,7453.62,distributor
TXN-000004311,CUST-00286,PROD-0043,SITE-008,2026-06-28T14:15:38Z,25,1832.75,distributor
TXN-000004312,CUST-00354,PROD-0089,SITE-004,2025-08-10T08:22:03Z,1,36.48,distributor
TXN-000004313,CUST-00331,PROD-0109,SITE-009,2026-06-26T16:21:43Z,34,3570.68,retail
TXN-000004314,CUST-00365,PROD-0060,SITE-006,2024-11-13T04:46:46Z,13,1163.5,retail
TXN-000004315,CUST-00758,PROD-0104,SITE-013,2025-06-19T13:27:39Z,33,10723.02,field-sales
TXN-000004316,CUST-00008,PROD-0118,SITE-002,2025-08-23T18:49:42Z,4,1434.68,retail
TXN-000004317,CUST-00246,PROD-0018,SITE-005,2025-05-10T12:30:31Z,32,1198.08,retail
TXN-000004318,CUST-00210,PROD-0066,SITE-008,2026-06-11T01:03:49Z,31,608.22,online
TXN-000004319,CUST-00729,PROD-0069,SITE-008,2024-11-10T23:37:04Z,34,3759.38,retail
TXN-000004320,CUST-00503,PROD-0032,SITE-007,2025-07-19T14:11:12Z,28,7477.4,online
TXN-000004321,CUST-00269,PROD-0087,SITE-015,2026-01-28T13:16:01Z,38,14968.96,online
TXN-000004322,CUST-00626,PROD-0016,SITE-008,2025-10-23T21:17:36Z,32,7336.32,distributor
TXN-000004323,CUST-00163,PROD-0003,SITE-014,2025-04-05T19:26:19Z,6,363.42,distributor
TXN-000004324,CUST-00430,PROD-0018,SITE-013,2025-07-20T21:06:30Z,1,341.21,field-sales
TXN-000004325,CUST-00507,PROD-0017,SITE-007,2026-06-14T07:54:44Z,2,613.82,retail
TXN-000004326,CUST-00787,PROD-0048,SITE-010,2025-04-18T18:51:11Z,32,6136.96,online
TXN-000004327,CUST-00529,PROD-0115,SITE-012,2025-10-06T22:21:15Z,37,4408.18,distributor
TXN-000004328,CUST-00215,PROD-0019,SITE-003,2024-08-19T08:31:14Z,29,1357.2,distributor
TXN-000004329,CUST-00711,PROD-0117,SITE-002,2025-03-15T15:40:29Z,28,3961.72,distributor
TXN-000004330,CUST-00319,PROD-0026,SITE-004,2025-11-05T21:45:23Z,27,4821.12,field-sales
TXN-000004331,CUST-00623,PROD-0054,SITE-011,2025-04-24T22:31:06Z,5,1046.65,field-sales
TXN-000004332,CUST-00055,PROD-0103,SITE-015,2026-05-27T22:00:25Z,15,1992.3,retail
TXN-000004333,CUST-00393,PROD-0060,SITE-006,2024-07-25T16:43:56Z,36,3643.56,retail
TXN-000004334,CUST-00180,PROD-0020,SITE-009,2026-07-11T18:09:23Z,4,1311.88,field-sales
TXN-000004335,CUST-00204,PROD-0102,SITE-008,2024-12-18T14:42:13Z,39,4644.51,field-sales
TXN-000004336,CUST-00745,PROD-0017,SITE-006,2025-01-14T06:25:32Z,30,5388.6,retail
TXN-000004337,CUST-00168,PROD-0061,SITE-006,2025-07-15T23:35:14Z,7,2323.02,retail
TXN-000004338,CUST-00198,PROD-0013,SITE-005,2026-06-11T10:45:15Z,18,7031.88,online
TXN-000004339,CUST-00732,PROD-0042,SITE-013,2026-02-23T05:32:41Z,26,6100.38,field-sales
TXN-000004340,CUST-00460,PROD-0037,SITE-015,2025-04-04T04:28:34Z,2,196.56,retail
TXN-000004341,CUST-00367,PROD-0027,SITE-008,2026-04-01T17:52:30Z,7,2753.17,retail
TXN-000004342,CUST-00615,PROD-0035,SITE-010,2024-12-09T16:58:54Z,38,12832.98,online
TXN-000004343,CUST-00650,PROD-0060,SITE-012,2024-11-12T21:46:00Z,33,10673.52,retail
TXN-000004344,CUST-00269,PROD-0016,SITE-010,2025-10-30T04:14:12Z,24,863.52,online
TXN-000004345,CUST-00427,PROD-0005,SITE-015,2026-08-01T10:29:51Z,26,10376.34,field-sales
TXN-000004346,CUST-00266,PROD-0018,SITE-003,2026-07-16T11:07:46Z,38,5620.58,retail
TXN-000004347,CUST-00471,PROD-0099,SITE-006,2024-09-04T19:05:02Z,32,10250.56,field-sales
TXN-000004348,CUST-00696,PROD-0118,SITE-014,2025-09-27T19:09:34Z,16,5683.04,distributor
TXN-000004349,CUST-00675,PROD-0085,SITE-011,2024-10-15T17:55:11Z,22,577.28,online
TXN-000004350,CUST-00782,PROD-0073,SITE-006,2026-01-04T13:08:25Z,19,4911.31,field-sales
TXN-000004351,CUST-00116,PROD-0003,SITE-011,2026-01-18T00:27:39Z,32,7848.64,retail
TXN-000004352,CUST-00389,PROD-0022,SITE-004,2025-06-20T12:25:15Z,27,9909.27,retail
TXN-000004353,CUST-00004,PROD-0073,SITE-012,2024-07-23T12:20:23Z,27,1855.17,field-sales
TXN-000004354,CUST-00558,PROD-0005,SITE-001,2026-02-08T06:37:37Z,36,9351.72,distributor
TXN-000004355,CUST-00483,PROD-0008,SITE-012,2026-08-20T14:24:53Z,37,973.1,field-sales
TXN-000004356,CUST-00747,PROD-0069,SITE-008,2025-08-31T19:38:57Z,10,1862.4,online
TXN-000004357,CUST-00332,PROD-0100,SITE-010,2024-12-26T01:10:30Z,33,2419.56,field-sales
TXN-000004358,CUST-00032,PROD-0068,SITE-007,2024-11-11T14:14:54Z,40,12659.6,field-sales
TXN-000004359,CUST-00643,PROD-0110,SITE-014,2025-01-02T21:26:32Z,17,3585.64,online
TXN-000004360,CUST-00551,PROD-0001,SITE-010,2025-09-16T10:21:09Z,34,6230.5,online
TXN-000004361,CUST-00789,PROD-0001,SITE-010,2026-02-21T04:36:46Z,30,9998.1,online
TXN-000004362,CUST-00685,PROD-0053,SITE-011,2026-06-20T12:12:42Z,36,8805.24,retail
TXN-000004363,CUST-00568,PROD-0058,SITE-004,2025-12-29T06:08:56Z,3,577.32,online
TXN-000004364,CUST-00199,PROD-0112,SITE-007,2024-09-26T06:22:55Z,25,7165,distributor
TXN-000004365,CUST-00649,PROD-0090,SITE-007,2026-08-14T05:36:13Z,17,1459.62,distributor
TXN-000004366,CUST-00301,PROD-0051,SITE-014,2024-08-20T15:57:12Z,10,3055.6,retail
TXN-000004367,CUST-00148,PROD-0005,SITE-015,2025-03-21T03:30:18Z,40,7861.6,retail
TXN-000004368,CUST-00197,PROD-0021,SITE-010,2024-10-08T22:57:30Z,15,363.75,distributor
TXN-000004369,CUST-00486,PROD-0084,SITE-002,2026-03-03T02:05:27Z,6,1465.14,online
TXN-000004370,CUST-00509,PROD-0087,SITE-010,2024-11-05T11:11:05Z,38,3842.94,distributor
TXN-000004371,CUST-00093,PROD-0083,SITE-009,2025-08-05T17:46:05Z,15,4672.65,field-sales
TXN-000004372,CUST-00104,PROD-0062,SITE-008,2025-08-31T10:21:56Z,37,8697.59,field-sales
TXN-000004373,CUST-00524,PROD-0116,SITE-003,2025-09-11T10:05:45Z,7,89.95,online
TXN-000004374,CUST-00058,PROD-0084,SITE-014,2025-02-25T01:03:51Z,24,9397.2,retail
TXN-000004375,CUST-00087,PROD-0099,SITE-007,2024-09-10T15:50:37Z,26,6577.74,online
TXN-000004376,CUST-00657,PROD-0105,SITE-012,2024-07-23T00:42:26Z,32,6799.04,field-sales
TXN-000004377,CUST-00049,PROD-0018,SITE-006,2024-10-24T22:50:18Z,9,1633.41,field-sales
TXN-000004378,CUST-00237,PROD-0039,SITE-004,2025-08-15T17:56:14Z,13,3055.52,retail
TXN-000004379,CUST-00611,PROD-0073,SITE-009,2026-07-05T10:51:54Z,8,906.56,online
TXN-000004380,CUST-00788,PROD-0073,SITE-002,2025-07-25T22:08:44Z,1,83.87,online
TXN-000004381,CUST-00009,PROD-0102,SITE-008,2026-01-07T07:49:44Z,33,8656.89,distributor
TXN-000004382,CUST-00058,PROD-0022,SITE-007,2025-10-05T21:35:34Z,10,1048.2,distributor
TXN-000004383,CUST-00395,PROD-0004,SITE-002,2026-05-07T18:52:59Z,18,3893.94,field-sales
TXN-000004384,CUST-00564,PROD-0090,SITE-009,2026-02-06T18:20:27Z,14,3902.64,retail
TXN-000004385,CUST-00772,PROD-0047,SITE-011,2026-08-08T02:35:02Z,37,701.52,distributor
TXN-000004386,CUST-00198,PROD-0021,SITE-008,2025-09-09T19:41:39Z,37,7975.35,field-sales
TXN-000004387,CUST-00590,PROD-0089,SITE-006,2025-05-06T04:12:12Z,36,10218.6,distributor
TXN-000004388,CUST-00783,PROD-0061,SITE-012,2024-12-02T14:30:10Z,7,2305.87,retail
TXN-000004389,CUST-00395,PROD-0082,SITE-002,2026-03-05T12:02:38Z,14,2316.02,retail
TXN-000004390,CUST-00069,PROD-0017,SITE-010,2026-01-20T01:28:59Z,24,1140.96,online
TXN-000004391,CUST-00418,PROD-0112,SITE-003,2025-05-17T06:15:17Z,18,2228.04,retail
TXN-000004392,CUST-00049,PROD-0028,SITE-015,2024-12-17T10:12:47Z,37,12547.44,retail
TXN-000004393,CUST-00597,PROD-0106,SITE-003,2026-04-06T07:43:53Z,33,7234.26,online
TXN-000004394,CUST-00411,PROD-0063,SITE-005,2024-09-21T03:07:54Z,26,7292.48,distributor
TXN-000004395,CUST-00703,PROD-0087,SITE-010,2026-02-04T09:22:09Z,33,6184.53,online
TXN-000004396,CUST-00141,PROD-0054,SITE-006,2026-01-10T01:17:35Z,32,6081.92,distributor
TXN-000004397,CUST-00602,PROD-0043,SITE-014,2024-06-30T13:17:01Z,14,3196.2,distributor
TXN-000004398,CUST-00705,PROD-0042,SITE-004,2026-06-15T15:20:40Z,11,403.92,retail
TXN-000004399,CUST-00350,PROD-0052,SITE-003,2024-04-30T22:08:53Z,14,647.78,retail
TXN-000004400,CUST-00447,PROD-0042,SITE-001,2025-07-02T15:38:54Z,4,1312.8,online
TXN-000004401,CUST-00691,PROD-0049,SITE-007,2026-07-12T16:25:13Z,24,792.96,online
TXN-000004402,CUST-00291,PROD-0018,SITE-015,2024-06-19T02:58:59Z,23,5730.68,distributor
TXN-000004403,CUST-00631,PROD-0071,SITE-003,2026-05-24T00:22:05Z,5,1954.75,online
TXN-000004404,CUST-00248,PROD-0105,SITE-009,2025-12-28T22:35:02Z,21,593.04,distributor
TXN-000004405,CUST-00205,PROD-0007,SITE-007,2024-10-13T07:04:59Z,6,1872.06,online
TXN-000004406,CUST-00433,PROD-0087,SITE-002,2025-11-11T14:06:22Z,8,1782.24,retail
TXN-000004407,CUST-00378,PROD-0048,SITE-004,2025-06-17T07:12:57Z,8,1904.16,distributor
TXN-000004408,CUST-00646,PROD-0071,SITE-004,2025-06-21T18:42:07Z,16,3659.36,online
TXN-000004409,CUST-00091,PROD-0047,SITE-014,2024-12-22T03:14:12Z,29,2188.05,field-sales
TXN-000004410,CUST-00172,PROD-0091,SITE-004,2025-09-20T23:54:31Z,25,5103.25,retail
TXN-000004411,CUST-00051,PROD-0043,SITE-003,2025-10-23T09:33:07Z,9,1521.09,retail
TXN-000004412,CUST-00306,PROD-0009,SITE-012,2024-11-02T16:30:49Z,20,5336.6,online
TXN-000004413,CUST-00697,PROD-0059,SITE-009,2026-08-28T07:04:39Z,27,552.42,online
TXN-000004414,CUST-00224,PROD-0041,SITE-003,2024-09-26T17:34:23Z,39,8389.68,retail
TXN-000004415,CUST-00554,PROD-0100,SITE-012,2025-08-09T12:09:08Z,11,3224.32,retail
TXN-000004416,CUST-00767,PROD-0010,SITE-006,2025-06-10T10:21:42Z,14,5380.06,field-sales
TXN-000004417,CUST-00556,PROD-0048,SITE-010,2026-03-26T07:33:31Z,31,2106.14,distributor
TXN-000004418,CUST-00761,PROD-0076,SITE-001,2026-07-12T12:13:59Z,9,1740.51,distributor
TXN-000004419,CUST-00756,PROD-0039,SITE-010,2026-04-30T03:12:43Z,6,1334.94,online
TXN-000004420,CUST-00064,PROD-0099,SITE-006,2024-09-30T06:22:30Z,14,4838.82,online
TXN-000004421,CUST-00063,PROD-0115,SITE-013,2026-02-22T04:27:43Z,33,12968.01,retail
TXN-000004422,CUST-00308,PROD-0079,SITE-014,2025-11-19T08:30:23Z,35,2664.2,retail
TXN-000004423,CUST-00519,PROD-0063,SITE-014,2025-12-29T11:55:37Z,14,3752,retail
TXN-000004424,CUST-00260,PROD-0099,SITE-012,2024-09-09T22:42:16Z,20,1997.2,retail
TXN-000004425,CUST-00752,PROD-0020,SITE-001,2024-06-22T16:44:34Z,17,1576.07,distributor
TXN-000004426,CUST-00440,PROD-0046,SITE-009,2025-03-03T06:48:02Z,26,6865.04,field-sales
TXN-000004427,CUST-00427,PROD-0059,SITE-009,2025-09-28T00:34:40Z,20,5091.2,distributor
TXN-000004428,CUST-00395,PROD-0009,SITE-005,2025-02-03T15:34:44Z,4,547,distributor
TXN-000004429,CUST-00180,PROD-0031,SITE-009,2024-09-26T23:24:06Z,6,621.42,distributor
TXN-000004430,CUST-00154,PROD-0063,SITE-010,2025-10-27T01:15:42Z,35,8361.15,retail
TXN-000004431,CUST-00527,PROD-0087,SITE-004,2026-02-22T19:39:36Z,31,9017.9,retail
TXN-000004432,CUST-00460,PROD-0009,SITE-003,2025-11-03T04:42:49Z,5,1927.2,online
TXN-000004433,CUST-00576,PROD-0018,SITE-007,2025-10-08T23:49:42Z,39,2453.1,distributor
TXN-000004434,CUST-00091,PROD-0068,SITE-003,2026-01-24T20:29:20Z,2,211.44,field-sales
TXN-000004435,CUST-00606,PROD-0102,SITE-001,2025-01-02T03:21:05Z,22,6720.78,distributor
TXN-000004436,CUST-00469,PROD-0085,SITE-014,2026-01-20T11:04:02Z,24,3385.44,distributor
TXN-000004437,CUST-00451,PROD-0060,SITE-014,2024-12-31T05:15:03Z,22,4009.94,field-sales
TXN-000004438,CUST-00681,PROD-0031,SITE-015,2026-03-24T22:21:12Z,5,455.9,field-sales
TXN-000004439,CUST-00018,PROD-0107,SITE-003,2026-01-15T06:24:19Z,5,116.45,field-sales
TXN-000004440,CUST-00304,PROD-0029,SITE-003,2024-07-08T22:58:12Z,40,14146.8,field-sales
TXN-000004441,CUST-00189,PROD-0100,SITE-003,2026-07-24T06:20:12Z,33,10382.13,distributor
TXN-000004442,CUST-00688,PROD-0026,SITE-012,2026-01-22T00:00:17Z,32,12639.36,distributor
TXN-000004443,CUST-00666,PROD-0034,SITE-011,2026-08-26T12:24:02Z,10,3291.9,online
TXN-000004444,CUST-00351,PROD-0035,SITE-005,2025-02-26T03:06:50Z,3,602.55,distributor
TXN-000004445,CUST-00555,PROD-0087,SITE-007,2025-04-28T08:57:22Z,23,8874.09,retail
TXN-000004446,CUST-00188,PROD-0055,SITE-012,2025-08-01T21:11:53Z,15,766.8,field-sales
TXN-000004447,CUST-00446,PROD-0015,SITE-009,2025-11-04T07:14:58Z,13,1647.36,field-sales
TXN-000004448,CUST-00515,PROD-0022,SITE-001,2025-09-27T23:53:45Z,25,1485.25,distributor
TXN-000004449,CUST-00065,PROD-0056,SITE-004,2024-12-09T13:57:10Z,36,489.6,retail
TXN-000004450,CUST-00161,PROD-0096,SITE-008,2025-08-24T01:29:44Z,38,2085.82,retail
TXN-000004451,CUST-00192,PROD-0054,SITE-008,2024-04-15T00:16:52Z,17,6738.97,field-sales
TXN-000004452,CUST-00513,PROD-0008,SITE-008,2025-02-01T12:57:07Z,24,3112.56,online
TXN-000004453,CUST-00414,PROD-0034,SITE-006,2025-04-05T10:55:14Z,7,2632.07,field-sales
TXN-000004454,CUST-00313,PROD-0024,SITE-004,2026-02-06T03:09:19Z,2,694.36,retail
TXN-000004455,CUST-00724,PROD-0114,SITE-003,2025-09-26T11:59:48Z,10,1531.5,online
TXN-000004456,CUST-00232,PROD-0078,SITE-001,2025-01-17T01:08:46Z,29,11394.97,distributor
TXN-000004457,CUST-00503,PROD-0092,SITE-012,2026-03-11T11:03:40Z,36,11968.92,field-sales
TXN-000004458,CUST-00395,PROD-0007,SITE-004,2026-06-03T18:52:00Z,22,7826.72,online
TXN-000004459,CUST-00685,PROD-0024,SITE-007,2024-11-03T14:59:02Z,25,3914,online
TXN-000004460,CUST-00397,PROD-0079,SITE-005,2025-12-24T07:22:06Z,2,505.72,distributor
TXN-000004461,CUST-00609,PROD-0114,SITE-001,2026-08-02T11:17:54Z,37,8549.59,distributor
TXN-000004462,CUST-00384,PROD-0109,SITE-007,2026-03-20T09:18:42Z,33,11541.09,distributor
TXN-000004463,CUST-00394,PROD-0055,SITE-007,2026-01-28T12:37:59Z,31,6383.21,online
TXN-000004464,CUST-00028,PROD-0075,SITE-011,2025-08-02T13:50:06Z,34,5986.04,distributor
TXN-000004465,CUST-00172,PROD-0046,SITE-013,2025-07-08T07:23:35Z,18,2093.58,field-sales
TXN-000004466,CUST-00747,PROD-0112,SITE-005,2025-06-12T16:44:24Z,32,12113.92,online
TXN-000004467,CUST-00115,PROD-0003,SITE-010,2026-07-29T12:39:53Z,30,2236.2,retail
TXN-000004468,CUST-00058,PROD-0072,SITE-001,2025-08-01T08:07:53Z,23,4726.73,online
TXN-000004469,CUST-00544,PROD-0045,SITE-014,2026-06-27T15:43:03Z,6,1435.62,online
TXN-000004470,CUST-00306,PROD-0094,SITE-011,2025-05-03T12:19:33Z,14,4944.52,field-sales
TXN-000004471,CUST-00168,PROD-0061,SITE-001,2025-12-15T05:24:51Z,24,2889.12,field-sales
TXN-000004472,CUST-00208,PROD-0101,SITE-010,2025-03-03T03:59:38Z,21,2493.54,retail
TXN-000004473,CUST-00150,PROD-0039,SITE-009,2025-07-23T04:17:20Z,24,4805.76,retail
TXN-000004474,CUST-00441,PROD-0091,SITE-010,2026-02-12T13:20:23Z,28,6914.32,distributor
TXN-000004475,CUST-00091,PROD-0095,SITE-004,2026-02-04T04:07:44Z,28,9439.36,online
TXN-000004476,CUST-00590,PROD-0079,SITE-013,2026-08-04T09:28:41Z,8,1876,retail
TXN-000004477,CUST-00232,PROD-0018,SITE-001,2024-07-13T03:18:25Z,22,8116.46,field-sales
TXN-000004478,CUST-00755,PROD-0031,SITE-001,2025-01-03T00:31:36Z,9,2076.75,distributor
TXN-000004479,CUST-00351,PROD-0025,SITE-007,2025-06-24T04:59:10Z,33,11443.08,distributor
TXN-000004480,CUST-00226,PROD-0111,SITE-015,2025-05-11T08:45:16Z,25,9404.25,field-sales
TXN-000004481,CUST-00157,PROD-0078,SITE-013,2026-07-11T17:06:24Z,25,1507,online
TXN-000004482,CUST-00434,PROD-0111,SITE-014,2026-04-16T03:18:44Z,35,10931.9,retail
TXN-000004483,CUST-00005,PROD-0093,SITE-012,2025-02-17T23:53:28Z,5,401.15,online
TXN-000004484,CUST-00773,PROD-0032,SITE-008,2025-04-02T09:56:23Z,8,1450.88,online
TXN-000004485,CUST-00678,PROD-0054,SITE-011,2024-09-26T13:36:48Z,17,4035.29,field-sales
TXN-000004486,CUST-00601,PROD-0093,SITE-012,2024-08-25T13:55:39Z,15,4653.6,retail
TXN-000004487,CUST-00319,PROD-0089,SITE-007,2026-08-29T00:09:06Z,20,6213.8,field-sales
TXN-000004488,CUST-00300,PROD-0102,SITE-005,2026-07-22T20:26:34Z,1,381.28,field-sales
TXN-000004489,CUST-00424,PROD-0108,SITE-014,2026-08-20T01:24:40Z,2,691.6,online
TXN-000004490,CUST-00736,PROD-0091,SITE-014,2025-06-07T07:30:46Z,2,281.28,online
TXN-000004491,CUST-00269,PROD-0039,SITE-015,2024-12-30T15:36:16Z,31,2031.43,distributor
TXN-000004492,CUST-00697,PROD-0069,SITE-007,2024-09-21T20:58:35Z,34,11927.88,retail
TXN-000004493,CUST-00036,PROD-0039,SITE-014,2025-03-09T02:39:48Z,40,11976.8,field-sales
TXN-000004494,CUST-00513,PROD-0106,SITE-015,2025-05-19T23:50:30Z,16,841.28,retail
TXN-000004495,CUST-00493,PROD-0054,SITE-014,2026-04-09T20:19:32Z,28,955.92,distributor
TXN-000004496,CUST-00156,PROD-0017,SITE-009,2025-03-14T10:09:49Z,37,4410.03,retail
TXN-000004497,CUST-00754,PROD-0036,SITE-007,2025-01-06T02:51:04Z,26,7846.54,distributor
TXN-000004498,CUST-00276,PROD-0016,SITE-003,2026-08-13T03:48:35Z,7,2506.98,distributor
TXN-000004499,CUST-00430,PROD-0027,SITE-011,2026-05-02T17:41:40Z,28,8111.04,field-sales
TXN-000004500,CUST-00659,PROD-0021,SITE-001,2025-09-05T09:30:57Z,16,4665.44,distributor
TXN-000004501,CUST-00679,PROD-0086,SITE-011,2025-01-10T10:53:11Z,4,860.84,online
TXN-000004502,CUST-00628,PROD-0089,SITE-014,2026-01-11T09:18:22Z,6,1903.8,distributor
TXN-000004503,CUST-00241,PROD-0109,SITE-013,2026-06-19T12:00:08Z,25,313,retail
TXN-000004504,CUST-00332,PROD-0059,SITE-007,2025-10-24T21:03:47Z,26,661.96,retail
TXN-000004505,CUST-00557,PROD-0046,SITE-001,2026-03-31T12:29:14Z,8,537.6,online
TXN-000004506,CUST-00292,PROD-0103,SITE-007,2025-12-30T22:30:12Z,40,6872.4,distributor
TXN-000004507,CUST-00346,PROD-0120,SITE-003,2026-02-25T21:41:43Z,26,5192.72,field-sales
TXN-000004508,CUST-00714,PROD-0110,SITE-006,2025-07-10T20:26:15Z,4,1200.32,online
TXN-000004509,CUST-00588,PROD-0076,SITE-011,2026-07-24T06:12:55Z,5,1551.1,online
TXN-000004510,CUST-00696,PROD-0036,SITE-004,2024-07-13T10:10:19Z,10,3987.3,field-sales
TXN-000004511,CUST-00505,PROD-0074,SITE-008,2025-06-25T12:02:11Z,9,240.48,field-sales
TXN-000004512,CUST-00666,PROD-0008,SITE-007,2026-08-28T02:14:52Z,11,1589.94,online
TXN-000004513,CUST-00378,PROD-0097,SITE-011,2026-06-16T11:15:55Z,9,551.07,online
TXN-000004514,CUST-00018,PROD-0113,SITE-015,2026-06-26T10:55:02Z,3,577.53,distributor
TXN-000004515,CUST-00037,PROD-0005,SITE-015,2026-03-26T03:06:53Z,39,10595.13,distributor
TXN-000004516,CUST-00378,PROD-0094,SITE-007,2025-11-17T06:40:31Z,15,4546.05,retail
TXN-000004517,CUST-00427,PROD-0048,SITE-008,2025-02-28T10:21:17Z,9,2691.99,field-sales
TXN-000004518,CUST-00151,PROD-0024,SITE-014,2025-03-03T17:58:50Z,34,12047.9,field-sales
TXN-000004519,CUST-00741,PROD-0057,SITE-012,2024-08-22T18:49:50Z,3,764.82,retail
TXN-000004520,CUST-00009,PROD-0065,SITE-004,2024-06-20T00:52:15Z,40,6385.2,distributor
TXN-000004521,CUST-00475,PROD-0111,SITE-013,2025-04-07T06:03:15Z,21,2641.8,retail
TXN-000004522,CUST-00153,PROD-0088,SITE-002,2026-03-26T01:28:46Z,38,8644.24,distributor
TXN-000004523,CUST-00322,PROD-0110,SITE-001,2025-10-31T19:30:58Z,38,12437.78,field-sales
TXN-000004524,CUST-00713,PROD-0012,SITE-002,2024-11-17T03:44:43Z,35,8236.2,distributor
TXN-000004525,CUST-00738,PROD-0104,SITE-003,2024-09-20T08:21:39Z,20,4666.8,field-sales
TXN-000004526,CUST-00701,PROD-0109,SITE-005,2025-05-21T16:58:36Z,10,3603.5,retail
TXN-000004527,CUST-00728,PROD-0071,SITE-010,2026-02-21T05:06:00Z,9,3126.87,field-sales
TXN-000004528,CUST-00238,PROD-0024,SITE-007,2025-10-03T18:38:01Z,33,2611.62,distributor
TXN-000004529,CUST-00340,PROD-0109,SITE-010,2025-02-28T18:34:05Z,7,171.08,distributor
TXN-000004530,CUST-00093,PROD-0083,SITE-010,2026-08-17T02:38:37Z,1,380.29,retail
TXN-000004531,CUST-00102,PROD-0108,SITE-009,2026-01-01T10:53:19Z,12,2195.52,retail
TXN-000004532,CUST-00559,PROD-0034,SITE-004,2025-07-25T01:55:54Z,3,1172.07,online
TXN-000004533,CUST-00786,PROD-0055,SITE-012,2025-09-12T11:43:06Z,28,2432.64,field-sales
TXN-000004534,CUST-00552,PROD-0119,SITE-006,2025-12-31T06:22:09Z,12,4374.72,retail
TXN-000004535,CUST-00380,PROD-0065,SITE-004,2024-07-08T21:02:02Z,14,5194,field-sales
TXN-000004536,CUST-00113,PROD-0075,SITE-002,2025-02-20T19:25:47Z,8,1568.56,distributor
TXN-000004537,CUST-00300,PROD-0064,SITE-014,2024-06-16T07:28:57Z,19,5328.17,online
TXN-000004538,CUST-00229,PROD-0085,SITE-003,2025-09-24T14:28:59Z,10,115,distributor
TXN-000004539,CUST-00722,PROD-0079,SITE-014,2025-03-10T07:34:46Z,20,7204.4,online
TXN-000004540,CUST-00739,PROD-0107,SITE-007,2025-08-17T11:06:30Z,37,5488.58,distributor
TXN-000004541,CUST-00268,PROD-0116,SITE-006,2025-08-05T09:43:50Z,13,2148.64,distributor
TXN-000004542,CUST-00128,PROD-0116,SITE-001,2025-12-20T12:07:46Z,34,9459.14,retail
TXN-000004543,CUST-00720,PROD-0048,SITE-009,2026-05-06T16:39:27Z,33,7942.11,field-sales
TXN-000004544,CUST-00670,PROD-0099,SITE-012,2024-08-17T02:02:05Z,1,271.38,online
TXN-000004545,CUST-00798,PROD-0034,SITE-013,2025-09-19T21:27:56Z,22,2205.28,online
TXN-000004546,CUST-00266,PROD-0094,SITE-008,2025-07-01T11:47:38Z,34,6706.5,online
TXN-000004547,CUST-00009,PROD-0051,SITE-015,2025-01-04T17:52:51Z,7,1666.28,field-sales
TXN-000004548,CUST-00673,PROD-0013,SITE-015,2025-12-29T10:00:01Z,38,4600.66,distributor
TXN-000004549,CUST-00589,PROD-0101,SITE-009,2026-06-09T19:06:21Z,35,6007.4,online
TXN-000004550,CUST-00724,PROD-0090,SITE-001,2024-08-15T17:30:31Z,3,681.75,distributor
TXN-000004551,CUST-00552,PROD-0030,SITE-014,2024-11-14T12:04:20Z,27,4085.37,online
TXN-000004552,CUST-00547,PROD-0066,SITE-015,2025-01-23T21:31:53Z,12,96.12,distributor
TXN-000004553,CUST-00311,PROD-0049,SITE-003,2025-03-06T03:52:47Z,16,5582.08,retail
TXN-000004554,CUST-00588,PROD-0056,SITE-002,2025-05-24T06:50:10Z,36,2077.2,retail
TXN-000004555,CUST-00602,PROD-0020,SITE-015,2026-06-04T04:43:18Z,26,7974.98,field-sales
TXN-000004556,CUST-00760,PROD-0025,SITE-002,2026-06-21T06:38:48Z,21,506.31,online
TXN-000004557,CUST-00301,PROD-0011,SITE-013,2026-08-27T09:32:12Z,18,1651.68,distributor
TXN-000004558,CUST-00108,PROD-0084,SITE-007,2025-03-06T10:15:44Z,25,5238,field-sales
TXN-000004559,CUST-00635,PROD-0011,SITE-015,2026-03-30T09:38:18Z,20,4211.2,online
TXN-000004560,CUST-00062,PROD-0071,SITE-015,2025-01-07T01:38:02Z,23,8646.39,distributor
TXN-000004561,CUST-00378,PROD-0074,SITE-009,2025-03-11T14:47:16Z,20,7371,distributor
TXN-000004562,CUST-00169,PROD-0047,SITE-010,2025-05-28T10:28:34Z,24,4667.04,retail
TXN-000004563,CUST-00379,PROD-0093,SITE-008,2026-07-20T16:33:07Z,37,8619.15,retail
TXN-000004564,CUST-00083,PROD-0058,SITE-009,2025-06-30T12:59:04Z,5,704.75,distributor
TXN-000004565,CUST-00166,PROD-0002,SITE-007,2025-01-26T23:44:25Z,35,8348.9,field-sales
TXN-000004566,CUST-00671,PROD-0010,SITE-004,2024-11-23T14:20:09Z,30,11124.9,online
TXN-000004567,CUST-00017,PROD-0085,SITE-002,2026-03-29T13:43:57Z,37,754.06,retail
TXN-000004568,CUST-00152,PROD-0077,SITE-006,2025-01-17T07:01:01Z,29,3273.81,online
TXN-000004569,CUST-00559,PROD-0012,SITE-004,2026-07-08T21:16:29Z,16,5088.16,distributor
TXN-000004570,CUST-00323,PROD-0067,SITE-011,2025-01-22T15:17:23Z,24,4118.4,field-sales
TXN-000004571,CUST-00675,PROD-0033,SITE-009,2025-05-16T07:21:24Z,3,1027.41,distributor
TXN-000004572,CUST-00468,PROD-0049,SITE-009,2025-07-28T11:17:43Z,39,7675.59,distributor
TXN-000004573,CUST-00571,PROD-0090,SITE-012,2025-06-17T23:51:32Z,32,10328.64,retail
TXN-000004574,CUST-00800,PROD-0007,SITE-007,2025-12-12T00:29:25Z,25,6537.5,online
TXN-000004575,CUST-00155,PROD-0057,SITE-007,2026-06-03T03:35:21Z,1,352.7,field-sales
TXN-000004576,CUST-00091,PROD-0074,SITE-001,2024-11-07T01:10:41Z,20,7201.6,field-sales
TXN-000004577,CUST-00784,PROD-0034,SITE-003,2024-08-24T22:46:41Z,3,905.52,retail
TXN-000004578,CUST-00760,PROD-0024,SITE-015,2025-03-17T07:07:30Z,2,348.66,online
TXN-000004579,CUST-00115,PROD-0009,SITE-001,2026-02-16T08:04:41Z,2,796.58,retail
TXN-000004580,CUST-00102,PROD-0009,SITE-005,2025-10-28T00:21:40Z,5,421.4,online
TXN-000004581,CUST-00088,PROD-0010,SITE-005,2026-07-05T21:58:21Z,39,8441.55,online
TXN-000004582,CUST-00581,PROD-0040,SITE-012,2024-12-01T07:50:57Z,28,3784.76,distributor
TXN-000004583,CUST-00587,PROD-0020,SITE-011,2026-02-20T19:21:11Z,38,4552.02,online
TXN-000004584,CUST-00259,PROD-0057,SITE-010,2025-12-23T09:59:09Z,25,7420.25,retail
TXN-000004585,CUST-00309,PROD-0012,SITE-002,2025-03-16T15:15:59Z,27,1995.03,retail
TXN-000004586,CUST-00632,PROD-0086,SITE-005,2025-03-01T18:49:26Z,10,1936.4,online
TXN-000004587,CUST-00515,PROD-0070,SITE-011,2025-07-29T06:54:44Z,21,670.95,online
TXN-000004588,CUST-00209,PROD-0019,SITE-007,2025-04-06T13:30:00Z,1,287.82,field-sales
TXN-000004589,CUST-00272,PROD-0109,SITE-011,2025-10-31T07:43:44Z,31,5725.39,retail
TXN-000004590,CUST-00695,PROD-0021,SITE-005,2026-02-08T06:11:53Z,22,3115.42,field-sales
TXN-000004591,CUST-00431,PROD-0074,SITE-011,2025-12-14T11:57:36Z,1,110.58,online
TXN-000004592,CUST-00765,PROD-0077,SITE-011,2026-01-13T10:23:12Z,19,1860.1,field-sales
TXN-000004593,CUST-00404,PROD-0027,SITE-002,2026-08-22T16:13:08Z,13,1343.29,distributor
TXN-000004594,CUST-00540,PROD-0071,SITE-015,2025-09-27T23:28:38Z,39,12137.19,online
TXN-000004595,CUST-00244,PROD-0037,SITE-002,2025-01-31T19:46:20Z,34,9709.72,field-sales
TXN-000004596,CUST-00766,PROD-0014,SITE-012,2024-11-17T17:03:32Z,23,3580.64,online
TXN-000004597,CUST-00274,PROD-0057,SITE-015,2026-01-03T18:10:35Z,21,6932.94,distributor
TXN-000004598,CUST-00377,PROD-0057,SITE-004,2025-06-22T00:31:11Z,34,2669,distributor
TXN-000004599,CUST-00267,PROD-0090,SITE-003,2026-05-24T06:03:25Z,35,7969.5,online
TXN-000004600,CUST-00450,PROD-0024,SITE-004,2026-07-29T00:29:05Z,17,348.33,online
TXN-000004601,CUST-00614,PROD-0030,SITE-007,2026-06-24T05:43:11Z,39,5663.58,field-sales
TXN-000004602,CUST-00637,PROD-0014,SITE-007,2026-05-25T03:45:29Z,6,649.62,online
TXN-000004603,CUST-00388,PROD-0066,SITE-010,2025-03-25T20:46:26Z,8,2039.6,field-sales
TXN-000004604,CUST-00774,PROD-0097,SITE-005,2025-05-16T15:19:02Z,35,7382.2,distributor
TXN-000004605,CUST-00270,PROD-0087,SITE-002,2024-07-14T19:47:46Z,5,1674.35,online
TXN-000004606,CUST-00091,PROD-0113,SITE-008,2025-12-02T06:40:27Z,1,326.45,field-sales
TXN-000004607,CUST-00387,PROD-0090,SITE-007,2025-10-25T11:39:13Z,7,2789.29,online
TXN-000004608,CUST-00796,PROD-0064,SITE-005,2026-04-14T02:56:47Z,17,3708.89,field-sales
TXN-000004609,CUST-00751,PROD-0071,SITE-008,2024-09-24T12:16:58Z,9,2493.09,online
TXN-000004610,CUST-00627,PROD-0086,SITE-013,2024-11-23T14:13:57Z,6,110.76,field-sales
TXN-000004611,CUST-00318,PROD-0042,SITE-001,2025-09-27T06:51:23Z,1,385.82,distributor
TXN-000004612,CUST-00050,PROD-0052,SITE-013,2025-08-20T11:19:51Z,26,10125.18,field-sales
TXN-000004613,CUST-00501,PROD-0042,SITE-010,2024-09-26T09:20:29Z,31,6582.23,online
TXN-000004614,CUST-00562,PROD-0032,SITE-002,2026-02-20T12:39:17Z,17,6188.34,retail
TXN-000004615,CUST-00405,PROD-0009,SITE-005,2026-05-19T08:01:32Z,18,3682.98,retail
TXN-000004616,CUST-00565,PROD-0084,SITE-010,2025-05-02T20:45:45Z,32,2955.2,online
TXN-000004617,CUST-00247,PROD-0055,SITE-003,2025-12-17T12:35:38Z,24,6543.36,retail
TXN-000004618,CUST-00009,PROD-0023,SITE-003,2025-12-06T14:11:22Z,1,343.28,retail
TXN-000004619,CUST-00286,PROD-0027,SITE-014,2024-12-07T08:37:49Z,23,3559.02,retail
TXN-000004620,CUST-00635,PROD-0072,SITE-001,2025-09-28T20:30:04Z,8,980.24,distributor
TXN-000004621,CUST-00774,PROD-0112,SITE-008,2025-10-19T23:52:58Z,35,10596.6,online
TXN-000004622,CUST-00312,PROD-0005,SITE-011,2026-07-27T16:35:27Z,24,8815.68,online
TXN-000004623,CUST-00107,PROD-0074,SITE-009,2026-01-26T00:45:49Z,32,8600.96,online
TXN-000004624,CUST-00429,PROD-0098,SITE-002,2025-02-27T00:59:39Z,17,4250,distributor
TXN-000004625,CUST-00297,PROD-0044,SITE-008,2025-09-24T10:18:55Z,8,2620.8,retail
TXN-000004626,CUST-00712,PROD-0085,SITE-009,2026-03-31T11:46:54Z,37,9472.37,retail
TXN-000004627,CUST-00722,PROD-0112,SITE-007,2026-06-18T07:39:45Z,36,9343.8,retail
TXN-000004628,CUST-00157,PROD-0099,SITE-002,2026-08-16T13:13:57Z,19,5803.36,distributor
TXN-000004629,CUST-00632,PROD-0063,SITE-004,2026-01-29T10:58:36Z,3,460.17,distributor
TXN-000004630,CUST-00115,PROD-0037,SITE-001,2026-04-01T16:34:31Z,10,3780.8,field-sales
TXN-000004631,CUST-00426,PROD-0110,SITE-004,2024-04-05T23:13:20Z,15,753.75,distributor
TXN-000004632,CUST-00720,PROD-0031,SITE-010,2025-03-12T20:50:47Z,36,5622.12,distributor
TXN-000004633,CUST-00295,PROD-0076,SITE-012,2025-03-01T09:16:13Z,35,10633.35,distributor
TXN-000004634,CUST-00041,PROD-0088,SITE-009,2026-05-31T11:00:44Z,19,4626.31,distributor
TXN-000004635,CUST-00019,PROD-0008,SITE-013,2024-04-27T16:31:41Z,28,3965.64,distributor
TXN-000004636,CUST-00699,PROD-0120,SITE-003,2026-06-01T17:53:55Z,4,226.16,field-sales
TXN-000004637,CUST-00344,PROD-0032,SITE-007,2025-10-19T14:28:08Z,17,2234.48,distributor
TXN-000004638,CUST-00195,PROD-0019,SITE-014,2026-05-12T16:05:58Z,9,1466.46,retail
TXN-000004639,CUST-00306,PROD-0005,SITE-015,2026-07-09T15:58:21Z,34,11045.92,field-sales
TXN-000004640,CUST-00657,PROD-0117,SITE-010,2026-04-25T06:16:33Z,11,2184.49,retail
TXN-000004641,CUST-00486,PROD-0027,SITE-012,2024-12-21T16:19:17Z,21,4517.94,online
TXN-000004642,CUST-00758,PROD-0021,SITE-003,2024-11-10T01:11:20Z,2,109.26,field-sales
TXN-000004643,CUST-00309,PROD-0002,SITE-009,2025-12-28T12:23:08Z,9,1742.76,online
TXN-000004644,CUST-00473,PROD-0102,SITE-001,2026-07-12T11:39:00Z,6,1895.82,distributor
TXN-000004645,CUST-00640,PROD-0021,SITE-010,2024-08-14T14:57:28Z,36,442.08,field-sales
TXN-000004646,CUST-00706,PROD-0035,SITE-015,2024-04-06T19:18:32Z,28,6312.88,online
TXN-000004647,CUST-00209,PROD-0013,SITE-001,2025-05-02T20:11:23Z,7,2056.95,distributor
TXN-000004648,CUST-00519,PROD-0052,SITE-011,2025-05-21T03:17:49Z,18,4285.26,online
TXN-000004649,CUST-00374,PROD-0068,SITE-014,2026-03-09T09:30:03Z,9,3396.69,distributor
TXN-000004650,CUST-00608,PROD-0058,SITE-009,2025-10-20T21:46:38Z,33,10000.98,distributor
TXN-000004651,CUST-00565,PROD-0021,SITE-014,2026-03-25T03:25:33Z,25,7207.75,online
TXN-000004652,CUST-00086,PROD-0054,SITE-002,2025-07-09T06:23:54Z,37,13714.79,distributor
TXN-000004653,CUST-00509,PROD-0015,SITE-006,2024-07-19T15:40:09Z,3,1157.76,distributor
TXN-000004654,CUST-00800,PROD-0022,SITE-005,2024-10-04T18:15:29Z,37,634.18,distributor
TXN-000004655,CUST-00297,PROD-0101,SITE-014,2026-03-05T10:34:52Z,33,10196.34,field-sales
TXN-000004656,CUST-00250,PROD-0030,SITE-004,2025-10-15T11:41:52Z,22,2473.9,field-sales
TXN-000004657,CUST-00491,PROD-0118,SITE-015,2025-10-05T22:23:37Z,39,14978.34,online
TXN-000004658,CUST-00181,PROD-0053,SITE-001,2026-05-17T20:03:54Z,30,5514.3,field-sales
TXN-000004659,CUST-00404,PROD-0043,SITE-007,2024-10-05T16:24:33Z,40,1132.4,retail
TXN-000004660,CUST-00777,PROD-0007,SITE-001,2025-02-27T18:38:22Z,20,3043.4,retail
TXN-000004661,CUST-00212,PROD-0115,SITE-015,2026-07-07T21:28:23Z,32,3748.16,distributor
TXN-000004662,CUST-00382,PROD-0030,SITE-011,2024-07-15T23:05:52Z,33,9101.73,online
TXN-000004663,CUST-00331,PROD-0036,SITE-006,2024-10-10T09:00:29Z,14,643.3,distributor
TXN-000004664,CUST-00371,PROD-0089,SITE-013,2026-07-26T03:12:29Z,13,4818.32,distributor
TXN-000004665,CUST-00554,PROD-0055,SITE-001,2026-07-10T18:03:35Z,33,6436.65,retail
TXN-000004666,CUST-00619,PROD-0007,SITE-010,2025-08-18T22:22:32Z,5,1707.4,online
TXN-000004667,CUST-00326,PROD-0043,SITE-015,2025-12-06T19:34:47Z,5,654.9,field-sales
TXN-000004668,CUST-00612,PROD-0083,SITE-009,2026-06-10T23:35:49Z,20,6633.2,distributor
TXN-000004669,CUST-00007,PROD-0051,SITE-014,2025-09-19T01:17:41Z,6,460.62,retail
TXN-000004670,CUST-00316,PROD-0045,SITE-006,2025-05-13T20:41:30Z,14,4572.26,field-sales
TXN-000004671,CUST-00490,PROD-0039,SITE-005,2026-01-17T12:35:24Z,39,13330.98,retail
TXN-000004672,CUST-00131,PROD-0075,SITE-012,2026-07-09T11:16:55Z,26,553.02,distributor
TXN-000004673,CUST-00744,PROD-0069,SITE-013,2026-06-20T07:08:53Z,10,1731.1,retail
TXN-000004674,CUST-00162,PROD-0051,SITE-008,2026-04-15T00:56:14Z,6,785.16,field-sales
TXN-000004675,CUST-00708,PROD-0074,SITE-006,2026-03-23T17:38:02Z,24,1380.72,online
TXN-000004676,CUST-00308,PROD-0054,SITE-008,2026-07-02T02:00:29Z,24,714.24,retail
TXN-000004677,CUST-00753,PROD-0007,SITE-006,2025-12-25T13:41:15Z,11,3121.69,retail
TXN-000004678,CUST-00493,PROD-0085,SITE-015,2025-06-29T02:06:12Z,13,4546.49,online
TXN-000004679,CUST-00399,PROD-0026,SITE-004,2024-05-31T02:01:49Z,4,922.92,field-sales
TXN-000004680,CUST-00206,PROD-0067,SITE-005,2025-07-07T08:58:52Z,36,5793.84,online
TXN-000004681,CUST-00349,PROD-0036,SITE-004,2024-12-24T04:36:32Z,34,7339.92,distributor
TXN-000004682,CUST-00002,PROD-0028,SITE-012,2025-11-30T13:38:36Z,27,5211,field-sales
TXN-000004683,CUST-00750,PROD-0087,SITE-015,2025-11-02T12:37:53Z,15,5439,retail
TXN-000004684,CUST-00423,PROD-0117,SITE-006,2026-02-01T20:31:26Z,28,577.92,distributor
TXN-000004685,CUST-00531,PROD-0024,SITE-013,2024-12-20T19:28:49Z,10,1709.1,retail
TXN-000004686,CUST-00545,PROD-0081,SITE-003,2025-06-20T01:19:37Z,7,1137.78,distributor
TXN-000004687,CUST-00144,PROD-0078,SITE-007,2025-01-08T22:45:31Z,12,3851.76,retail
TXN-000004688,CUST-00460,PROD-0077,SITE-014,2026-01-12T12:01:16Z,3,1004.61,retail
TXN-000004689,CUST-00282,PROD-0008,SITE-010,2024-08-20T18:20:40Z,37,14187.65,distributor
TXN-000004690,CUST-00361,PROD-0095,SITE-006,2024-09-28T02:16:37Z,34,963.22,online
TXN-000004691,CUST-00685,PROD-0113,SITE-009,2024-07-28T22:58:36Z,34,4774.96,online
TXN-000004692,CUST-00221,PROD-0055,SITE-001,2025-12-11T09:50:22Z,14,1957.48,online
TXN-000004693,CUST-00189,PROD-0049,SITE-002,2025-05-12T19:51:25Z,6,1255.8,distributor
TXN-000004694,CUST-00720,PROD-0099,SITE-008,2025-04-28T23:20:03Z,3,152.97,distributor
TXN-000004695,CUST-00338,PROD-0031,SITE-011,2026-05-16T03:20:57Z,17,3011.21,field-sales
TXN-000004696,CUST-00006,PROD-0047,SITE-015,2025-09-04T11:47:35Z,13,4662.32,field-sales
TXN-000004697,CUST-00059,PROD-0019,SITE-007,2025-08-21T04:28:46Z,20,3281.2,retail
TXN-000004698,CUST-00095,PROD-0103,SITE-004,2026-05-30T15:47:40Z,24,8826,retail
TXN-000004699,CUST-00092,PROD-0085,SITE-015,2026-04-17T21:02:06Z,31,10712.67,distributor
TXN-000004700,CUST-00173,PROD-0119,SITE-013,2026-06-10T04:07:10Z,18,976.68,retail
TXN-000004701,CUST-00395,PROD-0072,SITE-012,2025-10-26T10:37:14Z,20,4333.6,online
TXN-000004702,CUST-00512,PROD-0028,SITE-008,2025-03-28T20:23:49Z,16,1687.36,field-sales
TXN-000004703,CUST-00222,PROD-0008,SITE-007,2026-01-09T06:41:41Z,9,2363.76,field-sales
TXN-000004704,CUST-00286,PROD-0120,SITE-006,2024-11-07T16:18:50Z,15,4542,retail
TXN-000004705,CUST-00298,PROD-0087,SITE-005,2025-08-30T13:32:58Z,25,3371,distributor
TXN-000004706,CUST-00738,PROD-0040,SITE-015,2025-01-03T12:46:01Z,23,4643.24,distributor
TXN-000004707,CUST-00414,PROD-0003,SITE-008,2025-09-13T18:29:24Z,8,1584.72,online
TXN-000004708,CUST-00518,PROD-0041,SITE-015,2026-02-10T16:45:55Z,18,3295.26,retail
TXN-000004709,CUST-00077,PROD-0017,SITE-007,2024-10-22T13:52:14Z,11,2109.58,online
TXN-000004710,CUST-00499,PROD-0069,SITE-013,2026-06-06T07:49:16Z,17,1044.48,online
TXN-000004711,CUST-00351,PROD-0052,SITE-005,2025-09-30T04:04:47Z,8,762.08,online
TXN-000004712,CUST-00783,PROD-0008,SITE-009,2025-10-01T01:14:21Z,18,4161.42,distributor
TXN-000004713,CUST-00489,PROD-0072,SITE-004,2026-01-01T05:52:41Z,30,5829.9,field-sales
TXN-000004714,CUST-00265,PROD-0102,SITE-014,2025-07-25T16:28:17Z,10,1306.9,field-sales
TXN-000004715,CUST-00712,PROD-0047,SITE-001,2026-04-20T05:11:31Z,9,1332.18,field-sales
TXN-000004716,CUST-00484,PROD-0049,SITE-012,2026-06-03T04:41:52Z,25,5248.75,online
TXN-000004717,CUST-00403,PROD-0015,SITE-001,2025-03-07T08:51:55Z,19,2583.43,field-sales
TXN-000004718,CUST-00066,PROD-0009,SITE-012,2024-12-29T04:30:28Z,26,6370,retail
TXN-000004719,CUST-00341,PROD-0069,SITE-015,2026-05-08T06:38:22Z,11,2401.41,online
TXN-000004720,CUST-00681,PROD-0104,SITE-002,2025-09-09T21:21:57Z,40,9704,distributor
TXN-000004721,CUST-00755,PROD-0026,SITE-013,2026-05-15T04:47:42Z,29,6726.55,retail
TXN-000004722,CUST-00372,PROD-0072,SITE-008,2025-03-06T08:11:25Z,23,8691.47,retail
TXN-000004723,CUST-00054,PROD-0061,SITE-007,2025-10-19T14:55:59Z,13,2793.18,distributor
TXN-000004724,CUST-00100,PROD-0021,SITE-004,2025-03-18T10:24:40Z,16,1842.88,online
TXN-000004725,CUST-00749,PROD-0110,SITE-012,2025-02-01T13:11:37Z,40,8853.2,field-sales
TXN-000004726,CUST-00350,PROD-0102,SITE-012,2024-08-13T17:02:27Z,19,3116.57,retail
TXN-000004727,CUST-00508,PROD-0080,SITE-007,2025-03-28T19:26:57Z,14,3473.4,retail
TXN-000004728,CUST-00009,PROD-0078,SITE-009,2026-01-21T14:27:46Z,8,2990.96,field-sales
TXN-000004729,CUST-00528,PROD-0026,SITE-003,2026-08-25T21:34:44Z,8,940.96,retail
TXN-000004730,CUST-00313,PROD-0100,SITE-011,2024-12-17T02:59:15Z,25,2194.25,field-sales
TXN-000004731,CUST-00648,PROD-0078,SITE-012,2025-01-23T11:45:42Z,36,4824.72,online
TXN-000004732,CUST-00525,PROD-0052,SITE-011,2025-11-10T22:37:36Z,31,11196.27,distributor
TXN-000004733,CUST-00144,PROD-0026,SITE-015,2024-04-15T05:36:21Z,40,504.4,retail
TXN-000004734,CUST-00378,PROD-0002,SITE-013,2025-01-29T11:04:16Z,12,541.32,field-sales
TXN-000004735,CUST-00713,PROD-0114,SITE-001,2025-07-31T04:59:53Z,24,3513.12,retail
TXN-000004736,CUST-00513,PROD-0014,SITE-007,2024-08-13T23:55:12Z,7,1848.35,retail
TXN-000004737,CUST-00529,PROD-0107,SITE-014,2025-11-22T15:26:08Z,29,9322.34,online
TXN-000004738,CUST-00495,PROD-0057,SITE-006,2025-11-29T21:35:00Z,37,5531.87,retail
TXN-000004739,CUST-00358,PROD-0036,SITE-003,2024-10-26T05:51:47Z,36,6759.72,retail
TXN-000004740,CUST-00678,PROD-0015,SITE-015,2026-08-25T20:55:46Z,4,656.68,retail
TXN-000004741,CUST-00628,PROD-0048,SITE-008,2024-07-13T16:02:23Z,23,820.87,online
TXN-000004742,CUST-00281,PROD-0012,SITE-011,2024-08-04T13:09:54Z,12,4627.2,retail
TXN-000004743,CUST-00500,PROD-0009,SITE-012,2026-07-25T17:44:25Z,9,1782.09,online
TXN-000004744,CUST-00316,PROD-0005,SITE-003,2025-08-23T06:52:51Z,3,1034.94,field-sales
TXN-000004745,CUST-00143,PROD-0051,SITE-003,2024-12-12T03:17:14Z,30,1598.7,online
TXN-000004746,CUST-00021,PROD-0095,SITE-008,2025-03-14T13:51:23Z,26,4759.82,distributor
TXN-000004747,CUST-00664,PROD-0007,SITE-014,2026-01-25T14:31:41Z,13,2894.32,online
TXN-000004748,CUST-00418,PROD-0029,SITE-010,2026-02-28T13:22:10Z,38,3923.88,retail
TXN-000004749,CUST-00046,PROD-0055,SITE-004,2024-09-21T19:41:12Z,37,8711.65,distributor
TXN-000004750,CUST-00072,PROD-0054,SITE-012,2024-11-18T08:45:52Z,15,4408.95,online
TXN-000004751,CUST-00436,PROD-0090,SITE-006,2025-06-05T17:44:06Z,38,14620.12,field-sales
TXN-000004752,CUST-00745,PROD-0074,SITE-008,2024-09-22T05:43:30Z,29,8461.33,field-sales
TXN-000004753,CUST-00758,PROD-0108,SITE-009,2026-02-14T14:34:24Z,13,4600.7,online
TXN-000004754,CUST-00476,PROD-0093,SITE-004,2024-09-12T11:56:08Z,22,2924.68,online
TXN-000004755,CUST-00732,PROD-0072,SITE-001,2025-03-29T01:37:05Z,20,296.2,online
TXN-000004756,CUST-00346,PROD-0054,SITE-008,2025-07-08T14:14:58Z,9,1952.01,distributor
TXN-000004757,CUST-00517,PROD-0113,SITE-007,2024-05-22T01:19:16Z,20,4745.8,field-sales
TXN-000004758,CUST-00338,PROD-0018,SITE-007,2025-03-07T05:23:54Z,6,1784.58,retail
TXN-000004759,CUST-00663,PROD-0098,SITE-003,2024-12-25T11:29:28Z,9,218.61,retail
TXN-000004760,CUST-00565,PROD-0053,SITE-003,2025-05-24T09:17:11Z,30,11614.8,online
TXN-000004761,CUST-00540,PROD-0106,SITE-011,2026-07-24T23:32:03Z,19,4632.39,retail
TXN-000004762,CUST-00596,PROD-0013,SITE-001,2024-10-05T11:15:26Z,3,1122.39,online
TXN-000004763,CUST-00143,PROD-0021,SITE-001,2025-10-02T16:30:12Z,33,7931.88,field-sales
TXN-000004764,CUST-00771,PROD-0062,SITE-002,2025-09-03T18:03:09Z,5,1084,retail
TXN-000004765,CUST-00326,PROD-0013,SITE-001,2025-11-04T15:53:19Z,6,2277.72,online
TXN-000004766,CUST-00530,PROD-0100,SITE-002,2024-11-22T13:59:38Z,30,1071.3,retail
TXN-000004767,CUST-00452,PROD-0001,SITE-013,2026-08-05T07:44:02Z,25,370.5,field-sales
TXN-000004768,CUST-00154,PROD-0104,SITE-003,2025-08-04T22:25:48Z,12,1258.44,retail
TXN-000004769,CUST-00635,PROD-0119,SITE-007,2026-08-07T13:31:19Z,4,1205.12,distributor
TXN-000004770,CUST-00615,PROD-0037,SITE-007,2024-11-03T06:22:12Z,19,5196.12,distributor
TXN-000004771,CUST-00026,PROD-0020,SITE-010,2025-07-16T05:39:14Z,4,1324.48,distributor
TXN-000004772,CUST-00793,PROD-0056,SITE-006,2025-12-06T04:16:00Z,4,914.72,field-sales
TXN-000004773,CUST-00729,PROD-0043,SITE-010,2025-09-16T10:19:39Z,14,4777.78,retail
TXN-000004774,CUST-00183,PROD-0007,SITE-014,2026-06-10T14:43:16Z,10,2248.2,retail
TXN-000004775,CUST-00044,PROD-0038,SITE-013,2025-09-15T17:17:34Z,39,11271,retail
TXN-000004776,CUST-00780,PROD-0118,SITE-005,2026-06-07T09:42:47Z,9,2792.7,distributor
TXN-000004777,CUST-00161,PROD-0032,SITE-001,2025-12-20T02:00:50Z,29,3178.4,field-sales
TXN-000004778,CUST-00093,PROD-0076,SITE-002,2025-12-24T11:17:56Z,11,4013.79,field-sales
TXN-000004779,CUST-00102,PROD-0105,SITE-010,2026-03-05T05:52:32Z,31,3155.8,field-sales
TXN-000004780,CUST-00732,PROD-0021,SITE-001,2025-05-30T12:56:22Z,10,1080.8,field-sales
TXN-000004781,CUST-00039,PROD-0004,SITE-014,2025-06-25T12:28:30Z,18,816.48,retail
TXN-000004782,CUST-00478,PROD-0068,SITE-001,2026-01-14T13:24:47Z,3,756.78,retail
TXN-000004783,CUST-00768,PROD-0095,SITE-003,2026-07-20T19:23:51Z,30,11438.1,distributor
TXN-000004784,CUST-00474,PROD-0111,SITE-003,2024-07-13T00:32:39Z,29,9354.82,online
TXN-000004785,CUST-00798,PROD-0056,SITE-003,2024-07-22T11:52:24Z,24,8934.96,online
TXN-000004786,CUST-00296,PROD-0006,SITE-015,2026-05-27T03:24:38Z,10,2825.5,retail
TXN-000004787,CUST-00381,PROD-0110,SITE-010,2026-08-08T04:03:38Z,32,764.16,distributor
TXN-000004788,CUST-00533,PROD-0031,SITE-010,2025-10-09T14:29:53Z,8,1958.16,distributor
TXN-000004789,CUST-00071,PROD-0080,SITE-006,2024-09-29T23:59:48Z,35,721.35,retail
TXN-000004790,CUST-00218,PROD-0103,SITE-011,2026-05-30T06:14:49Z,1,15.41,field-sales
TXN-000004791,CUST-00762,PROD-0025,SITE-008,2024-10-23T02:34:03Z,14,4954.88,online
TXN-000004792,CUST-00046,PROD-0118,SITE-001,2025-11-26T08:18:49Z,2,94.72,field-sales
TXN-000004793,CUST-00330,PROD-0072,SITE-007,2026-05-29T06:05:23Z,32,6527.36,online
TXN-000004794,CUST-00653,PROD-0093,SITE-008,2025-07-18T08:17:42Z,35,6398.7,field-sales
TXN-000004795,CUST-00657,PROD-0106,SITE-014,2024-12-18T18:06:56Z,10,443,online
TXN-000004796,CUST-00769,PROD-0010,SITE-015,2026-05-06T04:17:11Z,4,363.92,distributor
TXN-000004797,CUST-00468,PROD-0043,SITE-011,2025-03-25T16:36:04Z,32,8278.08,online
TXN-000004798,CUST-00321,PROD-0077,SITE-004,2025-03-21T17:48:15Z,24,5190.48,field-sales
TXN-000004799,CUST-00722,PROD-0023,SITE-007,2026-06-05T22:05:28Z,22,669.24,distributor
TXN-000004800,CUST-00012,PROD-0036,SITE-002,2025-09-09T15:40:02Z,31,4916.29,distributor
TXN-000004801,CUST-00315,PROD-0035,SITE-008,2025-10-25T07:37:42Z,12,1641.6,retail
TXN-000004802,CUST-00726,PROD-0030,SITE-010,2026-01-08T05:18:02Z,17,4650.01,online
TXN-000004803,CUST-00585,PROD-0079,SITE-002,2025-01-17T19:49:08Z,21,5594.4,distributor
TXN-000004804,CUST-00401,PROD-0075,SITE-015,2025-08-16T20:01:54Z,3,651.48,retail
TXN-000004805,CUST-00361,PROD-0113,SITE-008,2024-05-04T18:38:56Z,19,1622.03,retail
TXN-000004806,CUST-00244,PROD-0107,SITE-006,2026-04-13T03:13:42Z,28,4215.68,field-sales
TXN-000004807,CUST-00177,PROD-0003,SITE-015,2025-09-05T22:44:47Z,33,732.6,retail
TXN-000004808,CUST-00524,PROD-0077,SITE-003,2026-06-09T06:24:28Z,31,4633.88,field-sales
TXN-000004809,CUST-00750,PROD-0025,SITE-011,2024-10-20T16:55:16Z,10,1104.6,online
TXN-000004810,CUST-00497,PROD-0028,SITE-013,2025-05-10T15:32:59Z,30,10330.5,retail
TXN-000004811,CUST-00161,PROD-0074,SITE-011,2026-01-28T23:25:15Z,27,9082.26,retail
TXN-000004812,CUST-00387,PROD-0091,SITE-013,2026-03-12T23:03:46Z,20,4908,field-sales
TXN-000004813,CUST-00250,PROD-0063,SITE-003,2025-07-11T07:51:08Z,20,4412.6,field-sales
TXN-000004814,CUST-00055,PROD-0107,SITE-007,2026-06-23T12:01:14Z,10,3673.3,field-sales
TXN-000004815,CUST-00584,PROD-0082,SITE-011,2026-03-31T09:56:50Z,7,284.55,field-sales
TXN-000004816,CUST-00792,PROD-0019,SITE-014,2026-02-21T01:26:45Z,37,2692.12,field-sales
TXN-000004817,CUST-00002,PROD-0041,SITE-008,2025-04-11T20:09:59Z,34,2812.48,distributor
TXN-000004818,CUST-00656,PROD-0051,SITE-007,2026-04-14T11:11:50Z,31,3961.18,online
TXN-000004819,CUST-00230,PROD-0071,SITE-014,2026-05-16T11:58:11Z,19,2429.72,online
TXN-000004820,CUST-00723,PROD-0042,SITE-015,2024-04-11T02:03:43Z,30,8386.5,online
TXN-000004821,CUST-00156,PROD-0091,SITE-003,2024-04-18T21:34:35Z,38,3812.16,distributor
TXN-000004822,CUST-00300,PROD-0007,SITE-007,2024-09-28T08:29:37Z,24,9038.88,field-sales
TXN-000004823,CUST-00584,PROD-0039,SITE-014,2025-06-03T18:57:52Z,11,2753.85,distributor
TXN-000004824,CUST-00510,PROD-0019,SITE-008,2026-06-30T01:09:14Z,14,4902.94,online
TXN-000004825,CUST-00434,PROD-0058,SITE-008,2026-07-10T13:51:34Z,5,1278.3,online
TXN-000004826,CUST-00562,PROD-0050,SITE-002,2025-01-06T06:13:03Z,9,3083.85,retail
TXN-000004827,CUST-00729,PROD-0031,SITE-013,2026-08-07T08:49:14Z,20,4258.2,online
TXN-000004828,CUST-00188,PROD-0104,SITE-001,2025-11-30T10:40:00Z,36,779.76,retail
TXN-000004829,CUST-00634,PROD-0094,SITE-007,2026-03-24T05:27:30Z,13,2795.52,field-sales
TXN-000004830,CUST-00408,PROD-0039,SITE-014,2025-05-03T18:43:32Z,22,8340.64,retail
TXN-000004831,CUST-00087,PROD-0014,SITE-008,2026-05-10T14:44:45Z,4,121.96,field-sales
TXN-000004832,CUST-00090,PROD-0018,SITE-003,2026-05-02T06:07:20Z,2,141.46,online
TXN-000004833,CUST-00036,PROD-0073,SITE-015,2025-01-06T09:49:40Z,6,1564.98,retail
TXN-000004834,CUST-00704,PROD-0082,SITE-008,2025-12-15T05:05:53Z,26,4349.28,field-sales
TXN-000004835,CUST-00393,PROD-0038,SITE-010,2024-08-20T13:54:27Z,23,8731.03,field-sales
TXN-000004836,CUST-00024,PROD-0079,SITE-008,2026-01-30T05:52:08Z,29,1192.48,online
TXN-000004837,CUST-00354,PROD-0062,SITE-013,2024-12-10T21:35:26Z,12,2346.12,online
TXN-000004838,CUST-00076,PROD-0102,SITE-002,2025-07-17T14:25:17Z,40,6976.8,online
TXN-000004839,CUST-00229,PROD-0069,SITE-003,2026-01-11T16:53:37Z,1,43.98,online
TXN-000004840,CUST-00536,PROD-0080,SITE-015,2026-08-16T18:36:34Z,19,3541.98,online
TXN-000004841,CUST-00715,PROD-0085,SITE-003,2025-10-19T13:45:30Z,28,5304.6,online
TXN-000004842,CUST-00687,PROD-0027,SITE-008,2026-07-02T05:04:19Z,34,2316.08,field-sales
TXN-000004843,CUST-00318,PROD-0033,SITE-005,2026-08-02T16:10:00Z,14,2482.48,online
TXN-000004844,CUST-00668,PROD-0088,SITE-001,2025-09-19T18:23:06Z,33,1511.73,online
TXN-000004845,CUST-00354,PROD-0021,SITE-004,2026-02-08T23:10:17Z,11,210.65,retail
TXN-000004846,CUST-00545,PROD-0103,SITE-002,2024-05-30T04:07:43Z,36,5791.32,distributor
TXN-000004847,CUST-00714,PROD-0037,SITE-014,2024-05-10T05:18:28Z,20,3359.2,field-sales
TXN-000004848,CUST-00614,PROD-0118,SITE-010,2026-07-09T22:14:28Z,33,2376,field-sales
TXN-000004849,CUST-00346,PROD-0047,SITE-015,2024-08-24T14:46:37Z,10,969.9,distributor
TXN-000004850,CUST-00749,PROD-0104,SITE-015,2026-01-23T21:13:53Z,15,160.95,field-sales
TXN-000004851,CUST-00061,PROD-0103,SITE-013,2025-10-29T01:57:24Z,25,942.25,online
TXN-000004852,CUST-00531,PROD-0111,SITE-001,2026-01-12T20:42:49Z,7,2194.99,field-sales
TXN-000004853,CUST-00643,PROD-0006,SITE-004,2025-02-05T21:01:46Z,3,883.26,retail
TXN-000004854,CUST-00065,PROD-0091,SITE-013,2026-06-26T21:48:36Z,3,370.89,online
TXN-000004855,CUST-00504,PROD-0107,SITE-013,2024-11-01T07:33:11Z,26,6204.12,online
TXN-000004856,CUST-00137,PROD-0097,SITE-009,2025-02-11T17:31:11Z,6,747.42,distributor
TXN-000004857,CUST-00175,PROD-0034,SITE-001,2026-05-04T22:20:10Z,3,649.47,retail
TXN-000004858,CUST-00034,PROD-0066,SITE-012,2026-06-18T15:49:33Z,12,3907.8,distributor
TXN-000004859,CUST-00047,PROD-0030,SITE-010,2026-08-06T04:21:32Z,9,943.47,field-sales
TXN-000004860,CUST-00518,PROD-0099,SITE-005,2025-09-17T07:15:49Z,17,1689.8,field-sales
TXN-000004861,CUST-00481,PROD-0052,SITE-010,2026-08-06T04:50:19Z,10,1997.3,retail
TXN-000004862,CUST-00626,PROD-0099,SITE-006,2025-10-13T21:42:32Z,1,175.49,online
TXN-000004863,CUST-00437,PROD-0095,SITE-014,2026-07-20T05:49:12Z,33,8237.79,online
TXN-000004864,CUST-00232,PROD-0062,SITE-010,2025-04-23T21:26:53Z,35,1900.85,online
TXN-000004865,CUST-00588,PROD-0086,SITE-008,2025-05-06T19:36:11Z,35,7433.3,field-sales
TXN-000004866,CUST-00649,PROD-0117,SITE-015,2025-09-29T01:22:30Z,35,9368.45,online
TXN-000004867,CUST-00728,PROD-0028,SITE-001,2025-12-23T07:08:04Z,37,4949.49,field-sales
TXN-000004868,CUST-00700,PROD-0074,SITE-007,2025-09-26T19:46:54Z,31,1287.43,online
TXN-000004869,CUST-00643,PROD-0111,SITE-015,2026-06-16T14:54:59Z,40,14632.4,retail
TXN-000004870,CUST-00071,PROD-0006,SITE-001,2026-06-10T14:18:13Z,24,9483.6,retail
TXN-000004871,CUST-00022,PROD-0017,SITE-006,2026-02-04T10:42:13Z,35,9178.4,retail
TXN-000004872,CUST-00600,PROD-0013,SITE-002,2025-04-18T22:35:22Z,6,2319.6,field-sales
TXN-000004873,CUST-00140,PROD-0069,SITE-003,2026-05-19T06:57:22Z,8,3045.12,distributor
TXN-000004874,CUST-00710,PROD-0033,SITE-002,2026-07-24T19:58:47Z,18,5194.62,field-sales
TXN-000004875,CUST-00020,PROD-0110,SITE-011,2026-01-18T03:19:56Z,10,2217.3,field-sales
TXN-000004876,CUST-00387,PROD-0057,SITE-015,2026-07-09T11:42:53Z,12,4369.56,online
TXN-000004877,CUST-00135,PROD-0046,SITE-009,2025-04-05T23:24:15Z,17,514.76,online
TXN-000004878,CUST-00155,PROD-0117,SITE-005,2026-08-23T17:07:14Z,37,8686.86,online
TXN-000004879,CUST-00581,PROD-0013,SITE-009,2025-11-17T01:00:33Z,37,13269.68,online
TXN-000004880,CUST-00644,PROD-0022,SITE-003,2025-08-09T23:35:08Z,28,8610.28,online
TXN-000004881,CUST-00115,PROD-0100,SITE-004,2026-05-02T13:02:37Z,26,9160.84,field-sales
TXN-000004882,CUST-00250,PROD-0045,SITE-013,2024-06-28T20:40:52Z,8,2935.2,distributor
TXN-000004883,CUST-00577,PROD-0076,SITE-005,2026-02-28T12:06:32Z,26,2645.24,online
TXN-000004884,CUST-00494,PROD-0046,SITE-011,2026-04-17T08:26:24Z,4,583.2,field-sales
TXN-000004885,CUST-00290,PROD-0091,SITE-013,2025-06-11T16:34:45Z,23,9137.21,online
TXN-000004886,CUST-00303,PROD-0095,SITE-015,2024-12-04T22:11:24Z,37,5201.46,distributor
TXN-000004887,CUST-00313,PROD-0071,SITE-013,2025-08-13T11:38:12Z,39,542.88,field-sales
TXN-000004888,CUST-00633,PROD-0103,SITE-014,2025-10-23T05:35:51Z,22,838.64,retail
TXN-000004889,CUST-00757,PROD-0088,SITE-006,2024-05-10T04:42:46Z,27,9175.14,distributor
TXN-000004890,CUST-00420,PROD-0002,SITE-010,2025-07-09T14:42:21Z,13,3712.93,online
TXN-000004891,CUST-00679,PROD-0092,SITE-002,2026-07-16T13:30:43Z,34,9856.26,retail
TXN-000004892,CUST-00776,PROD-0092,SITE-015,2025-12-25T17:55:48Z,30,8056.8,retail
TXN-000004893,CUST-00027,PROD-0007,SITE-014,2025-10-03T21:13:57Z,3,640.92,distributor
TXN-000004894,CUST-00137,PROD-0070,SITE-013,2026-08-07T13:25:57Z,4,802.08,online
TXN-000004895,CUST-00304,PROD-0027,SITE-001,2026-01-09T09:57:27Z,12,2293.8,distributor
TXN-000004896,CUST-00034,PROD-0100,SITE-005,2025-12-25T12:36:33Z,20,6356.6,online
TXN-000004897,CUST-00760,PROD-0023,SITE-015,2025-05-21T20:23:51Z,15,1018.65,retail
TXN-000004898,CUST-00615,PROD-0029,SITE-006,2026-05-06T04:20:37Z,38,1513.92,field-sales
TXN-000004899,CUST-00337,PROD-0085,SITE-001,2025-03-11T18:44:39Z,2,595.18,online
TXN-000004900,CUST-00398,PROD-0073,SITE-004,2026-03-21T03:14:33Z,5,1102.65,distributor
TXN-000004901,CUST-00624,PROD-0036,SITE-014,2026-02-17T23:11:20Z,21,7369.53,distributor
TXN-000004902,CUST-00097,PROD-0023,SITE-007,2026-06-04T01:18:31Z,40,5034,distributor
TXN-000004903,CUST-00733,PROD-0103,SITE-007,2026-06-21T06:35:00Z,28,9422.56,online
TXN-000004904,CUST-00011,PROD-0102,SITE-013,2026-01-14T18:35:30Z,30,3811.2,retail
TXN-000004905,CUST-00541,PROD-0012,SITE-004,2026-03-23T10:37:38Z,34,11937.4,retail
TXN-000004906,CUST-00697,PROD-0118,SITE-008,2025-04-11T13:32:45Z,14,707.28,online
TXN-000004907,CUST-00675,PROD-0026,SITE-015,2025-12-13T22:22:10Z,6,310.02,online
TXN-000004908,CUST-00787,PROD-0051,SITE-004,2026-08-05T00:38:56Z,40,1403.6,retail
TXN-000004909,CUST-00382,PROD-0111,SITE-001,2025-06-11T15:40:01Z,14,2493.12,retail
TXN-000004910,CUST-00003,PROD-0086,SITE-001,2026-03-23T15:11:35Z,15,2681.7,online
TXN-000004911,CUST-00032,PROD-0017,SITE-015,2025-02-15T09:41:20Z,39,10132.2,online
TXN-000004912,CUST-00310,PROD-0056,SITE-013,2024-05-31T00:25:03Z,15,2948.7,online
TXN-000004913,CUST-00625,PROD-0104,SITE-013,2025-01-17T08:34:10Z,17,3981.06,field-sales
TXN-000004914,CUST-00216,PROD-0039,SITE-015,2025-09-02T10:15:41Z,27,2511.54,distributor
TXN-000004915,CUST-00044,PROD-0030,SITE-002,2024-12-29T09:27:06Z,38,4974.2,retail
TXN-000004916,CUST-00704,PROD-0035,SITE-001,2025-05-20T14:26:25Z,1,339.59,distributor
TXN-000004917,CUST-00174,PROD-0108,SITE-001,2025-01-20T15:04:37Z,29,4186.44,retail
TXN-000004918,CUST-00549,PROD-0036,SITE-002,2025-07-01T18:38:14Z,21,3982.23,distributor
TXN-000004919,CUST-00495,PROD-0053,SITE-003,2025-12-06T05:08:20Z,20,4256.8,online
TXN-000004920,CUST-00508,PROD-0044,SITE-006,2026-01-12T14:07:05Z,20,1202,distributor
TXN-000004921,CUST-00398,PROD-0107,SITE-002,2026-07-30T12:23:09Z,29,5643.11,retail
TXN-000004922,CUST-00362,PROD-0021,SITE-004,2024-06-04T04:40:45Z,39,14959.23,field-sales
TXN-000004923,CUST-00521,PROD-0006,SITE-015,2026-01-26T19:37:36Z,28,3318.84,distributor
TXN-000004924,CUST-00142,PROD-0064,SITE-012,2024-10-01T14:57:05Z,38,9127.22,field-sales
TXN-000004925,CUST-00582,PROD-0008,SITE-005,2026-08-01T04:31:35Z,8,3076.64,retail
TXN-000004926,CUST-00636,PROD-0080,SITE-014,2026-01-19T22:32:25Z,36,12327.48,distributor
TXN-000004927,CUST-00052,PROD-0047,SITE-014,2025-09-12T14:35:58Z,17,884.17,online
TXN-000004928,CUST-00631,PROD-0005,SITE-013,2025-01-10T15:02:08Z,10,2351.2,online
TXN-000004929,CUST-00339,PROD-0056,SITE-014,2026-07-10T22:56:29Z,3,549.03,distributor
TXN-000004930,CUST-00117,PROD-0068,SITE-010,2026-07-22T20:40:23Z,29,4157.15,distributor
TXN-000004931,CUST-00719,PROD-0027,SITE-003,2025-07-27T09:29:52Z,16,1038.24,distributor
TXN-000004932,CUST-00188,PROD-0116,SITE-008,2026-08-08T19:46:05Z,39,7277.4,field-sales
TXN-000004933,CUST-00572,PROD-0021,SITE-013,2025-04-14T01:41:53Z,32,5090.24,distributor
TXN-000004934,CUST-00507,PROD-0029,SITE-003,2025-05-10T05:38:22Z,11,2932.05,online
TXN-000004935,CUST-00756,PROD-0052,SITE-007,2026-01-02T12:09:38Z,39,4091.49,retail
TXN-000004936,CUST-00577,PROD-0049,SITE-008,2026-02-11T13:00:44Z,1,176.13,online
TXN-000004937,CUST-00639,PROD-0108,SITE-006,2025-10-04T00:10:10Z,24,8446.56,online
TXN-000004938,CUST-00401,PROD-0100,SITE-012,2026-07-11T22:01:14Z,13,2604.94,online
TXN-000004939,CUST-00212,PROD-0073,SITE-002,2025-05-11T16:41:00Z,24,9404.64,online
TXN-000004940,CUST-00569,PROD-0104,SITE-008,2026-02-01T11:51:16Z,35,10854.2,retail
TXN-000004941,CUST-00110,PROD-0095,SITE-001,2026-01-21T07:31:15Z,33,10441.2,distributor
TXN-000004942,CUST-00211,PROD-0034,SITE-007,2026-07-10T06:37:29Z,33,296.67,online
TXN-000004943,CUST-00020,PROD-0047,SITE-002,2026-05-20T09:23:42Z,5,1702.35,field-sales
TXN-000004944,CUST-00579,PROD-0118,SITE-014,2024-12-13T22:01:19Z,21,8279.25,field-sales
TXN-000004945,CUST-00090,PROD-0082,SITE-012,2025-06-04T06:53:38Z,24,1773.84,online
TXN-000004946,CUST-00035,PROD-0077,SITE-008,2025-06-15T09:03:12Z,2,202.22,retail
TXN-000004947,CUST-00572,PROD-0067,SITE-004,2025-02-20T10:43:43Z,13,242.58,online
TXN-000004948,CUST-00791,PROD-0088,SITE-010,2024-11-15T11:44:22Z,34,2978.06,retail
TXN-000004949,CUST-00432,PROD-0025,SITE-012,2024-09-12T00:05:02Z,35,13113.8,field-sales
TXN-000004950,CUST-00549,PROD-0041,SITE-011,2025-09-15T13:56:10Z,18,3392.82,retail
TXN-000004951,CUST-00165,PROD-0048,SITE-011,2025-07-17T15:13:51Z,9,683.73,retail
TXN-000004952,CUST-00692,PROD-0119,SITE-003,2025-10-14T12:57:54Z,9,390.78,field-sales
TXN-000004953,CUST-00492,PROD-0092,SITE-007,2024-09-16T22:11:42Z,35,4377.45,retail
TXN-000004954,CUST-00400,PROD-0001,SITE-012,2025-07-22T22:34:32Z,38,12481.1,online
TXN-000004955,CUST-00588,PROD-0113,SITE-007,2025-12-06T13:08:54Z,25,3339.75,distributor
TXN-000004956,CUST-00563,PROD-0011,SITE-005,2025-11-01T13:45:57Z,13,2997.28,online
TXN-000004957,CUST-00500,PROD-0087,SITE-011,2024-11-01T19:08:31Z,13,374.92,retail
TXN-000004958,CUST-00650,PROD-0077,SITE-015,2025-11-10T00:45:58Z,3,260.46,distributor
TXN-000004959,CUST-00384,PROD-0105,SITE-009,2026-03-09T19:16:38Z,18,494.28,field-sales
TXN-000004960,CUST-00326,PROD-0035,SITE-015,2025-02-13T04:20:33Z,22,3672.9,retail
TXN-000004961,CUST-00693,PROD-0052,SITE-012,2025-05-21T09:17:57Z,16,5520,online
TXN-000004962,CUST-00548,PROD-0099,SITE-013,2026-02-12T18:51:01Z,32,9368.32,distributor
TXN-000004963,CUST-00236,PROD-0095,SITE-007,2026-06-13T07:55:40Z,36,1677.24,retail
TXN-000004964,CUST-00212,PROD-0032,SITE-009,2026-05-03T12:10:19Z,12,153.24,online
TXN-000004965,CUST-00372,PROD-0009,SITE-004,2026-03-08T18:38:25Z,4,684.8,field-sales
TXN-000004966,CUST-00777,PROD-0054,SITE-010,2025-04-06T08:07:18Z,17,5675.28,retail
TXN-000004967,CUST-00269,PROD-0004,SITE-015,2026-07-16T05:03:40Z,38,6535.24,distributor
TXN-000004968,CUST-00700,PROD-0114,SITE-012,2025-12-18T05:09:13Z,19,6882.94,online
TXN-000004969,CUST-00438,PROD-0075,SITE-012,2025-12-27T06:03:46Z,25,769.75,distributor
TXN-000004970,CUST-00050,PROD-0018,SITE-009,2025-10-29T07:35:30Z,40,11742,distributor
TXN-000004971,CUST-00055,PROD-0067,SITE-012,2025-08-11T18:49:25Z,10,1630.2,online
TXN-000004972,CUST-00772,PROD-0051,SITE-015,2025-07-01T10:14:25Z,27,936.36,distributor
TXN-000004973,CUST-00682,PROD-0076,SITE-006,2026-04-10T21:10:27Z,22,1429.12,retail
TXN-000004974,CUST-00798,PROD-0035,SITE-010,2024-08-12T08:51:20Z,26,1715.74,field-sales
TXN-000004975,CUST-00334,PROD-0027,SITE-003,2024-05-07T01:26:26Z,21,6060.6,field-sales
TXN-000004976,CUST-00574,PROD-0003,SITE-007,2026-03-22T12:10:37Z,23,3507.96,field-sales
TXN-000004977,CUST-00649,PROD-0087,SITE-014,2025-07-20T09:37:32Z,32,3947.52,field-sales
TXN-000004978,CUST-00101,PROD-0017,SITE-013,2025-04-20T17:29:31Z,16,3497.12,distributor
TXN-000004979,CUST-00756,PROD-0027,SITE-008,2026-07-31T05:19:30Z,29,11064.08,retail
TXN-000004980,CUST-00446,PROD-0056,SITE-015,2026-03-26T14:20:23Z,26,8122.4,retail
TXN-000004981,CUST-00325,PROD-0003,SITE-004,2025-03-06T02:47:25Z,28,1597.4,online
TXN-000004982,CUST-00726,PROD-0042,SITE-004,2026-07-18T22:45:05Z,5,1700.2,retail
TXN-000004983,CUST-00239,PROD-0068,SITE-007,2025-05-05T19:57:27Z,38,11102.08,online
TXN-000004984,CUST-00772,PROD-0023,SITE-001,2026-03-20T03:34:10Z,33,3967.59,online
TXN-000004985,CUST-00391,PROD-0009,SITE-008,2026-07-06T20:38:00Z,6,1323.66,online
TXN-000004986,CUST-00749,PROD-0120,SITE-004,2025-05-31T10:14:39Z,4,79.36,field-sales
TXN-000004987,CUST-00103,PROD-0064,SITE-013,2025-09-28T08:01:45Z,11,971.3,distributor
TXN-000004988,CUST-00274,PROD-0011,SITE-006,2025-08-31T00:14:16Z,32,1757.76,retail
TXN-000004989,CUST-00619,PROD-0118,SITE-012,2025-04-17T20:27:04Z,24,7050,retail
TXN-000004990,CUST-00424,PROD-0107,SITE-012,2026-03-20T02:17:39Z,17,3786.41,distributor
TXN-000004991,CUST-00660,PROD-0076,SITE-015,2024-05-04T05:33:14Z,30,5893.5,retail
TXN-000004992,CUST-00112,PROD-0038,SITE-004,2026-04-28T04:45:25Z,19,4113.69,distributor
TXN-000004993,CUST-00435,PROD-0107,SITE-009,2024-11-05T22:22:51Z,21,4144.56,field-sales
TXN-000004994,CUST-00032,PROD-0030,SITE-003,2025-11-17T09:55:30Z,20,4233.6,online
TXN-000004995,CUST-00487,PROD-0070,SITE-007,2025-11-06T17:28:14Z,13,4159.35,online
TXN-000004996,CUST-00647,PROD-0059,SITE-004,2025-10-19T20:36:55Z,10,3482.7,distributor
TXN-000004997,CUST-00754,PROD-0009,SITE-002,2026-02-13T16:55:28Z,20,4664.2,online
TXN-000004998,CUST-00360,PROD-0081,SITE-005,2025-12-18T05:58:23Z,38,3263.06,online
TXN-000004999,CUST-00381,PROD-0039,SITE-007,2026-06-23T06:46:02Z,23,1060.3,distributor
TXN-000005000,CUST-00452,PROD-0089,SITE-003,2025-06-06T06:46:59Z,12,3478.2,field-sales
